image,rid,group,flags,w,h,format,file_offset
0,10213,0,0,17,23,0,0x12d648
1,10214,0,2,17,23,0,0x12d7dc
2,10215,0,0,17,23,0,0x12d970
3,10216,0,2,17,23,0,0x12db04
4,10217,0,0,17,23,0,0x12dc98
5,10218,0,2,17,23,0,0x12de2c
6,10219,0,0,17,23,0,0x12dfc0
7,10220,0,2,17,23,0,0x12e154
8,10221,0,0,17,23,0,0x12e2e8
9,10222,0,2,17,23,0,0x12e47c
10,10223,0,0,17,23,0,0x12e610
11,10224,0,2,17,23,0,0x12e7a4
12,10225,0,0,17,20,0,0x12e938
13,10226,0,2,17,20,0,0x12ea9c
14,10227,0,0,17,23,0,0x12ec00
15,10228,0,2,17,23,0,0x12ed94
16,10229,0,0,17,23,0,0x12ef28
17,10230,0,2,17,23,0,0x12f0bc
18,10231,0,0,17,23,0,0x12f250
19,10232,0,2,17,23,0,0x12f3e4
20,10233,0,0,17,23,0,0x12f578
21,10234,0,2,17,23,0,0x12f70c
22,10235,0,0,17,23,0,0x12f8a0
23,10236,0,2,17,23,0,0x12fa34
24,10237,0,0,17,23,0,0x12fbc8
25,10238,0,2,17,23,0,0x12fd5c
26,10239,0,0,17,23,0,0x12fef0
27,10240,0,2,17,23,0,0x130084
28,10241,0,0,17,23,0,0x130218
29,10242,0,2,17,23,0,0x1303ac
30,10243,0,0,17,23,0,0x130540
31,10244,0,2,17,23,0,0x1306d4
32,10245,0,0,17,23,0,0x130868
33,10246,0,2,17,23,0,0x1309fc
34,10247,0,0,17,23,0,0x130b90
35,10248,0,2,17,23,0,0x130d24
36,10249,0,0,17,23,0,0x130eb8
37,10250,0,2,17,23,0,0x13104c
38,10251,0,0,17,23,0,0x1311e0
39,10252,0,2,17,23,0,0x131374
40,10253,0,0,17,23,0,0x131508
41,10254,0,2,17,23,0,0x13169c
42,10255,0,0,17,23,0,0x131830
43,10256,0,2,17,23,0,0x1319c4
44,10257,0,0,17,23,0,0x131b58
45,10258,0,2,17,23,0,0x131cec
46,10259,0,0,17,23,0,0x131e80
47,10260,0,2,17,23,0,0x132014
48,10261,0,0,17,23,0,0x1321a8
49,10262,0,2,17,23,0,0x13233c
50,10263,0,0,17,23,0,0x1324d0
51,10264,0,2,17,23,0,0x132664
52,10265,0,0,17,23,0,0x1327f8
53,10266,0,2,17,23,0,0x13298c
54,10267,0,0,17,23,0,0x132b20
55,10268,0,2,17,23,0,0x132cb4
56,10269,0,0,17,23,0,0x132e48
57,10270,0,2,17,23,0,0x132fdc
58,10271,0,0,17,23,0,0x133170
59,10272,0,2,17,23,0,0x133304
60,10273,0,0,17,23,0,0x133498
61,10274,0,2,17,23,0,0x13362c
62,10275,0,0,17,23,0,0x1337c0
63,10276,0,2,17,23,0,0x133954
64,10277,0,0,17,23,0,0x133ae8
65,10278,0,2,17,23,0,0x133c7c
66,10279,0,0,17,23,0,0x133e10
67,10280,0,2,17,23,0,0x133fa4
68,10281,0,0,17,23,0,0x134138
69,10282,0,2,17,23,0,0x1342cc
70,10283,0,0,17,23,0,0x134460
71,10284,0,2,17,23,0,0x1345f4
72,10285,0,0,17,23,0,0x134788
73,10286,0,2,17,23,0,0x13491c
74,10287,0,0,17,23,0,0x134ab0
75,10288,0,2,17,23,0,0x134c44
76,10289,0,0,17,23,0,0x134dd8
77,10290,0,2,17,23,0,0x134f6c
78,10291,0,0,17,23,0,0x135100
79,10292,0,2,17,23,0,0x135294
80,10293,0,0,17,23,0,0x135428
81,10294,0,2,17,23,0,0x1355bc
82,10295,0,0,17,23,0,0x135750
83,10296,0,2,17,23,0,0x1358e4
84,10297,0,0,17,23,0,0x135a78
85,10298,0,2,17,23,0,0x135c0c
86,10299,0,0,17,23,0,0x135da0
87,10300,0,2,17,23,0,0x135f34
88,10301,0,0,17,23,0,0x1360c8
89,10302,0,2,17,23,0,0x13625c
90,10303,0,0,17,23,0,0x1363f0
91,10304,0,2,17,23,0,0x136584
92,10305,0,0,17,23,0,0x136718
93,10306,0,2,17,23,0,0x1368ac
94,10307,0,0,17,23,0,0x136a40
95,10308,0,2,17,23,0,0x136bd4
96,10309,0,0,17,23,0,0x136d68
97,10310,0,2,17,23,0,0x136efc
98,10311,0,0,17,23,0,0x137090
99,10312,0,2,17,23,0,0x137224
100,10313,0,0,17,23,0,0x1373b8
101,10314,0,2,17,23,0,0x13754c
102,10315,0,0,17,23,0,0x1376e0
103,10316,0,2,17,23,0,0x137874
104,10317,0,0,17,23,0,0x137a08
105,10318,0,2,17,23,0,0x137b9c
106,10319,0,0,17,23,0,0x137d30
107,10320,0,2,17,23,0,0x137ec4
108,10321,0,0,17,23,0,0x138058
109,10322,0,2,17,23,0,0x1381ec
110,10323,0,0,17,23,0,0x138380
111,10324,0,2,17,23,0,0x138514
112,10325,0,0,17,23,0,0x1386a8
113,10326,0,2,17,23,0,0x13883c
114,10327,0,0,17,23,0,0x1389d0
115,10328,0,2,17,23,0,0x138b64
116,10329,0,0,17,23,0,0x138cf8
117,10330,0,2,17,23,0,0x138e8c
118,10331,0,0,17,23,0,0x139020
119,10332,0,2,17,23,0,0x1391b4
120,10333,0,0,17,23,0,0x139348
121,10334,0,2,17,23,0,0x1394dc
122,10335,0,0,17,23,0,0x139670
123,10336,0,2,17,23,0,0x139804
124,10337,0,0,17,23,0,0x139998
125,10338,0,2,17,23,0,0x139b2c
126,10339,0,0,17,23,0,0x139cc0
127,10340,0,2,17,23,0,0x139e54
128,10341,0,0,17,23,0,0x139fe8
129,10342,0,2,17,23,0,0x13a17c
130,10343,0,0,17,23,0,0x13a310
131,10344,0,2,17,23,0,0x13a4a4
132,10345,0,0,17,23,0,0x13a638
133,10346,0,2,17,23,0,0x13a7cc
134,10347,0,0,17,23,0,0x13a960
135,10348,0,2,17,23,0,0x13aaf4
136,10349,0,0,17,23,0,0x13ac88
137,10350,0,2,17,23,0,0x13ae1c
138,10351,0,0,17,23,0,0x13afb0
139,10352,0,2,17,23,0,0x13b144
140,10353,0,0,17,23,0,0x13b2d8
141,10354,0,2,17,23,0,0x13b46c
142,10355,0,0,17,23,0,0x13b600
143,10356,0,2,17,23,0,0x13b794
144,10357,0,0,17,23,0,0x13b928
145,10358,0,2,17,23,0,0x13babc
146,10359,0,0,17,23,0,0x13bc50
147,10360,0,2,17,23,0,0x13bde4
148,10361,0,0,17,23,0,0x13bf78
149,10362,0,2,17,23,0,0x13c10c
150,10363,0,0,17,23,0,0x13c2a0
151,10364,0,2,17,23,0,0x13c434
152,10365,0,0,17,23,0,0x13c5c8
153,10366,0,2,17,23,0,0x13c75c
154,10367,0,0,17,23,0,0x13c8f0
155,10368,0,2,17,23,0,0x13ca84
156,10369,0,0,17,23,0,0x13cc18
157,10370,0,2,17,23,0,0x13cdac
158,10371,0,0,17,23,0,0x13cf40
159,10372,0,2,17,23,0,0x13d0d4
160,10373,0,0,17,23,0,0x13d268
161,10374,0,2,17,23,0,0x13d3fc
162,10375,0,0,17,23,0,0x13d590
163,10376,0,2,17,23,0,0x13d724
164,10377,0,0,52,1,0,0x13d8b8
165,10378,0,0,3,3,0,0x13d8fc
166,10379,0,0,3,3,0,0x13d914
167,10380,0,0,50,3,0,0x13d92c
168,10381,0,0,7,7,0,0x13d9d0
169,10382,0,2,3,3,0,0x13da10
170,10383,0,0,28,1,0,0x13da28
171,10384,0,0,3,3,0,0x13da54
172,10385,0,2,26,3,0,0x13da6c
173,10386,0,0,15,15,0,0x13dac8
174,10387,0,0,15,15,0,0x13dbb8
175,10388,0,0,17,32,0,0x13dca8
176,10389,0,2,111,8,0,0x13ded8
177,10390,18594,4,128,32,7,0x13e260
178,10391,18594,5,128,32,9,0x13e384
179,10392,18594,5,128,32,9,0x13e3d4
180,10393,18594,5,128,32,9,0x13e424
181,10394,18594,5,128,32,9,0x13e498
182,10395,18594,5,128,32,3,0x13e510
183,10396,18594,5,128,32,9,0x13e588
184,10397,18594,5,128,32,9,0x13e600
185,10398,18594,5,128,32,9,0x13e678
186,10399,18594,5,128,32,9,0x13e6ec
187,10400,18594,5,128,32,9,0x13e764
188,10401,18594,5,128,32,9,0x13e7d8
189,10402,18594,5,128,32,9,0x13e84c
190,10403,18594,5,128,32,9,0x13e8c0
191,10404,18594,5,128,32,9,0x13e934
192,10405,18594,5,128,32,9,0x13e99c
193,10406,18594,5,128,32,9,0x13ea04
194,10407,18594,5,128,32,9,0x13ea68
195,10408,18594,5,128,32,3,0x13eac0
196,10409,18594,5,128,32,9,0x13eb1c
197,10410,18594,1,128,32,9,0x13eb68
198,10411,18594,2,128,32,7,0x13ebb4
199,10412,0,2,4,5,0,0x13ef64
200,10413,0,2,7,5,0,0x13ef88
201,10414,0,2,14,5,0,0x13efb8
202,10415,0,2,8,5,0,0x13f00c
203,10416,0,2,5,1,0,0x13f044
204,10417,0,2,5,7,0,0x13f058
205,10418,0,2,12,7,0,0x13f088
206,10419,0,2,128,3,0,0x13f0ec
207,10420,0,2,128,9,0,0x13f27c
208,10421,786,0,128,32,7,0x13f70c
209,10422,786,2,128,32,7,0x13f914
210,10423,786,0,128,32,7,0x13fb1c
211,10424,786,2,128,32,7,0x13fe9c
212,10425,786,0,128,32,1,0x14021c
213,10426,786,2,128,32,1,0x140624
214,10427,0,0,7,5,0,0x140940
215,10428,0,0,5,5,0,0x140970
216,10429,0,0,5,5,0,0x140998
217,10430,0,2,5,5,0,0x1409c0
218,19213,0,0,2,1,0,0xbc5f3c
219,19214,0,0,1,5,0,0xbc5f4c
220,19215,0,0,3,2,0,0xbc5f60
221,19216,0,0,5,5,0,0xbc5f74
222,19217,0,0,3,5,0,0xbc5f9c
223,19218,0,0,4,5,0,0xbc5fb8
224,19219,0,0,1,2,0,0xbc5fdc
225,19220,0,0,2,5,0,0xbc5fec
226,19221,0,0,2,5,0,0xbc6004
227,19222,0,0,3,3,0,0xbc601c
228,19223,0,0,3,3,0,0xbc6034
229,19224,0,0,2,2,0,0xbc604c
230,19225,0,0,3,1,0,0xbc6060
231,19226,0,0,1,1,0,0xbc6070
232,19227,0,0,3,5,0,0xbc6080
233,19228,0,0,3,5,0,0xbc609c
234,19229,0,0,3,5,0,0xbc60b8
235,19230,0,0,3,5,0,0xbc60d4
236,19231,0,0,3,5,0,0xbc60f0
237,19232,0,0,3,5,0,0xbc610c
238,19233,0,0,3,5,0,0xbc6128
239,19234,0,0,3,5,0,0xbc6144
240,19235,0,0,3,5,0,0xbc6160
241,19236,0,0,3,5,0,0xbc617c
242,19237,0,0,3,5,0,0xbc6198
243,19238,0,0,1,3,0,0xbc61b4
244,19239,0,0,2,4,0,0xbc61c4
245,19240,0,0,3,5,0,0xbc61dc
246,19241,0,0,3,3,0,0xbc61f8
247,19242,0,0,3,5,0,0xbc6210
248,19243,0,0,3,5,0,0xbc622c
249,19244,0,0,3,5,0,0xbc6248
250,19245,0,0,3,5,0,0xbc6264
251,19246,0,0,3,5,0,0xbc6280
252,19247,0,0,3,5,0,0xbc629c
253,19248,0,0,3,5,0,0xbc62b8
254,19249,0,0,3,5,0,0xbc62d4
255,19250,0,0,3,5,0,0xbc62f0
256,19251,0,0,3,5,0,0xbc630c
257,19252,0,0,3,5,0,0xbc6328
258,19253,0,0,3,5,0,0xbc6344
259,19254,0,0,3,5,0,0xbc6360
260,19255,0,0,3,5,0,0xbc637c
261,19256,0,0,3,5,0,0xbc6398
262,19257,0,0,5,5,0,0xbc63b4
263,19258,0,0,4,5,0,0xbc63dc
264,19259,0,0,3,5,0,0xbc6400
265,19260,0,0,3,5,0,0xbc641c
266,19261,0,0,3,5,0,0xbc6438
267,19262,0,0,3,5,0,0xbc6454
268,19263,0,0,3,5,0,0xbc6470
269,19264,0,0,3,5,0,0xbc648c
270,19265,0,0,3,5,0,0xbc64a8
271,19266,0,0,3,5,0,0xbc64c4
272,19267,0,0,5,5,0,0xbc64e0
273,19268,0,0,3,5,0,0xbc6508
274,19269,0,0,3,5,0,0xbc6524
275,19270,0,0,3,5,0,0xbc6540
276,19271,0,2,3,1,0,0xbc655c
277,19272,0,0,4,1,0,0xbc674c
278,19273,0,0,3,7,0,0xbc6760
279,19274,0,0,5,4,0,0xbc6784
280,19275,0,0,7,7,0,0xbc67a8
281,19276,0,0,5,9,0,0xbc67e8
282,19277,0,0,5,7,0,0xbc6824
283,19278,0,0,6,7,0,0xbc6854
284,19279,0,0,3,4,0,0xbc688c
285,19280,0,0,4,7,0,0xbc68a8
286,19281,0,0,4,7,0,0xbc68d4
287,19282,0,0,5,5,0,0xbc6900
288,19283,0,0,5,5,0,0xbc6928
289,19284,0,0,4,4,0,0xbc6950
290,19285,0,0,5,3,0,0xbc6970
291,19286,0,0,3,3,0,0xbc698c
292,19287,0,0,5,7,0,0xbc69a4
293,19288,0,0,5,7,0,0xbc69d4
294,19289,0,0,5,7,0,0xbc6a04
295,19290,0,0,5,7,0,0xbc6a34
296,19291,0,0,5,7,0,0xbc6a64
297,19292,0,0,5,7,0,0xbc6a94
298,19293,0,0,5,7,0,0xbc6ac4
299,19294,0,0,5,7,0,0xbc6af4
300,19295,0,0,5,7,0,0xbc6b24
301,19296,0,0,5,7,0,0xbc6b54
302,19297,0,0,5,7,0,0xbc6b84
303,19298,0,0,3,5,0,0xbc6bb4
304,19299,0,0,4,6,0,0xbc6bd0
305,19300,0,0,5,7,0,0xbc6bf8
306,19301,0,0,5,5,0,0xbc6c28
307,19302,0,0,5,7,0,0xbc6c50
308,19303,0,0,5,7,0,0xbc6c80
309,19304,0,0,5,7,0,0xbc6cb0
310,19305,0,0,5,7,0,0xbc6ce0
311,19306,0,0,5,7,0,0xbc6d10
312,19307,0,0,5,7,0,0xbc6d40
313,19308,0,0,5,7,0,0xbc6d70
314,19309,0,0,5,7,0,0xbc6da0
315,19310,0,0,5,7,0,0xbc6dd0
316,19311,0,0,5,7,0,0xbc6e00
317,19312,0,0,5,7,0,0xbc6e30
318,19313,0,0,5,7,0,0xbc6e60
319,19314,0,0,5,7,0,0xbc6e90
320,19315,0,0,5,7,0,0xbc6ec0
321,19316,0,0,5,7,0,0xbc6ef0
322,19317,0,0,7,7,0,0xbc6f20
323,19318,0,0,6,7,0,0xbc6f60
324,19319,0,0,5,7,0,0xbc6f98
325,19320,0,0,5,7,0,0xbc6fc8
326,19321,0,0,5,7,0,0xbc6ff8
327,19322,0,0,5,7,0,0xbc7028
328,19323,0,0,5,7,0,0xbc7058
329,19324,0,0,5,7,0,0xbc7088
330,19325,0,0,5,7,0,0xbc70b8
331,19326,0,0,5,7,0,0xbc70e8
332,19327,0,0,7,7,0,0xbc7118
333,19328,0,0,5,7,0,0xbc7158
334,19329,0,0,5,7,0,0xbc7188
335,19330,0,0,5,7,0,0xbc71b8
336,19331,0,2,5,3,0,0xbc71e8
337,19332,0,0,2,1,0,0xbc73ec
338,19333,0,0,1,5,0,0xbc73fc
339,19334,0,0,3,2,0,0xbc7410
340,19335,0,0,5,5,0,0xbc7424
341,19336,0,0,5,7,0,0xbc744c
342,19337,0,0,5,5,0,0xbc747c
343,19338,0,0,4,5,0,0xbc74a4
344,19339,0,0,1,2,0,0xbc74c8
345,19340,0,0,2,5,0,0xbc74d8
346,19341,0,0,2,5,0,0xbc74f0
347,19342,0,0,4,5,0,0xbc7508
348,19343,0,0,3,3,0,0xbc752c
349,19344,0,0,2,2,0,0xbc7544
350,19345,0,0,3,1,0,0xbc7558
351,19346,0,0,1,1,0,0xbc7568
352,19347,0,0,5,5,0,0xbc7578
353,19348,0,0,4,5,0,0xbc75a0
354,19349,0,0,4,5,0,0xbc75c4
355,19350,0,0,4,5,0,0xbc75e8
356,19351,0,0,4,5,0,0xbc760c
357,19352,0,0,4,5,0,0xbc7630
358,19353,0,0,4,5,0,0xbc7654
359,19354,0,0,4,5,0,0xbc7678
360,19355,0,0,4,5,0,0xbc769c
361,19356,0,0,4,5,0,0xbc76c0
362,19357,0,0,4,5,0,0xbc76e4
363,19358,0,0,1,3,0,0xbc7708
364,19359,0,0,2,4,0,0xbc7718
365,19360,0,0,3,5,0,0xbc7730
366,19361,0,0,3,3,0,0xbc774c
367,19362,0,0,3,5,0,0xbc7764
368,19363,0,0,4,5,0,0xbc7780
369,19364,0,0,4,5,0,0xbc77a4
370,19365,0,0,4,5,0,0xbc77c8
371,19366,0,0,4,5,0,0xbc77ec
372,19367,0,0,4,5,0,0xbc7810
373,19368,0,0,4,5,0,0xbc7834
374,19369,0,0,4,5,0,0xbc7858
375,19370,0,0,4,5,0,0xbc787c
376,19371,0,0,4,5,0,0xbc78a0
377,19372,0,0,4,5,0,0xbc78c4
378,19373,0,0,3,5,0,0xbc78e8
379,19374,0,0,4,5,0,0xbc7904
380,19375,0,0,4,5,0,0xbc7928
381,19376,0,0,4,5,0,0xbc794c
382,19377,0,0,5,5,0,0xbc7970
383,19378,0,0,4,5,0,0xbc7998
384,19379,0,0,4,5,0,0xbc79bc
385,19380,0,0,4,5,0,0xbc79e0
386,19381,0,0,4,5,0,0xbc7a04
387,19382,0,0,4,5,0,0xbc7a28
388,19383,0,0,4,5,0,0xbc7a4c
389,19384,0,0,3,5,0,0xbc7a70
390,19385,0,0,4,5,0,0xbc7a8c
391,19386,0,0,5,5,0,0xbc7ab0
392,19387,0,0,5,5,0,0xbc7ad8
393,19388,0,0,5,5,0,0xbc7b00
394,19389,0,0,5,5,0,0xbc7b28
395,19390,0,0,3,5,0,0xbc7b50
396,19391,0,2,4,1,0,0xbc7b6c
397,19392,0,0,4,1,0,0xbc7d68
398,19393,0,0,3,7,0,0xbc7d7c
399,19394,0,0,5,4,0,0xbc7da0
400,19395,0,0,7,7,0,0xbc7dc4
401,19396,0,0,7,9,0,0xbc7e04
402,19397,0,0,7,7,0,0xbc7e50
403,19398,0,0,6,7,0,0xbc7e90
404,19399,0,0,3,4,0,0xbc7ec8
405,19400,0,0,4,7,0,0xbc7ee4
406,19401,0,0,4,7,0,0xbc7f10
407,19402,0,0,6,7,0,0xbc7f3c
408,19403,0,0,5,5,0,0xbc7f74
409,19404,0,0,4,4,0,0xbc7f9c
410,19405,0,0,5,3,0,0xbc7fbc
411,19406,0,0,3,3,0,0xbc7fd8
412,19407,0,0,7,7,0,0xbc7ff0
413,19408,0,0,6,7,0,0xbc8030
414,19409,0,0,6,7,0,0xbc8068
415,19410,0,0,6,7,0,0xbc80a0
416,19411,0,0,6,7,0,0xbc80d8
417,19412,0,0,6,7,0,0xbc8110
418,19413,0,0,6,7,0,0xbc8148
419,19414,0,0,6,7,0,0xbc8180
420,19415,0,0,6,7,0,0xbc81b8
421,19416,0,0,6,7,0,0xbc81f0
422,19417,0,0,6,7,0,0xbc8228
423,19418,0,0,3,5,0,0xbc8260
424,19419,0,0,4,6,0,0xbc827c
425,19420,0,0,5,7,0,0xbc82a4
426,19421,0,0,5,5,0,0xbc82d4
427,19422,0,0,5,7,0,0xbc82fc
428,19423,0,0,6,7,0,0xbc832c
429,19424,0,0,6,7,0,0xbc8364
430,19425,0,0,6,7,0,0xbc839c
431,19426,0,0,6,7,0,0xbc83d4
432,19427,0,0,6,7,0,0xbc840c
433,19428,0,0,6,7,0,0xbc8444
434,19429,0,0,6,7,0,0xbc847c
435,19430,0,0,6,7,0,0xbc84b4
436,19431,0,0,6,7,0,0xbc84ec
437,19432,0,0,6,7,0,0xbc8524
438,19433,0,0,5,7,0,0xbc855c
439,19434,0,0,6,7,0,0xbc858c
440,19435,0,0,6,7,0,0xbc85c4
441,19436,0,0,6,7,0,0xbc85fc
442,19437,0,0,7,7,0,0xbc8634
443,19438,0,0,6,7,0,0xbc8674
444,19439,0,0,6,7,0,0xbc86ac
445,19440,0,0,6,7,0,0xbc86e4
446,19441,0,0,6,7,0,0xbc871c
447,19442,0,0,6,7,0,0xbc8754
448,19443,0,0,6,7,0,0xbc878c
449,19444,0,0,5,7,0,0xbc87c4
450,19445,0,0,6,7,0,0xbc87f4
451,19446,0,0,7,7,0,0xbc882c
452,19447,0,0,7,7,0,0xbc886c
453,19448,0,0,7,7,0,0xbc88ac
454,19449,0,0,7,7,0,0xbc88ec
455,19450,0,0,5,7,0,0xbc892c
456,19451,0,2,6,3,0,0xbc895c
457,19452,0,0,3,1,0,0xbc8b64
458,19453,0,0,2,5,0,0xbc8b74
459,19454,0,0,5,3,0,0xbc8b8c
460,19455,0,0,5,5,0,0xbc8ba8
461,19456,0,0,5,5,0,0xbc8bd0
462,19457,0,0,5,5,0,0xbc8bf8
463,19458,0,0,4,5,0,0xbc8c20
464,19459,0,0,2,3,0,0xbc8c44
465,19460,0,0,3,5,0,0xbc8c58
466,19461,0,0,3,5,0,0xbc8c74
467,19462,0,0,5,5,0,0xbc8c90
468,19463,0,0,5,5,0,0xbc8cb8
469,19464,0,0,2,3,0,0xbc8ce0
470,19465,0,0,5,1,0,0xbc8cf4
471,19466,0,0,2,2,0,0xbc8d08
472,19467,0,0,4,5,0,0xbc8d1c
473,19468,0,0,5,5,0,0xbc8d40
474,19469,0,0,5,5,0,0xbc8d68
475,19470,0,0,5,5,0,0xbc8d90
476,19471,0,0,5,5,0,0xbc8db8
477,19472,0,0,5,5,0,0xbc8de0
478,19473,0,0,5,5,0,0xbc8e08
479,19474,0,0,5,5,0,0xbc8e30
480,19475,0,0,5,5,0,0xbc8e58
481,19476,0,0,5,5,0,0xbc8e80
482,19477,0,0,5,5,0,0xbc8ea8
483,19478,0,0,2,5,0,0xbc8ed0
484,19479,0,0,2,5,0,0xbc8ee8
485,19480,0,0,4,5,0,0xbc8f00
486,19481,0,0,4,3,0,0xbc8f24
487,19482,0,0,4,5,0,0xbc8f40
488,19483,0,0,5,5,0,0xbc8f64
489,19484,0,0,5,5,0,0xbc8f8c
490,19485,0,0,5,5,0,0xbc8fb4
491,19486,0,0,5,5,0,0xbc8fdc
492,19487,0,0,5,5,0,0xbc9004
493,19488,0,0,5,5,0,0xbc902c
494,19489,0,0,5,5,0,0xbc9054
495,19490,0,0,5,5,0,0xbc907c
496,19491,0,0,5,5,0,0xbc90a4
497,19492,0,0,5,5,0,0xbc90cc
498,19493,0,0,2,5,0,0xbc90f4
499,19494,0,0,5,5,0,0xbc910c
500,19495,0,0,5,5,0,0xbc9134
501,19496,0,0,5,5,0,0xbc915c
502,19497,0,0,6,5,0,0xbc9184
503,19498,0,0,5,5,0,0xbc91b0
504,19499,0,0,5,5,0,0xbc91d8
505,19500,0,0,5,5,0,0xbc9200
506,19501,0,0,6,5,0,0xbc9228
507,19502,0,0,5,5,0,0xbc9254
508,19503,0,0,5,5,0,0xbc927c
509,19504,0,0,6,5,0,0xbc92a4
510,19505,0,0,5,5,0,0xbc92d0
511,19506,0,0,5,5,0,0xbc92f8
512,19507,0,0,6,5,0,0xbc9320
513,19508,0,0,5,5,0,0xbc934c
514,19509,0,0,5,5,0,0xbc9374
515,19510,0,2,5,5,0,0xbc939c
516,19511,0,0,5,1,0,0xbc95a0
517,19512,0,0,4,7,0,0xbc95b4
518,19513,0,0,7,5,0,0xbc95e0
519,19514,0,0,7,7,0,0xbc9610
520,19515,0,0,7,7,0,0xbc9650
521,19516,0,0,7,7,0,0xbc9690
522,19517,0,0,6,7,0,0xbc96d0
523,19518,0,0,4,5,0,0xbc9708
524,19519,0,0,5,7,0,0xbc972c
525,19520,0,0,5,7,0,0xbc975c
526,19521,0,0,7,7,0,0xbc978c
527,19522,0,0,7,7,0,0xbc97cc
528,19523,0,0,4,5,0,0xbc980c
529,19524,0,0,7,3,0,0xbc9830
530,19525,0,0,4,4,0,0xbc9854
531,19526,0,0,6,7,0,0xbc9874
532,19527,0,0,7,7,0,0xbc98ac
533,19528,0,0,7,7,0,0xbc98ec
534,19529,0,0,7,7,0,0xbc992c
535,19530,0,0,7,7,0,0xbc996c
536,19531,0,0,7,7,0,0xbc99ac
537,19532,0,0,7,7,0,0xbc99ec
538,19533,0,0,7,7,0,0xbc9a2c
539,19534,0,0,7,7,0,0xbc9a6c
540,19535,0,0,7,7,0,0xbc9aac
541,19536,0,0,7,7,0,0xbc9aec
542,19537,0,0,4,7,0,0xbc9b2c
543,19538,0,0,4,7,0,0xbc9b58
544,19539,0,0,6,7,0,0xbc9b84
545,19540,0,0,6,5,0,0xbc9bbc
546,19541,0,0,6,7,0,0xbc9be8
547,19542,0,0,7,7,0,0xbc9c20
548,19543,0,0,7,7,0,0xbc9c60
549,19544,0,0,7,7,0,0xbc9ca0
550,19545,0,0,7,7,0,0xbc9ce0
551,19546,0,0,7,7,0,0xbc9d20
552,19547,0,0,7,7,0,0xbc9d60
553,19548,0,0,7,7,0,0xbc9da0
554,19549,0,0,7,7,0,0xbc9de0
555,19550,0,0,7,7,0,0xbc9e20
556,19551,0,0,7,7,0,0xbc9e60
557,19552,0,0,4,7,0,0xbc9ea0
558,19553,0,0,7,7,0,0xbc9ecc
559,19554,0,0,7,7,0,0xbc9f0c
560,19555,0,0,7,7,0,0xbc9f4c
561,19556,0,0,8,7,0,0xbc9f8c
562,19557,0,0,7,7,0,0xbc9fd4
563,19558,0,0,7,7,0,0xbca014
564,19559,0,0,7,7,0,0xbca054
565,19560,0,0,8,7,0,0xbca094
566,19561,0,0,7,7,0,0xbca0dc
567,19562,0,0,7,7,0,0xbca11c
568,19563,0,0,8,7,0,0xbca15c
569,19564,0,0,7,7,0,0xbca1a4
570,19565,0,0,7,7,0,0xbca1e4
571,19566,0,0,8,7,0,0xbca224
572,19567,0,0,7,7,0,0xbca26c
573,19568,0,0,7,7,0,0xbca2ac
574,19569,0,2,7,7,0,0xbca2ec
575,19570,0,0,2,1,0,0xbca508
576,19571,0,0,1,7,0,0xbca518
577,19572,0,0,3,2,0,0xbca52c
578,19573,0,0,5,7,0,0xbca540
579,19574,0,0,3,7,0,0xbca570
580,19575,0,0,3,7,0,0xbca594
581,19576,0,0,4,7,0,0xbca5b8
582,19577,0,0,1,2,0,0xbca5e4
583,19578,0,0,2,7,0,0xbca5f4
584,19579,0,0,2,7,0,0xbca610
585,19580,0,0,3,3,0,0xbca62c
586,19581,0,0,3,3,0,0xbca644
587,19582,0,0,2,3,0,0xbca65c
588,19583,0,0,3,1,0,0xbca670
589,19584,0,0,1,1,0,0xbca680
590,19585,0,0,3,7,0,0xbca690
591,19586,0,0,3,7,0,0xbca6b4
592,19587,0,0,3,7,0,0xbca6d8
593,19588,0,0,3,7,0,0xbca6fc
594,19589,0,0,3,7,0,0xbca720
595,19590,0,0,3,7,0,0xbca744
596,19591,0,0,3,7,0,0xbca768
597,19592,0,0,3,7,0,0xbca78c
598,19593,0,0,3,7,0,0xbca7b0
599,19594,0,0,3,7,0,0xbca7d4
600,19595,0,0,3,7,0,0xbca7f8
601,19596,0,0,1,3,0,0xbca81c
602,19597,0,0,2,5,0,0xbca82c
603,19598,0,0,3,5,0,0xbca844
604,19599,0,0,3,3,0,0xbca860
605,19600,0,0,3,5,0,0xbca878
606,19601,0,0,3,7,0,0xbca894
607,19602,0,0,3,7,0,0xbca8b8
608,19603,0,0,3,7,0,0xbca8dc
609,19604,0,0,3,7,0,0xbca900
610,19605,0,0,3,7,0,0xbca924
611,19606,0,0,3,7,0,0xbca948
612,19607,0,0,3,7,0,0xbca96c
613,19608,0,0,3,7,0,0xbca990
614,19609,0,0,3,7,0,0xbca9b4
615,19610,0,0,3,7,0,0xbca9d8
616,19611,0,0,3,7,0,0xbca9fc
617,19612,0,0,3,7,0,0xbcaa20
618,19613,0,0,3,7,0,0xbcaa44
619,19614,0,0,3,7,0,0xbcaa68
620,19615,0,0,5,7,0,0xbcaa8c
621,19616,0,0,4,7,0,0xbcaabc
622,19617,0,0,3,7,0,0xbcaae8
623,19618,0,0,3,7,0,0xbcab0c
624,19619,0,0,3,7,0,0xbcab30
625,19620,0,0,3,7,0,0xbcab54
626,19621,0,0,3,7,0,0xbcab78
627,19622,0,0,3,7,0,0xbcab9c
628,19623,0,0,3,7,0,0xbcabc0
629,19624,0,0,3,7,0,0xbcabe4
630,19625,0,0,5,7,0,0xbcac08
631,19626,0,0,3,7,0,0xbcac38
632,19627,0,0,3,7,0,0xbcac5c
633,19628,0,2,3,7,0,0xbcac80
634,19629,0,0,4,1,0,0xbcae80
635,19630,0,0,3,9,0,0xbcae94
636,19631,0,0,5,4,0,0xbcaebc
637,19632,0,0,7,9,0,0xbcaee0
638,19633,0,0,5,9,0,0xbcaf2c
639,19634,0,0,5,9,0,0xbcaf68
640,19635,0,0,6,9,0,0xbcafa4
641,19636,0,0,3,4,0,0xbcafe8
642,19637,0,0,4,9,0,0xbcb004
643,19638,0,0,4,9,0,0xbcb038
644,19639,0,0,5,5,0,0xbcb06c
645,19640,0,0,5,5,0,0xbcb094
646,19641,0,0,4,5,0,0xbcb0bc
647,19642,0,0,5,3,0,0xbcb0e0
648,19643,0,0,3,3,0,0xbcb0fc
649,19644,0,0,5,9,0,0xbcb114
650,19645,0,0,5,9,0,0xbcb150
651,19646,0,0,5,9,0,0xbcb18c
652,19647,0,0,5,9,0,0xbcb1c8
653,19648,0,0,5,9,0,0xbcb204
654,19649,0,0,5,9,0,0xbcb240
655,19650,0,0,5,9,0,0xbcb27c
656,19651,0,0,5,9,0,0xbcb2b8
657,19652,0,0,5,9,0,0xbcb2f4
658,19653,0,0,5,9,0,0xbcb330
659,19654,0,0,5,9,0,0xbcb36c
660,19655,0,0,3,5,0,0xbcb3a8
661,19656,0,0,4,7,0,0xbcb3c4
662,19657,0,0,5,7,0,0xbcb3f0
663,19658,0,0,5,5,0,0xbcb420
664,19659,0,0,5,7,0,0xbcb448
665,19660,0,0,5,9,0,0xbcb478
666,19661,0,0,5,9,0,0xbcb4b4
667,19662,0,0,5,9,0,0xbcb4f0
668,19663,0,0,5,9,0,0xbcb52c
669,19664,0,0,5,9,0,0xbcb568
670,19665,0,0,5,9,0,0xbcb5a4
671,19666,0,0,5,9,0,0xbcb5e0
672,19667,0,0,5,9,0,0xbcb61c
673,19668,0,0,5,9,0,0xbcb658
674,19669,0,0,5,9,0,0xbcb694
675,19670,0,0,5,9,0,0xbcb6d0
676,19671,0,0,5,9,0,0xbcb70c
677,19672,0,0,5,9,0,0xbcb748
678,19673,0,0,5,9,0,0xbcb784
679,19674,0,0,7,9,0,0xbcb7c0
680,19675,0,0,6,9,0,0xbcb80c
681,19676,0,0,5,9,0,0xbcb850
682,19677,0,0,5,9,0,0xbcb88c
683,19678,0,0,5,9,0,0xbcb8c8
684,19679,0,0,5,9,0,0xbcb904
685,19680,0,0,5,9,0,0xbcb940
686,19681,0,0,5,9,0,0xbcb97c
687,19682,0,0,5,9,0,0xbcb9b8
688,19683,0,0,5,9,0,0xbcb9f4
689,19684,0,0,7,9,0,0xbcba30
690,19685,0,0,5,9,0,0xbcba7c
691,19686,0,0,5,9,0,0xbcbab8
692,19687,0,2,5,9,0,0xbcbaf4
693,19688,0,0,2,1,0,0xbcbd0c
694,19689,0,0,1,7,0,0xbcbd1c
695,19690,0,0,3,2,0,0xbcbd30
696,19691,0,0,5,7,0,0xbcbd44
697,19692,0,0,5,7,0,0xbcbd74
698,19693,0,0,5,7,0,0xbcbda4
699,19694,0,0,5,7,0,0xbcbdd4
700,19695,0,0,1,2,0,0xbcbe04
701,19696,0,0,3,7,0,0xbcbe14
702,19697,0,0,3,7,0,0xbcbe38
703,19698,0,0,5,5,0,0xbcbe5c
704,19699,0,0,5,5,0,0xbcbe84
705,19700,0,0,2,3,0,0xbcbeac
706,19701,0,0,3,1,0,0xbcbec0
707,19702,0,0,1,1,0,0xbcbed0
708,19703,0,0,3,7,0,0xbcbee0
709,19704,0,0,5,7,0,0xbcbf04
710,19705,0,0,5,7,0,0xbcbf34
711,19706,0,0,5,7,0,0xbcbf64
712,19707,0,0,5,7,0,0xbcbf94
713,19708,0,0,5,7,0,0xbcbfc4
714,19709,0,0,5,7,0,0xbcbff4
715,19710,0,0,5,7,0,0xbcc024
716,19711,0,0,5,7,0,0xbcc054
717,19712,0,0,5,7,0,0xbcc084
718,19713,0,0,5,7,0,0xbcc0b4
719,19714,0,0,1,3,0,0xbcc0e4
720,19715,0,0,2,5,0,0xbcc0f4
721,19716,0,0,4,7,0,0xbcc10c
722,19717,0,0,3,3,0,0xbcc138
723,19718,0,0,4,7,0,0xbcc150
724,19719,0,0,5,7,0,0xbcc17c
725,19720,0,0,5,7,0,0xbcc1ac
726,19721,0,0,5,7,0,0xbcc1dc
727,19722,0,0,5,7,0,0xbcc20c
728,19723,0,0,5,7,0,0xbcc23c
729,19724,0,0,5,7,0,0xbcc26c
730,19725,0,0,5,7,0,0xbcc29c
731,19726,0,0,5,7,0,0xbcc2cc
732,19727,0,0,5,7,0,0xbcc2fc
733,19728,0,0,5,7,0,0xbcc32c
734,19729,0,0,5,7,0,0xbcc35c
735,19730,0,0,5,7,0,0xbcc38c
736,19731,0,0,5,7,0,0xbcc3bc
737,19732,0,0,5,7,0,0xbcc3ec
738,19733,0,0,5,7,0,0xbcc41c
739,19734,0,0,5,7,0,0xbcc44c
740,19735,0,0,5,7,0,0xbcc47c
741,19736,0,0,5,7,0,0xbcc4ac
742,19737,0,0,5,7,0,0xbcc4dc
743,19738,0,0,5,7,0,0xbcc50c
744,19739,0,0,5,7,0,0xbcc53c
745,19740,0,0,5,7,0,0xbcc56c
746,19741,0,0,5,7,0,0xbcc59c
747,19742,0,0,5,7,0,0xbcc5cc
748,19743,0,0,5,7,0,0xbcc5fc
749,19744,0,0,5,7,0,0xbcc62c
750,19745,0,0,5,7,0,0xbcc65c
751,19746,0,2,5,7,0,0xbcc68c
752,19747,0,0,4,1,0,0xbcc898
753,19748,0,0,3,9,0,0xbcc8ac
754,19749,0,0,5,4,0,0xbcc8d4
755,19750,0,0,7,9,0,0xbcc8f8
756,19751,0,0,7,9,0,0xbcc944
757,19752,0,0,7,9,0,0xbcc990
758,19753,0,0,7,9,0,0xbcc9dc
759,19754,0,0,3,4,0,0xbcca28
760,19755,0,0,5,9,0,0xbcca44
761,19756,0,0,5,9,0,0xbcca80
762,19757,0,0,7,7,0,0xbccabc
763,19758,0,0,7,7,0,0xbccafc
764,19759,0,0,4,5,0,0xbccb3c
765,19760,0,0,5,3,0,0xbccb60
766,19761,0,0,3,3,0,0xbccb7c
767,19762,0,0,5,9,0,0xbccb94
768,19763,0,0,7,9,0,0xbccbd0
769,19764,0,0,7,9,0,0xbccc1c
770,19765,0,0,7,9,0,0xbccc68
771,19766,0,0,7,9,0,0xbcccb4
772,19767,0,0,7,9,0,0xbccd00
773,19768,0,0,7,9,0,0xbccd4c
774,19769,0,0,7,9,0,0xbccd98
775,19770,0,0,7,9,0,0xbccde4
776,19771,0,0,7,9,0,0xbcce30
777,19772,0,0,7,9,0,0xbcce7c
778,19773,0,0,3,5,0,0xbccec8
779,19774,0,0,4,7,0,0xbccee4
780,19775,0,0,6,9,0,0xbccf10
781,19776,0,0,5,5,0,0xbccf54
782,19777,0,0,6,9,0,0xbccf7c
783,19778,0,0,7,9,0,0xbccfc0
784,19779,0,0,7,9,0,0xbcd00c
785,19780,0,0,7,9,0,0xbcd058
786,19781,0,0,7,9,0,0xbcd0a4
787,19782,0,0,7,9,0,0xbcd0f0
788,19783,0,0,7,9,0,0xbcd13c
789,19784,0,0,7,9,0,0xbcd188
790,19785,0,0,7,9,0,0xbcd1d4
791,19786,0,0,7,9,0,0xbcd220
792,19787,0,0,7,9,0,0xbcd26c
793,19788,0,0,7,9,0,0xbcd2b8
794,19789,0,0,7,9,0,0xbcd304
795,19790,0,0,7,9,0,0xbcd350
796,19791,0,0,7,9,0,0xbcd39c
797,19792,0,0,7,9,0,0xbcd3e8
798,19793,0,0,7,9,0,0xbcd434
799,19794,0,0,7,9,0,0xbcd480
800,19795,0,0,7,9,0,0xbcd4cc
801,19796,0,0,7,9,0,0xbcd518
802,19797,0,0,7,9,0,0xbcd564
803,19798,0,0,7,9,0,0xbcd5b0
804,19799,0,0,7,9,0,0xbcd5fc
805,19800,0,0,7,9,0,0xbcd648
806,19801,0,0,7,9,0,0xbcd694
807,19802,0,0,7,9,0,0xbcd6e0
808,19803,0,0,7,9,0,0xbcd72c
809,19804,0,0,7,9,0,0xbcd778
810,19805,0,2,7,9,0,0xbcd7c4
811,19806,0,0,3,1,0,0xbcd9ec
812,19807,0,0,2,8,0,0xbcd9fc
813,19808,0,0,5,3,0,0xbcda1c
814,19809,0,0,5,6,0,0xbcda38
815,19810,0,0,5,8,0,0xbcda64
816,19811,0,0,5,8,0,0xbcda9c
817,19812,0,0,4,8,0,0xbcdad4
818,19813,0,0,2,3,0,0xbcdb04
819,19814,0,0,4,8,0,0xbcdb18
820,19815,0,0,4,8,0,0xbcdb48
821,19816,0,0,5,5,0,0xbcdb78
822,19817,0,0,6,6,0,0xbcdba0
823,19818,0,0,2,3,0,0xbcdbd4
824,19819,0,0,5,2,0,0xbcdbe8
825,19820,0,0,1,1,0,0xbcdc00
826,19821,0,0,5,8,0,0xbcdc10
827,19822,0,0,5,8,0,0xbcdc48
828,19823,0,0,5,8,0,0xbcdc80
829,19824,0,0,5,8,0,0xbcdcb8
830,19825,0,0,5,8,0,0xbcdcf0
831,19826,0,0,5,8,0,0xbcdd28
832,19827,0,0,5,8,0,0xbcdd60
833,19828,0,0,5,8,0,0xbcdd98
834,19829,0,0,5,8,0,0xbcddd0
835,19830,0,0,5,8,0,0xbcde08
836,19831,0,0,5,8,0,0xbcde40
837,19832,0,0,1,4,0,0xbcde78
838,19833,0,0,2,5,0,0xbcde8c
839,19834,0,0,5,8,0,0xbcdea4
840,19835,0,0,5,4,0,0xbcdedc
841,19836,0,0,5,8,0,0xbcdf00
842,19837,0,0,5,8,0,0xbcdf38
843,19838,0,0,5,8,0,0xbcdf70
844,19839,0,0,5,8,0,0xbcdfa8
845,19840,0,0,5,8,0,0xbcdfe0
846,19841,0,0,5,8,0,0xbce018
847,19842,0,0,5,8,0,0xbce050
848,19843,0,0,5,8,0,0xbce088
849,19844,0,0,5,8,0,0xbce0c0
850,19845,0,0,6,8,0,0xbce0f8
851,19846,0,0,5,8,0,0xbce138
852,19847,0,0,4,8,0,0xbce170
853,19848,0,0,5,8,0,0xbce1a0
854,19849,0,0,5,8,0,0xbce1d8
855,19850,0,0,5,8,0,0xbce210
856,19851,0,0,7,8,0,0xbce248
857,19852,0,0,6,8,0,0xbce290
858,19853,0,0,5,8,0,0xbce2d0
859,19854,0,0,5,8,0,0xbce308
860,19855,0,0,5,8,0,0xbce340
861,19856,0,0,5,8,0,0xbce378
862,19857,0,0,5,8,0,0xbce3b0
863,19858,0,0,4,8,0,0xbce3e8
864,19859,0,0,5,8,0,0xbce418
865,19860,0,0,6,8,0,0xbce450
866,19861,0,0,7,8,0,0xbce490
867,19862,0,0,6,8,0,0xbce4d8
868,19863,0,0,6,8,0,0xbce518
869,19864,0,2,5,8,0,0xbce558
870,19865,0,0,5,10,0,0xbce76c
871,19866,0,0,4,10,0,0xbce7ac
872,19867,0,0,7,5,0,0xbce7e4
873,19868,0,0,7,8,0,0xbce814
874,19869,0,0,7,10,0,0xbce85c
875,19870,0,0,7,10,0,0xbce8b0
876,19871,0,0,6,10,0,0xbce904
877,19872,0,0,4,5,0,0xbce950
878,19873,0,0,6,10,0,0xbce974
879,19874,0,0,6,10,0,0xbce9c0
880,19875,0,0,7,7,0,0xbcea0c
881,19876,0,0,8,8,0,0xbcea4c
882,19877,0,0,4,5,0,0xbcea9c
883,19878,0,0,7,4,0,0xbceac0
884,19879,0,0,3,3,0,0xbceaec
885,19880,0,0,7,10,0,0xbceb04
886,19881,0,0,7,10,0,0xbceb58
887,19882,0,0,7,10,0,0xbcebac
888,19883,0,0,7,10,0,0xbcec00
889,19884,0,0,7,10,0,0xbcec54
890,19885,0,0,7,10,0,0xbceca8
891,19886,0,0,7,10,0,0xbcecfc
892,19887,0,0,7,10,0,0xbced50
893,19888,0,0,7,10,0,0xbceda4
894,19889,0,0,7,10,0,0xbcedf8
895,19890,0,0,7,10,0,0xbcee4c
896,19891,0,0,3,6,0,0xbceea0
897,19892,0,0,3,7,0,0xbceec0
898,19893,0,0,7,10,0,0xbceee4
899,19894,0,0,7,6,0,0xbcef38
900,19895,0,0,7,10,0,0xbcef70
901,19896,0,0,7,10,0,0xbcefc4
902,19897,0,0,7,10,0,0xbcf018
903,19898,0,0,7,10,0,0xbcf06c
904,19899,0,0,7,10,0,0xbcf0c0
905,19900,0,0,7,10,0,0xbcf114
906,19901,0,0,7,10,0,0xbcf168
907,19902,0,0,7,10,0,0xbcf1bc
908,19903,0,0,7,10,0,0xbcf210
909,19904,0,0,8,10,0,0xbcf264
910,19905,0,0,7,10,0,0xbcf2c4
911,19906,0,0,6,10,0,0xbcf318
912,19907,0,0,7,10,0,0xbcf364
913,19908,0,0,7,10,0,0xbcf3b8
914,19909,0,0,7,10,0,0xbcf40c
915,19910,0,0,9,10,0,0xbcf460
916,19911,0,0,8,10,0,0xbcf4c8
917,19912,0,0,7,10,0,0xbcf528
918,19913,0,0,7,10,0,0xbcf57c
919,19914,0,0,7,10,0,0xbcf5d0
920,19915,0,0,7,10,0,0xbcf624
921,19916,0,0,7,10,0,0xbcf678
922,19917,0,0,6,10,0,0xbcf6cc
923,19918,0,0,7,10,0,0xbcf718
924,19919,0,0,8,10,0,0xbcf76c
925,19920,0,0,9,10,0,0xbcf7cc
926,19921,0,0,8,10,0,0xbcf834
927,19922,0,0,8,10,0,0xbcf894
928,19923,0,2,7,10,0,0xbcf8f4
929,19924,0,0,4,1,0,0xbcfb24
930,19925,0,0,2,8,0,0xbcfb38
931,19926,0,0,5,3,0,0xbcfb58
932,19927,0,0,5,6,0,0xbcfb74
933,19928,0,0,5,8,0,0xbcfba0
934,19929,0,0,6,8,0,0xbcfbd8
935,19930,0,0,6,8,0,0xbcfc18
936,19931,0,0,2,3,0,0xbcfc58
937,19932,0,0,4,8,0,0xbcfc6c
938,19933,0,0,4,8,0,0xbcfc9c
939,19934,0,0,7,7,0,0xbcfccc
940,19935,0,0,6,6,0,0xbcfd0c
941,19936,0,0,2,3,0,0xbcfd40
942,19937,0,0,6,2,0,0xbcfd54
943,19938,0,0,1,1,0,0xbcfd70
944,19939,0,0,5,8,0,0xbcfd80
945,19940,0,0,6,8,0,0xbcfdb8
946,19941,0,0,6,8,0,0xbcfdf8
947,19942,0,0,6,8,0,0xbcfe38
948,19943,0,0,6,8,0,0xbcfe78
949,19944,0,0,6,8,0,0xbcfeb8
950,19945,0,0,6,8,0,0xbcfef8
951,19946,0,0,6,8,0,0xbcff38
952,19947,0,0,6,8,0,0xbcff78
953,19948,0,0,6,8,0,0xbcffb8
954,19949,0,0,6,8,0,0xbcfff8
955,19950,0,0,1,4,0,0xbd0038
956,19951,0,0,2,5,0,0xbd004c
957,19952,0,0,5,8,0,0xbd0064
958,19953,0,0,5,4,0,0xbd009c
959,19954,0,0,5,8,0,0xbd00c0
960,19955,0,0,6,8,0,0xbd00f8
961,19956,0,0,6,8,0,0xbd0138
962,19957,0,0,6,8,0,0xbd0178
963,19958,0,0,6,8,0,0xbd01b8
964,19959,0,0,6,8,0,0xbd01f8
965,19960,0,0,6,8,0,0xbd0238
966,19961,0,0,6,8,0,0xbd0278
967,19962,0,0,6,8,0,0xbd02b8
968,19963,0,0,6,8,0,0xbd02f8
969,19964,0,0,6,8,0,0xbd0338
970,19965,0,0,4,8,0,0xbd0378
971,19966,0,0,6,8,0,0xbd03a8
972,19967,0,0,6,8,0,0xbd03e8
973,19968,0,0,6,8,0,0xbd0428
974,19969,0,0,7,8,0,0xbd0468
975,19970,0,0,6,8,0,0xbd04b0
976,19971,0,0,6,8,0,0xbd04f0
977,19972,0,0,6,8,0,0xbd0530
978,19973,0,0,6,8,0,0xbd0570
979,19974,0,0,6,8,0,0xbd05b0
980,19975,0,0,6,8,0,0xbd05f0
981,19976,0,0,6,8,0,0xbd0630
982,19977,0,0,6,8,0,0xbd0670
983,19978,0,0,7,8,0,0xbd06b0
984,19979,0,0,7,8,0,0xbd06f8
985,19980,0,0,7,8,0,0xbd0740
986,19981,0,0,6,8,0,0xbd0788
987,19982,0,2,6,8,0,0xbd07c8
988,19983,0,0,6,1,0,0xbd09e4
989,19984,0,0,4,10,0,0xbd09f8
990,19985,0,0,7,5,0,0xbd0a30
991,19986,0,0,7,8,0,0xbd0a60
992,19987,0,0,7,10,0,0xbd0aa8
993,19988,0,0,8,10,0,0xbd0afc
994,19989,0,0,8,10,0,0xbd0b5c
995,19990,0,0,4,5,0,0xbd0bbc
996,19991,0,0,6,10,0,0xbd0be0
997,19992,0,0,6,10,0,0xbd0c2c
998,19993,0,0,9,9,0,0xbd0c78
999,19994,0,0,8,8,0,0xbd0cd8
1000,19995,0,0,4,5,0,0xbd0d28
1001,19996,0,0,8,4,0,0xbd0d4c
1002,19997,0,0,3,3,0,0xbd0d7c
1003,19998,0,0,7,10,0,0xbd0d94
1004,19999,0,0,8,10,0,0xbd0de8
1005,20000,0,0,8,10,0,0xbd0e48
1006,20001,0,0,8,10,0,0xbd0ea8
1007,20002,0,0,8,10,0,0xbd0f08
1008,20003,0,0,8,10,0,0xbd0f68
1009,20004,0,0,8,10,0,0xbd0fc8
1010,20005,0,0,8,10,0,0xbd1028
1011,20006,0,0,8,10,0,0xbd1088
1012,20007,0,0,8,10,0,0xbd10e8
1013,20008,0,0,8,10,0,0xbd1148
1014,20009,0,0,3,6,0,0xbd11a8
1015,20010,0,0,4,7,0,0xbd11c8
1016,20011,0,0,7,10,0,0xbd11f4
1017,20012,0,0,7,6,0,0xbd1248
1018,20013,0,0,7,10,0,0xbd1280
1019,20014,0,0,8,10,0,0xbd12d4
1020,20015,0,0,8,10,0,0xbd1334
1021,20016,0,0,8,10,0,0xbd1394
1022,20017,0,0,8,10,0,0xbd13f4
1023,20018,0,0,8,10,0,0xbd1454
1024,20019,0,0,8,10,0,0xbd14b4
1025,20020,0,0,8,10,0,0xbd1514
1026,20021,0,0,8,10,0,0xbd1574
1027,20022,0,0,8,10,0,0xbd15d4
1028,20023,0,0,8,10,0,0xbd1634
1029,20024,0,0,6,10,0,0xbd1694
1030,20025,0,0,8,10,0,0xbd16e0
1031,20026,0,0,8,10,0,0xbd1740
1032,20027,0,0,8,10,0,0xbd17a0
1033,20028,0,0,9,10,0,0xbd1800
1034,20029,0,0,8,10,0,0xbd1868
1035,20030,0,0,8,10,0,0xbd18c8
1036,20031,0,0,8,10,0,0xbd1928
1037,20032,0,0,8,10,0,0xbd1988
1038,20033,0,0,8,10,0,0xbd19e8
1039,20034,0,0,8,10,0,0xbd1a48
1040,20035,0,0,8,10,0,0xbd1aa8
1041,20036,0,0,8,10,0,0xbd1b08
1042,20037,0,0,9,10,0,0xbd1b68
1043,20038,0,0,9,10,0,0xbd1bd0
1044,20039,0,0,9,10,0,0xbd1c38
1045,20040,0,0,8,10,0,0xbd1ca0
1046,20041,0,2,8,10,0,0xbd1d00
1047,20042,0,0,3,1,0,0xbd1f3c
1048,20043,0,0,2,10,0,0xbd1f4c
1049,20044,0,0,3,2,0,0xbd1f70
1050,20045,0,0,8,10,0,0xbd1f84
1051,20046,0,0,7,10,0,0xbd1fe4
1052,20047,0,0,6,10,0,0xbd2038
1053,20048,0,0,8,10,0,0xbd2084
1054,20049,0,0,1,2,0,0xbd20e4
1055,20050,0,0,4,10,0,0xbd20f4
1056,20051,0,0,4,10,0,0xbd212c
1057,20052,0,0,5,7,0,0xbd2164
1058,20053,0,0,6,6,0,0xbd2194
1059,20054,0,0,2,3,0,0xbd21c8
1060,20055,0,0,6,2,0,0xbd21dc
1061,20056,0,0,1,1,0,0xbd21f8
1062,20057,0,0,6,10,0,0xbd2208
1063,20058,0,0,5,10,0,0xbd2254
1064,20059,0,0,5,10,0,0xbd2294
1065,20060,0,0,5,10,0,0xbd22d4
1066,20061,0,0,5,10,0,0xbd2314
1067,20062,0,0,5,10,0,0xbd2354
1068,20063,0,0,5,10,0,0xbd2394
1069,20064,0,0,5,10,0,0xbd23d4
1070,20065,0,0,5,10,0,0xbd2414
1071,20066,0,0,5,10,0,0xbd2454
1072,20067,0,0,5,10,0,0xbd2494
1073,20068,0,0,1,4,0,0xbd24d4
1074,20069,0,0,2,6,0,0xbd24e8
1075,20070,0,0,6,10,0,0xbd2504
1076,20071,0,0,5,4,0,0xbd2550
1077,20072,0,0,6,10,0,0xbd2574
1078,20073,0,0,7,10,0,0xbd25c0
1079,20074,0,0,7,10,0,0xbd2614
1080,20075,0,0,5,10,0,0xbd2668
1081,20076,0,0,5,10,0,0xbd26a8
1082,20077,0,0,5,10,0,0xbd26e8
1083,20078,0,0,5,10,0,0xbd2728
1084,20079,0,0,5,10,0,0xbd2768
1085,20080,0,0,5,10,0,0xbd27a8
1086,20081,0,0,5,10,0,0xbd27e8
1087,20082,0,0,5,10,0,0xbd2828
1088,20083,0,0,5,10,0,0xbd2868
1089,20084,0,0,5,10,0,0xbd28a8
1090,20085,0,0,5,10,0,0xbd28e8
1091,20086,0,0,5,10,0,0xbd2928
1092,20087,0,0,5,10,0,0xbd2968
1093,20088,0,0,5,10,0,0xbd29a8
1094,20089,0,0,5,10,0,0xbd29e8
1095,20090,0,0,5,10,0,0xbd2a28
1096,20091,0,0,5,10,0,0xbd2a68
1097,20092,0,0,5,10,0,0xbd2aa8
1098,20093,0,0,5,10,0,0xbd2ae8
1099,20094,0,0,5,10,0,0xbd2b28
1100,20095,0,0,5,10,0,0xbd2b68
1101,20096,0,0,5,10,0,0xbd2ba8
1102,20097,0,0,5,10,0,0xbd2be8
1103,20098,0,0,5,10,0,0xbd2c28
1104,20099,0,0,5,10,0,0xbd2c68
1105,20100,0,2,5,10,0,0xbd2ca8
1106,20101,0,0,5,1,0,0xbd2ec4
1107,20102,0,0,2,10,0,0xbd2ed8
1108,20103,0,0,3,2,0,0xbd2efc
1109,20104,0,0,8,10,0,0xbd2f10
1110,20105,0,0,7,10,0,0xbd2f70
1111,20106,0,0,6,10,0,0xbd2fc4
1112,20107,0,0,8,10,0,0xbd3010
1113,20108,0,0,1,2,0,0xbd3070
1114,20109,0,0,4,10,0,0xbd3080
1115,20110,0,0,4,10,0,0xbd30b8
1116,20111,0,0,7,7,0,0xbd30f0
1117,20112,0,0,6,6,0,0xbd3130
1118,20113,0,0,2,3,0,0xbd3164
1119,20114,0,0,6,2,0,0xbd3178
1120,20115,0,0,1,1,0,0xbd3194
1121,20116,0,0,6,10,0,0xbd31a4
1122,20117,0,0,7,10,0,0xbd31f0
1123,20118,0,0,7,10,0,0xbd3244
1124,20119,0,0,7,10,0,0xbd3298
1125,20120,0,0,7,10,0,0xbd32ec
1126,20121,0,0,7,10,0,0xbd3340
1127,20122,0,0,7,10,0,0xbd3394
1128,20123,0,0,7,10,0,0xbd33e8
1129,20124,0,0,7,10,0,0xbd343c
1130,20125,0,0,7,10,0,0xbd3490
1131,20126,0,0,7,10,0,0xbd34e4
1132,20127,0,0,1,4,0,0xbd3538
1133,20128,0,0,2,6,0,0xbd354c
1134,20129,0,0,6,10,0,0xbd3568
1135,20130,0,0,5,4,0,0xbd35b4
1136,20131,0,0,6,10,0,0xbd35d8
1137,20132,0,0,7,10,0,0xbd3624
1138,20133,0,0,7,10,0,0xbd3678
1139,20134,0,0,7,10,0,0xbd36cc
1140,20135,0,0,7,10,0,0xbd3720
1141,20136,0,0,7,10,0,0xbd3774
1142,20137,0,0,7,10,0,0xbd37c8
1143,20138,0,0,7,10,0,0xbd381c
1144,20139,0,0,7,10,0,0xbd3870
1145,20140,0,0,7,10,0,0xbd38c4
1146,20141,0,0,7,10,0,0xbd3918
1147,20142,0,0,6,10,0,0xbd396c
1148,20143,0,0,7,10,0,0xbd39b8
1149,20144,0,0,7,10,0,0xbd3a0c
1150,20145,0,0,7,10,0,0xbd3a60
1151,20146,0,0,8,10,0,0xbd3ab4
1152,20147,0,0,7,10,0,0xbd3b14
1153,20148,0,0,7,10,0,0xbd3b68
1154,20149,0,0,7,10,0,0xbd3bbc
1155,20150,0,0,7,10,0,0xbd3c10
1156,20151,0,0,7,10,0,0xbd3c64
1157,20152,0,0,7,10,0,0xbd3cb8
1158,20153,0,0,8,10,0,0xbd3d0c
1159,20154,0,0,7,10,0,0xbd3d6c
1160,20155,0,0,8,10,0,0xbd3dc0
1161,20156,0,0,8,10,0,0xbd3e20
1162,20157,0,0,7,10,0,0xbd3e80
1163,20158,0,0,8,10,0,0xbd3ed4
1164,20159,0,2,8,10,0,0xbd3f34
1165,20160,0,0,7,1,0,0xbd4170
1166,20161,0,0,4,12,0,0xbd4184
1167,20162,0,0,5,4,0,0xbd41c4
1168,20163,0,0,10,12,0,0xbd41e8
1169,20164,0,0,9,12,0,0xbd4270
1170,20165,0,0,8,12,0,0xbd42ec
1171,20166,0,0,10,12,0,0xbd435c
1172,20167,0,0,3,4,0,0xbd43e4
1173,20168,0,0,6,12,0,0xbd4400
1174,20169,0,0,6,12,0,0xbd4458
1175,20170,0,0,9,9,0,0xbd44b0
1176,20171,0,0,8,8,0,0xbd4510
1177,20172,0,0,4,5,0,0xbd4560
1178,20173,0,0,8,4,0,0xbd4584
1179,20174,0,0,3,3,0,0xbd45b4
1180,20175,0,0,8,12,0,0xbd45cc
1181,20176,0,0,9,12,0,0xbd463c
1182,20177,0,0,9,12,0,0xbd46b8
1183,20178,0,0,9,12,0,0xbd4734
1184,20179,0,0,9,12,0,0xbd47b0
1185,20180,0,0,9,12,0,0xbd482c
1186,20181,0,0,9,12,0,0xbd48a8
1187,20182,0,0,9,12,0,0xbd4924
1188,20183,0,0,9,12,0,0xbd49a0
1189,20184,0,0,9,12,0,0xbd4a1c
1190,20185,0,0,9,12,0,0xbd4a98
1191,20186,0,0,3,6,0,0xbd4b14
1192,20187,0,0,4,8,0,0xbd4b34
1193,20188,0,0,8,12,0,0xbd4b64
1194,20189,0,0,7,6,0,0xbd4bd4
1195,20190,0,0,8,12,0,0xbd4c0c
1196,20191,0,0,9,12,0,0xbd4c7c
1197,20192,0,0,9,12,0,0xbd4cf8
1198,20193,0,0,9,12,0,0xbd4d74
1199,20194,0,0,9,12,0,0xbd4df0
1200,20195,0,0,9,12,0,0xbd4e6c
1201,20196,0,0,9,12,0,0xbd4ee8
1202,20197,0,0,9,12,0,0xbd4f64
1203,20198,0,0,9,12,0,0xbd4fe0
1204,20199,0,0,9,12,0,0xbd505c
1205,20200,0,0,9,12,0,0xbd50d8
1206,20201,0,0,8,12,0,0xbd5154
1207,20202,0,0,9,12,0,0xbd51c4
1208,20203,0,0,9,12,0,0xbd5240
1209,20204,0,0,9,12,0,0xbd52bc
1210,20205,0,0,10,12,0,0xbd5338
1211,20206,0,0,9,12,0,0xbd53c0
1212,20207,0,0,9,12,0,0xbd543c
1213,20208,0,0,9,12,0,0xbd54b8
1214,20209,0,0,9,12,0,0xbd5534
1215,20210,0,0,9,12,0,0xbd55b0
1216,20211,0,0,9,12,0,0xbd562c
1217,20212,0,0,10,12,0,0xbd56a8
1218,20213,0,0,9,12,0,0xbd5730
1219,20214,0,0,10,12,0,0xbd57ac
1220,20215,0,0,10,12,0,0xbd5834
1221,20216,0,0,9,12,0,0xbd58bc
1222,20217,0,0,10,12,0,0xbd5938
1223,20218,0,2,10,12,0,0xbd59c0
1224,20219,0,0,5,1,0,0xbd5c24
1225,20220,0,0,2,10,0,0xbd5c38
1226,20221,0,0,3,2,0,0xbd5c5c
1227,20222,0,0,8,10,0,0xbd5c70
1228,20223,0,0,7,10,0,0xbd5cd0
1229,20224,0,0,6,10,0,0xbd5d24
1230,20225,0,0,8,10,0,0xbd5d70
1231,20226,0,0,1,2,0,0xbd5dd0
1232,20227,0,0,4,10,0,0xbd5de0
1233,20228,0,0,4,10,0,0xbd5e18
1234,20229,0,0,7,7,0,0xbd5e50
1235,20230,0,0,6,6,0,0xbd5e90
1236,20231,0,0,2,3,0,0xbd5ec4
1237,20232,0,0,6,2,0,0xbd5ed8
1238,20233,0,0,1,1,0,0xbd5ef4
1239,20234,0,0,6,10,0,0xbd5f04
1240,20235,0,0,9,12,0,0xbd5f50
1241,20236,0,0,9,12,0,0xbd5fcc
1242,20237,0,0,9,12,0,0xbd6048
1243,20238,0,0,9,12,0,0xbd60c4
1244,20239,0,0,9,12,0,0xbd6140
1245,20240,0,0,9,12,0,0xbd61bc
1246,20241,0,0,9,12,0,0xbd6238
1247,20242,0,0,9,12,0,0xbd62b4
1248,20243,0,0,9,12,0,0xbd6330
1249,20244,0,0,9,12,0,0xbd63ac
1250,20245,0,0,1,4,0,0xbd6428
1251,20246,0,0,2,6,0,0xbd643c
1252,20247,0,0,6,10,0,0xbd6458
1253,20248,0,0,5,4,0,0xbd64a4
1254,20249,0,0,6,10,0,0xbd64c8
1255,20250,0,0,7,10,0,0xbd6514
1256,20251,0,0,7,10,0,0xbd6568
1257,20252,0,0,9,12,0,0xbd65bc
1258,20253,0,0,9,12,0,0xbd6638
1259,20254,0,0,9,12,0,0xbd66b4
1260,20255,0,0,9,12,0,0xbd6730
1261,20256,0,0,9,12,0,0xbd67ac
1262,20257,0,0,9,12,0,0xbd6828
1263,20258,0,0,9,12,0,0xbd68a4
1264,20259,0,0,9,12,0,0xbd6920
1265,20260,0,0,7,12,0,0xbd699c
1266,20261,0,0,9,12,0,0xbd6a00
1267,20262,0,0,9,12,0,0xbd6a7c
1268,20263,0,0,8,12,0,0xbd6af8
1269,20264,0,0,10,12,0,0xbd6b68
1270,20265,0,0,9,12,0,0xbd6bf0
1271,20266,0,0,9,12,0,0xbd6c6c
1272,20267,0,0,9,12,0,0xbd6ce8
1273,20268,0,0,9,12,0,0xbd6d64
1274,20269,0,0,9,12,0,0xbd6de0
1275,20270,0,0,9,12,0,0xbd6e5c
1276,20271,0,0,9,12,0,0xbd6ed8
1277,20272,0,0,9,12,0,0xbd6f54
1278,20273,0,0,9,12,0,0xbd6fd0
1279,20274,0,0,10,12,0,0xbd704c
1280,20275,0,0,9,12,0,0xbd70d4
1281,20276,0,0,9,12,0,0xbd7150
1282,20277,0,2,9,12,0,0xbd71cc
1283,20278,0,0,7,1,0,0xbd7424
1284,20279,0,0,4,12,0,0xbd7438
1285,20280,0,0,5,4,0,0xbd7478
1286,20281,0,0,10,12,0,0xbd749c
1287,20282,0,0,9,12,0,0xbd7524
1288,20283,0,0,8,12,0,0xbd75a0
1289,20284,0,0,10,12,0,0xbd7610
1290,20285,0,0,3,4,0,0xbd7698
1291,20286,0,0,6,12,0,0xbd76b4
1292,20287,0,0,6,12,0,0xbd770c
1293,20288,0,0,9,9,0,0xbd7764
1294,20289,0,0,8,8,0,0xbd77c4
1295,20290,0,0,4,5,0,0xbd7814
1296,20291,0,0,8,4,0,0xbd7838
1297,20292,0,0,3,3,0,0xbd7868
1298,20293,0,0,8,12,0,0xbd7880
1299,20294,0,0,11,14,0,0xbd78f0
1300,20295,0,0,11,14,0,0xbd7998
1301,20296,0,0,11,14,0,0xbd7a40
1302,20297,0,0,11,14,0,0xbd7ae8
1303,20298,0,0,11,14,0,0xbd7b90
1304,20299,0,0,11,14,0,0xbd7c38
1305,20300,0,0,11,14,0,0xbd7ce0
1306,20301,0,0,11,14,0,0xbd7d88
1307,20302,0,0,11,14,0,0xbd7e30
1308,20303,0,0,11,14,0,0xbd7ed8
1309,20304,0,0,3,6,0,0xbd7f80
1310,20305,0,0,4,8,0,0xbd7fa0
1311,20306,0,0,8,12,0,0xbd7fd0
1312,20307,0,0,7,6,0,0xbd8040
1313,20308,0,0,8,12,0,0xbd8078
1314,20309,0,0,9,12,0,0xbd80e8
1315,20310,0,0,9,12,0,0xbd8164
1316,20311,0,0,11,14,0,0xbd81e0
1317,20312,0,0,11,14,0,0xbd8288
1318,20313,0,0,11,14,0,0xbd8330
1319,20314,0,0,11,14,0,0xbd83d8
1320,20315,0,0,11,14,0,0xbd8480
1321,20316,0,0,11,14,0,0xbd8528
1322,20317,0,0,11,14,0,0xbd85d0
1323,20318,0,0,11,14,0,0xbd8678
1324,20319,0,0,9,14,0,0xbd8720
1325,20320,0,0,11,14,0,0xbd87ac
1326,20321,0,0,11,14,0,0xbd8854
1327,20322,0,0,10,14,0,0xbd88fc
1328,20323,0,0,12,14,0,0xbd8998
1329,20324,0,0,11,14,0,0xbd8a50
1330,20325,0,0,11,14,0,0xbd8af8
1331,20326,0,0,11,14,0,0xbd8ba0
1332,20327,0,0,11,14,0,0xbd8c48
1333,20328,0,0,11,14,0,0xbd8cf0
1334,20329,0,0,11,14,0,0xbd8d98
1335,20330,0,0,11,14,0,0xbd8e40
1336,20331,0,0,11,14,0,0xbd8ee8
1337,20332,0,0,11,14,0,0xbd8f90
1338,20333,0,0,12,14,0,0xbd9038
1339,20334,0,0,11,14,0,0xbd90f0
1340,20335,0,0,11,14,0,0xbd9198
1341,20336,0,2,11,14,0,0xbd9240
1342,20337,0,0,2,3,0,0xbd94c4
1343,20338,0,0,3,7,0,0xbd94d8
1344,20339,0,0,3,7,0,0xbd94fc
1345,20340,0,0,3,7,0,0xbd9520
1346,20341,0,0,3,7,0,0xbd9544
1347,20342,0,0,3,7,0,0xbd9568
1348,20343,0,0,3,7,0,0xbd958c
1349,20344,0,0,3,7,0,0xbd95b0
1350,20345,0,0,3,7,0,0xbd95d4
1351,20346,0,0,3,7,0,0xbd95f8
1352,20347,0,2,3,7,0,0xbd961c
1353,20348,0,0,2,3,0,0xbd96a0
1354,20349,0,0,4,7,0,0xbd96b4
1355,20350,0,0,4,7,0,0xbd96e0
1356,20351,0,0,4,7,0,0xbd970c
1357,20352,0,0,4,7,0,0xbd9738
1358,20353,0,0,4,7,0,0xbd9764
1359,20354,0,0,4,7,0,0xbd9790
1360,20355,0,0,4,7,0,0xbd97bc
1361,20356,0,0,4,7,0,0xbd97e8
1362,20357,0,0,4,7,0,0xbd9814
1363,20358,0,2,4,7,0,0xbd9840
1364,20359,0,0,2,3,0,0xbd98cc
1365,20360,0,0,6,12,0,0xbd98e0
1366,20361,0,0,6,12,0,0xbd9938
1367,20362,0,0,6,12,0,0xbd9990
1368,20363,0,0,6,12,0,0xbd99e8
1369,20364,0,0,6,12,0,0xbd9a40
1370,20365,0,0,6,12,0,0xbd9a98
1371,20366,0,0,6,12,0,0xbd9af0
1372,20367,0,0,6,12,0,0xbd9b48
1373,20368,0,0,6,12,0,0xbd9ba0
1374,20369,0,2,6,12,0,0xbd9bf8
1375,20370,0,0,2,3,0,0xbd9cb0
1376,20371,0,0,7,12,0,0xbd9cc4
1377,20372,0,0,7,12,0,0xbd9d28
1378,20373,0,0,7,12,0,0xbd9d8c
1379,20374,0,0,7,12,0,0xbd9df0
1380,20375,0,0,7,12,0,0xbd9e54
1381,20376,0,0,7,12,0,0xbd9eb8
1382,20377,0,0,7,12,0,0xbd9f1c
1383,20378,0,0,7,12,0,0xbd9f80
1384,20379,0,0,7,12,0,0xbd9fe4
1385,20380,0,2,7,12,0,0xbda048
1386,20381,0,0,2,3,0,0xbda10c
1387,20382,0,0,11,18,0,0xbda120
1388,20383,0,0,11,18,0,0xbda1f4
1389,20384,0,0,11,18,0,0xbda2c8
1390,20385,0,0,11,18,0,0xbda39c
1391,20386,0,0,11,18,0,0xbda470
1392,20387,0,0,11,18,0,0xbda544
1393,20388,0,0,11,18,0,0xbda618
1394,20389,0,0,11,18,0,0xbda6ec
1395,20390,0,0,11,18,0,0xbda7c0
1396,20391,0,2,11,18,0,0xbda894
1397,20392,0,0,2,3,0,0xbda9c8
1398,20393,0,0,12,18,0,0xbda9dc
1399,20394,0,0,12,18,0,0xbdaac4
1400,20395,0,0,12,18,0,0xbdabac
1401,20396,0,0,12,18,0,0xbdac94
1402,20397,0,0,12,18,0,0xbdad7c
1403,20398,0,0,12,18,0,0xbdae64
1404,20399,0,0,12,18,0,0xbdaf4c
1405,20400,0,0,12,18,0,0xbdb034
1406,20401,0,0,12,18,0,0xbdb11c
1407,20402,0,2,12,18,0,0xbdb204
1408,20403,0,0,4,5,0,0xbdb34c
1409,20404,0,0,14,20,0,0xbdb370
1410,20405,0,0,14,20,0,0xbdb498
1411,20406,0,0,14,20,0,0xbdb5c0
1412,20407,0,0,14,20,0,0xbdb6e8
1413,20408,0,0,14,20,0,0xbdb810
1414,20409,0,0,14,20,0,0xbdb938
1415,20410,0,0,14,20,0,0xbdba60
1416,20411,0,0,14,20,0,0xbdbb88
1417,20412,0,0,14,20,0,0xbdbcb0
1418,20413,0,2,14,20,0,0xbdbdd8
1419,20414,0,0,2,3,0,0xbdbf60
1420,20415,0,0,14,18,0,0xbdbf74
1421,20416,0,0,14,18,0,0xbdc080
1422,20417,0,0,14,18,0,0xbdc18c
1423,20418,0,0,14,18,0,0xbdc298
1424,20419,0,0,14,18,0,0xbdc3a4
1425,20420,0,0,14,18,0,0xbdc4b0
1426,20421,0,0,14,18,0,0xbdc5bc
1427,20422,0,0,14,18,0,0xbdc6c8
1428,20423,0,0,14,18,0,0xbdc7d4
1429,20424,0,2,14,18,0,0xbdc8e0
1430,10431,0,0,17,23,0,0x1409e8
1431,10432,0,2,17,23,0,0x140b7c
1432,10433,0,0,17,23,0,0x140d10
1433,10434,0,2,17,23,0,0x140ea4
1434,10435,786,2,128,73,7,0x141038
1435,10436,18609,0,87,32,7,0x1416e0
1436,10437,18609,0,87,32,7,0x141bac
1437,10438,18609,0,87,32,7,0x142088
1438,10439,18609,0,87,32,7,0x14255c
1439,10440,18609,0,87,32,7,0x142a5c
1440,10441,18609,0,87,32,12,0x142fd4
1441,10442,18609,0,87,32,12,0x143554
1442,10443,18609,0,87,32,12,0x143ad4
1443,10444,18609,0,87,32,12,0x144054
1444,10445,18609,0,87,32,12,0x1445d4
1445,10446,18609,0,87,32,12,0x144b54
1446,10447,18609,0,87,32,12,0x1450d4
1447,10448,18609,0,87,32,12,0x145654
1448,10449,18609,0,87,32,12,0x145bd4
1449,10450,18609,0,87,32,12,0x146154
1450,10451,18609,0,87,32,12,0x1466d4
1451,10452,18609,0,87,32,12,0x146c54
1452,10453,18609,0,87,32,12,0x1471d4
1453,10454,18609,0,87,32,12,0x147754
1454,10455,18609,0,87,32,12,0x147cd4
1455,10456,18609,0,87,32,12,0x148254
1456,10457,18609,0,87,32,7,0x1487d4
1457,10458,18609,0,87,32,7,0x148d2c
1458,10459,18609,0,87,32,7,0x149288
1459,10460,18609,0,87,32,7,0x1497fc
1460,10461,18609,0,87,32,7,0x149d20
1461,10462,18609,0,87,32,7,0x14a21c
1462,10463,18609,0,87,32,7,0x14a6e4
1463,10464,18609,0,87,32,7,0x14ab9c
1464,10465,18609,0,87,32,7,0x14b0c4
1465,10466,18609,0,87,32,7,0x14b5cc
1466,10467,18609,0,87,32,7,0x14ba98
1467,10468,18609,0,87,32,7,0x14bfe0
1468,10469,18609,0,87,32,7,0x14c504
1469,10470,18609,0,87,32,7,0x14ca1c
1470,10471,18609,0,87,32,7,0x14cf38
1471,10472,18609,0,87,32,7,0x14d474
1472,10473,18609,0,87,32,7,0x14d9a0
1473,10474,18609,0,87,32,12,0x14dee4
1474,10475,18609,0,87,32,7,0x14e464
1475,10476,18609,0,87,32,7,0x14e9b4
1476,10477,18609,0,87,32,7,0x14ef14
1477,10478,18609,0,87,32,7,0x14f434
1478,10479,18609,0,87,32,7,0x14f980
1479,10480,18609,0,87,32,7,0x14fed8
1480,10481,18609,4,87,32,7,0x15043c
1481,10482,18609,5,87,32,9,0x150984
1482,10483,18609,1,87,32,9,0x150eb4
1483,10484,18609,4,87,32,7,0x1513a8
1484,10485,18609,1,87,32,9,0x1518d8
1485,10486,18609,0,87,32,7,0x151dbc
1486,10487,18609,0,87,32,7,0x1522f4
1487,10488,18609,0,87,32,7,0x152850
1488,10489,18609,0,87,32,7,0x152d7c
1489,10490,18609,0,87,32,7,0x153268
1490,10491,18609,0,87,32,7,0x15375c
1491,10492,18609,0,87,32,7,0x153c24
1492,10493,18609,0,87,32,7,0x1540f4
1493,10494,18609,0,87,32,7,0x1545b8
1494,10495,18609,0,87,32,7,0x154a24
1495,10496,18609,0,87,32,7,0x154e24
1496,10497,18609,0,87,32,7,0x15521c
1497,10498,18609,0,87,32,7,0x155608
1498,10499,18609,0,87,32,7,0x1559e8
1499,10500,18609,0,87,32,7,0x155ddc
1500,10501,18609,0,87,32,7,0x1561a8
1501,10502,18609,0,87,32,7,0x156540
1502,10503,18609,0,87,32,7,0x156938
1503,10504,18609,0,87,32,7,0x156dac
1504,10505,18609,0,87,32,7,0x1571c8
1505,10506,18609,0,87,32,7,0x157618
1506,10507,18609,0,87,32,7,0x157a78
1507,10508,18609,0,87,32,12,0x157f54
1508,10509,18609,0,87,32,7,0x1584d4
1509,10510,18609,0,87,32,7,0x158a28
1510,10511,18609,0,87,32,12,0x158f94
1511,10512,18609,0,87,32,7,0x159514
1512,10513,18609,0,87,32,7,0x1599d0
1513,10514,18609,0,87,32,7,0x159dd0
1514,10515,18609,0,87,32,7,0x15a150
1515,10516,18609,0,87,32,7,0x15a498
1516,10517,18609,0,87,32,7,0x15a7c0
1517,10518,18609,0,87,32,7,0x15aa70
1518,10519,18609,0,87,32,7,0x15ad54
1519,10520,18609,0,87,32,7,0x15b0c0
1520,10521,18609,0,87,32,7,0x15b3f0
1521,10522,18609,0,87,32,7,0x15b7e0
1522,10523,18609,0,87,32,7,0x15bbcc
1523,10524,18609,0,87,32,7,0x15bfc0
1524,10525,18609,0,87,32,7,0x15c3fc
1525,10526,18609,0,87,32,7,0x15c834
1526,10527,18609,0,87,32,7,0x15cc78
1527,10528,18609,0,87,32,7,0x15d104
1528,10529,18609,0,87,32,7,0x15d5ec
1529,10530,18609,0,87,32,7,0x15db30
1530,10531,18609,0,87,32,7,0x15e044
1531,10532,18609,0,87,32,7,0x15e528
1532,10533,18609,0,87,32,7,0x15ea10
1533,10534,18609,0,87,32,7,0x15ef10
1534,10535,18609,2,87,32,7,0x15f44c
1535,10536,11021,0,87,32,12,0x15f9b8
1536,10537,11021,0,87,32,12,0x15ff38
1537,10538,11021,0,87,32,12,0x1604b8
1538,10539,11021,0,87,32,12,0x160a38
1539,10540,11021,0,87,32,12,0x160fb8
1540,10541,11021,0,87,32,12,0x161538
1541,10542,11021,0,87,32,12,0x161ab8
1542,10543,11021,0,87,32,12,0x162038
1543,10544,11021,0,87,32,12,0x1625b8
1544,10545,11021,0,87,32,12,0x162b38
1545,10546,11021,0,87,32,12,0x1630b8
1546,10547,11021,0,87,32,12,0x163638
1547,10548,11021,0,87,32,12,0x163bb8
1548,10549,11021,0,87,32,12,0x164138
1549,10550,11021,0,87,32,12,0x1646b8
1550,10551,11021,0,87,32,12,0x164c38
1551,10552,11021,0,87,32,12,0x1651b8
1552,10553,11021,0,87,32,12,0x165738
1553,10554,11021,0,87,32,12,0x165cb8
1554,10555,11021,0,87,32,12,0x166238
1555,10556,11021,0,87,32,7,0x1667b8
1556,10557,11021,0,87,32,7,0x166c90
1557,10558,11021,0,87,32,7,0x1670c0
1558,10559,11021,0,87,32,7,0x1675f4
1559,10560,11021,0,87,32,12,0x167b10
1560,10561,11021,0,87,32,12,0x168090
1561,10562,11021,0,87,32,12,0x168610
1562,10563,11021,0,87,32,12,0x168b90
1563,10564,11021,0,87,32,12,0x169110
1564,10565,11021,0,87,32,12,0x169690
1565,10566,11021,0,87,32,12,0x169c10
1566,10567,11021,0,87,32,12,0x16a190
1567,10568,11021,0,87,32,12,0x16a710
1568,10569,11021,0,87,32,12,0x16ac90
1569,10570,11021,0,87,32,12,0x16b210
1570,10571,11021,0,87,32,7,0x16b790
1571,10572,11021,0,87,32,12,0x16bcf4
1572,10573,11021,0,87,32,12,0x16c274
1573,10574,11021,0,87,32,12,0x16c7f4
1574,10575,11021,0,87,32,12,0x16cd74
1575,10576,11021,0,87,32,12,0x16d2f4
1576,10577,11021,0,87,32,7,0x16d874
1577,10578,11021,0,87,32,7,0x16dde0
1578,10579,11021,0,87,32,7,0x16e324
1579,10580,11021,0,87,32,7,0x16e864
1580,10581,11021,0,87,32,12,0x16ed8c
1581,10582,11021,0,87,32,12,0x16f30c
1582,10583,11021,0,87,32,12,0x16f88c
1583,10584,11021,0,87,32,7,0x16fe0c
1584,10585,11021,0,87,32,7,0x170340
1585,10586,11021,0,87,32,7,0x170840
1586,10587,11021,0,87,32,7,0x170d4c
1587,10588,11021,0,87,32,7,0x17125c
1588,10589,11021,0,87,32,7,0x171738
1589,10590,11021,0,87,32,7,0x171c38
1590,10591,11021,2,87,32,7,0x172194
1591,10592,778,0,87,32,1,0x172704
1592,10593,778,0,87,32,1,0x172b68
1593,10594,778,0,87,32,7,0x172fc0
1594,10595,778,0,87,32,7,0x1733f8
1595,10596,778,0,87,32,7,0x1737dc
1596,10597,778,0,87,32,1,0x173c70
1597,10598,778,0,87,32,12,0x174178
1598,10599,778,0,87,32,12,0x1746f8
1599,10600,778,0,87,32,12,0x174c78
1600,10601,778,0,87,32,12,0x1751f8
1601,10602,778,0,87,32,1,0x175778
1602,10603,778,0,87,32,1,0x175cf4
1603,10604,778,0,87,32,1,0x176170
1604,10605,778,0,87,32,1,0x176548
1605,10606,778,0,87,32,1,0x176794
1606,10607,778,0,87,32,1,0x1767d0
1607,10608,778,0,87,32,1,0x176c1c
1608,10609,778,0,87,32,1,0x177174
1609,10610,778,0,87,32,7,0x177430
1610,10611,778,0,87,32,1,0x17799c
1611,10612,778,0,87,32,1,0x177dc4
1612,10613,778,0,87,32,1,0x178178
1613,10614,778,0,87,32,1,0x17855c
1614,10615,778,0,87,32,1,0x178a50
1615,10616,778,0,87,32,1,0x178f08
1616,10617,778,0,87,32,1,0x1793c0
1617,10618,778,0,87,32,7,0x179878
1618,10619,778,0,87,32,7,0x179d0c
1619,10620,778,0,87,32,7,0x17a1a0
1620,10621,778,0,87,32,7,0x17a64c
1621,10622,778,0,87,32,7,0x17aa24
1622,10623,778,0,87,32,7,0x17ae64
1623,10624,778,0,87,32,7,0x17b248
1624,10625,778,0,87,32,7,0x17b6c8
1625,10626,778,0,87,32,12,0x17b9ec
1626,10627,778,2,87,32,12,0x17bf6c
1627,10628,855,0,87,32,1,0x17c4ec
1628,10629,855,0,87,32,1,0x17c840
1629,10630,855,0,87,32,1,0x17ca98
1630,10631,855,0,87,32,12,0x17cc84
1631,10632,855,0,87,32,12,0x17d204
1632,10633,855,0,87,32,12,0x17d784
1633,10634,855,0,87,32,12,0x17dd04
1634,10635,855,0,87,32,12,0x17e284
1635,10636,855,0,87,32,12,0x17e804
1636,10637,855,0,87,32,12,0x17ed84
1637,10638,855,0,87,32,12,0x17f304
1638,10639,855,0,87,32,12,0x17f884
1639,10640,855,0,87,32,12,0x17fe04
1640,10641,855,0,87,32,12,0x180384
1641,10642,855,0,87,32,12,0x180904
1642,10643,855,0,87,32,12,0x180e84
1643,10644,855,0,87,32,12,0x181404
1644,10645,855,0,87,32,12,0x181984
1645,10646,855,0,87,32,12,0x181f04
1646,10647,855,0,87,32,12,0x182484
1647,10648,855,0,87,32,12,0x182a04
1648,10649,855,0,87,32,12,0x182f84
1649,10650,855,0,87,32,12,0x183504
1650,10651,855,0,87,32,12,0x183a84
1651,10652,855,0,87,32,12,0x184004
1652,10653,855,0,87,32,12,0x184584
1653,10654,855,0,87,32,12,0x184b04
1654,10655,855,0,87,32,12,0x185084
1655,10656,855,0,87,32,12,0x185604
1656,10657,855,0,87,32,12,0x185b84
1657,10658,855,0,87,32,12,0x186104
1658,10659,855,0,87,32,12,0x186684
1659,10660,855,0,87,32,12,0x186c04
1660,10661,855,0,87,32,12,0x187184
1661,10662,855,0,87,32,12,0x187704
1662,10663,855,0,87,32,12,0x187c84
1663,10664,855,0,87,32,12,0x188204
1664,10665,855,0,87,32,12,0x188784
1665,10666,855,0,87,32,12,0x188d04
1666,10667,855,0,87,32,12,0x189284
1667,10668,855,0,87,32,12,0x189804
1668,10669,855,0,87,32,12,0x189d84
1669,10670,855,0,87,32,12,0x18a304
1670,10671,855,0,87,32,12,0x18a884
1671,10672,855,0,87,32,12,0x18ae04
1672,10673,855,0,87,32,7,0x18b384
1673,10674,855,0,87,32,7,0x18b668
1674,10675,855,0,87,32,1,0x18b950
1675,10676,855,0,87,32,1,0x18bd84
1676,10677,855,0,87,32,1,0x18c1ac
1677,10678,855,0,87,32,12,0x18c5e4
1678,10679,855,0,87,32,12,0x18cb64
1679,10680,855,0,87,32,12,0x18d0e4
1680,10681,855,0,87,32,12,0x18d664
1681,10682,855,0,87,32,12,0x18dbe4
1682,10683,855,0,87,32,12,0x18e164
1683,10684,855,0,87,32,12,0x18e6e4
1684,10685,855,0,87,32,12,0x18ec64
1685,10686,855,0,87,32,12,0x18f1e4
1686,10687,855,0,87,32,1,0x18f764
1687,10688,855,0,87,32,1,0x18fc20
1688,10689,855,0,87,32,1,0x190120
1689,10690,855,0,87,32,1,0x1905b8
1690,10691,855,0,87,32,12,0x190a9c
1691,10692,855,0,87,32,12,0x19101c
1692,10693,855,0,87,32,12,0x19159c
1693,10694,855,0,87,32,12,0x191b1c
1694,10695,855,2,87,32,12,0x19209c
1695,10696,18634,0,87,32,7,0x19261c
1696,10697,18634,0,87,32,7,0x1929f4
1697,10698,18634,0,87,32,1,0x192da4
1698,10699,18634,0,87,32,1,0x1931a4
1699,10700,18634,0,87,32,1,0x19359c
1700,10701,18634,0,87,32,1,0x1939b0
1701,10702,18634,0,87,32,1,0x193dbc
1702,10703,18634,0,87,32,1,0x1941e0
1703,10704,18634,0,87,32,1,0x194660
1704,10705,18634,0,87,32,1,0x194b24
1705,10706,18634,0,87,32,1,0x195024
1706,10707,18634,0,87,32,1,0x195530
1707,10708,18634,0,87,32,12,0x195a64
1708,10709,18634,0,87,32,1,0x195fe4
1709,10710,18634,0,87,32,12,0x196554
1710,10711,18634,0,87,32,12,0x196ad4
1711,10712,18634,0,87,32,12,0x197054
1712,10713,18634,0,87,32,12,0x1975d4
1713,10714,18634,0,87,32,12,0x197b54
1714,10715,18634,0,87,32,12,0x1980d4
1715,10716,18634,0,87,32,12,0x198654
1716,10717,18634,0,87,32,12,0x198bd4
1717,10718,18634,0,87,32,12,0x199154
1718,10719,18634,0,87,32,12,0x1996d4
1719,10720,18634,0,87,32,12,0x199c54
1720,10721,18634,0,87,32,12,0x19a1d4
1721,10722,18634,0,87,32,12,0x19a754
1722,10723,18634,0,87,32,12,0x19acd4
1723,10724,18634,0,87,32,12,0x19b254
1724,10725,18634,0,87,32,12,0x19b7d4
1725,10726,18634,0,87,32,12,0x19bd54
1726,10727,18634,0,87,32,12,0x19c2d4
1727,10728,18634,0,87,32,12,0x19c854
1728,10729,18634,0,87,32,12,0x19cdd4
1729,10730,18634,0,87,32,12,0x19d354
1730,10731,18634,0,87,32,12,0x19d8d4
1731,10732,18634,0,87,32,12,0x19de54
1732,10733,18634,0,87,32,12,0x19e3d4
1733,10734,18634,0,87,32,12,0x19e954
1734,10735,18634,0,87,32,12,0x19eed4
1735,10736,18634,0,87,32,12,0x19f454
1736,10737,18634,0,87,32,12,0x19f9d4
1737,10738,18634,0,87,32,12,0x19ff54
1738,10739,18634,0,87,32,12,0x1a04d4
1739,10740,18634,0,87,32,12,0x1a0a54
1740,10741,18634,0,87,32,12,0x1a0fd4
1741,10742,18634,0,87,32,12,0x1a1554
1742,10743,18634,2,87,32,12,0x1a1ad4
1743,10744,12808,0,87,32,12,0x1a2054
1744,10745,12808,0,87,32,12,0x1a25d4
1745,10746,12808,0,87,32,12,0x1a2b54
1746,10747,12808,0,87,32,12,0x1a30d4
1747,10748,12808,0,87,32,12,0x1a3654
1748,10749,12808,0,87,32,12,0x1a3bd4
1749,10750,12808,0,87,32,12,0x1a4154
1750,10751,12808,0,87,32,12,0x1a46d4
1751,10752,12808,0,87,32,12,0x1a4c54
1752,10753,12808,0,87,32,12,0x1a51d4
1753,10754,12808,0,87,32,12,0x1a5754
1754,10755,12808,0,87,32,12,0x1a5cd4
1755,10756,12808,0,87,32,12,0x1a6254
1756,10757,12808,0,87,32,12,0x1a67d4
1757,10758,12808,0,87,32,12,0x1a6d54
1758,10759,12808,0,87,32,12,0x1a72d4
1759,10760,12808,0,87,32,12,0x1a7854
1760,10761,12808,0,87,32,12,0x1a7dd4
1761,10762,12808,0,87,32,12,0x1a8354
1762,10763,12808,0,87,32,12,0x1a88d4
1763,10764,12808,0,87,32,12,0x1a8e54
1764,10765,12808,0,87,32,12,0x1a93d4
1765,10766,12808,0,87,32,12,0x1a9954
1766,10767,12808,0,87,32,12,0x1a9ed4
1767,10768,12808,0,87,32,12,0x1aa454
1768,10769,12808,0,87,32,12,0x1aa9d4
1769,10770,12808,2,87,32,12,0x1aaf54
1770,10771,13744,0,87,32,12,0x1ab4d4
1771,10772,13744,0,87,32,12,0x1aba54
1772,10773,13744,0,87,32,12,0x1abfd4
1773,10774,13744,0,87,32,12,0x1ac554
1774,10775,13744,0,87,32,12,0x1acad4
1775,10776,13744,0,87,32,12,0x1ad054
1776,10777,13744,0,87,32,12,0x1ad5d4
1777,10778,13744,0,87,32,12,0x1adb54
1778,10779,13744,0,87,32,12,0x1ae0d4
1779,10780,13744,0,87,32,12,0x1ae654
1780,10781,13744,2,87,32,12,0x1aebd4
1781,10782,10856,0,87,32,12,0x1af154
1782,10783,10856,0,87,32,12,0x1af6d4
1783,10784,10856,0,87,32,12,0x1afc54
1784,10785,10856,0,87,32,12,0x1b01d4
1785,10786,10856,0,87,32,12,0x1b0754
1786,10787,10856,0,87,32,12,0x1b0cd4
1787,10788,10856,0,87,32,1,0x1b1254
1788,10789,10856,0,87,32,1,0x1b1744
1789,10790,10856,0,87,32,7,0x1b1b7c
1790,10791,10856,0,87,32,7,0x1b20d8
1791,10792,10856,0,87,32,7,0x1b24e4
1792,10793,10856,0,87,32,7,0x1b2a34
1793,10794,10856,0,87,32,12,0x1b2f34
1794,10795,10856,0,87,32,12,0x1b34b4
1795,10796,10856,0,87,32,12,0x1b3a34
1796,10797,10856,0,87,32,12,0x1b3fb4
1797,10798,10856,0,87,32,12,0x1b4534
1798,10799,10856,0,87,32,12,0x1b4ab4
1799,10800,10856,0,87,32,12,0x1b5034
1800,10801,10856,0,87,32,12,0x1b55b4
1801,10802,10856,0,87,32,12,0x1b5b34
1802,10803,10856,0,87,32,12,0x1b60b4
1803,10804,10856,2,87,32,12,0x1b6634
1804,10805,18577,0,87,32,12,0x1b6bb4
1805,10806,18577,0,87,32,12,0x1b7134
1806,10807,18577,0,87,32,12,0x1b76b4
1807,10808,18577,0,87,32,12,0x1b7c34
1808,10809,18577,0,87,32,12,0x1b81b4
1809,10810,18577,0,87,32,12,0x1b8734
1810,10811,18577,0,87,32,12,0x1b8cb4
1811,10812,18577,0,87,32,12,0x1b9234
1812,10813,18577,0,87,32,12,0x1b97b4
1813,10814,18577,0,87,32,12,0x1b9d34
1814,10815,18577,0,87,32,12,0x1ba2b4
1815,10816,18577,0,87,32,12,0x1ba834
1816,10817,18577,0,87,32,12,0x1badb4
1817,10818,18577,0,87,32,12,0x1bb334
1818,10819,18577,0,87,32,12,0x1bb8b4
1819,10820,18577,0,87,32,12,0x1bbe34
1820,10821,18577,0,87,32,12,0x1bc3b4
1821,10822,18577,0,87,32,12,0x1bc934
1822,10823,18577,0,87,32,12,0x1bceb4
1823,10824,18577,0,87,32,12,0x1bd434
1824,10825,18577,0,87,32,12,0x1bd9b4
1825,10826,18577,0,87,32,12,0x1bdf34
1826,10827,18577,0,87,32,12,0x1be4b4
1827,10828,18577,0,87,32,12,0x1bea34
1828,10829,18577,0,87,32,12,0x1befb4
1829,10830,18577,0,87,32,12,0x1bf534
1830,10831,18577,0,87,32,12,0x1bfab4
1831,10832,18577,0,87,32,12,0x1c0034
1832,10833,18577,0,87,32,12,0x1c05b4
1833,10834,18577,0,87,32,12,0x1c0b34
1834,10835,18577,0,87,32,12,0x1c10b4
1835,10836,18577,0,87,32,12,0x1c1634
1836,10837,18577,0,87,32,12,0x1c1bb4
1837,10838,18577,0,87,32,12,0x1c2134
1838,10839,18577,0,87,32,12,0x1c26b4
1839,10840,18577,2,87,32,12,0x1c2c34
1840,10841,787,0,87,32,7,0x1c31b4
1841,10842,787,0,87,32,12,0x1c3724
1842,10843,787,0,87,32,12,0x1c3ca4
1843,10844,787,0,87,32,12,0x1c4224
1844,10845,787,0,87,32,12,0x1c47a4
1845,10846,787,0,87,32,12,0x1c4d24
1846,10847,787,0,87,32,12,0x1c52a4
1847,10848,787,0,87,32,12,0x1c5824
1848,10849,787,0,87,32,12,0x1c5da4
1849,10850,787,0,87,32,12,0x1c6324
1850,10851,787,0,87,32,12,0x1c68a4
1851,10852,787,0,87,32,12,0x1c6e24
1852,10853,787,0,87,32,12,0x1c73a4
1853,10854,787,0,87,32,12,0x1c7924
1854,10855,787,0,87,32,12,0x1c7ea4
1855,10856,787,0,87,32,12,0x1c8424
1856,10857,787,0,87,32,12,0x1c89a4
1857,10858,787,0,87,32,12,0x1c8f24
1858,10859,787,0,87,32,12,0x1c94a4
1859,10860,787,0,87,32,12,0x1c9a24
1860,10861,787,0,87,32,12,0x1c9fa4
1861,10862,787,0,87,32,12,0x1ca524
1862,10863,787,0,87,32,12,0x1caaa4
1863,10864,787,0,87,32,12,0x1cb024
1864,10865,787,0,87,32,12,0x1cb5a4
1865,10866,787,0,87,32,12,0x1cbb24
1866,10867,787,0,87,32,12,0x1cc0a4
1867,10868,787,0,87,32,12,0x1cc624
1868,10869,787,2,87,32,12,0x1ccba4
1869,10870,1602,0,87,32,12,0x1cd124
1870,10871,1602,0,87,32,12,0x1cd6a4
1871,10872,1602,0,87,32,12,0x1cdc24
1872,10873,1602,0,87,32,1,0x1ce1a4
1873,10874,1602,0,87,32,12,0x1ce720
1874,10875,1602,0,87,32,12,0x1ceca0
1875,10876,1602,0,87,32,1,0x1cf220
1876,10877,1602,0,87,32,1,0x1cf750
1877,10878,1602,0,87,32,1,0x1cfc4c
1878,10879,1602,0,87,32,1,0x1d0134
1879,10880,1602,0,87,32,1,0x1d0604
1880,10881,1602,0,87,32,1,0x1d0a80
1881,10882,1602,0,87,32,1,0x1d0ecc
1882,10883,1602,0,87,32,1,0x1d1334
1883,10884,1602,0,87,32,1,0x1d17d4
1884,10885,1602,0,87,32,1,0x1d1c34
1885,10886,1602,0,87,32,1,0x1d2074
1886,10887,1602,0,87,32,1,0x1d24ac
1887,10888,1602,0,87,32,1,0x1d28f8
1888,10889,1602,0,87,32,1,0x1d2d5c
1889,10890,1602,0,87,32,1,0x1d31ec
1890,10891,1602,4,87,32,1,0x1d3690
1891,10892,1602,3,87,32,3,0x1d3b48
1892,10893,2540,0,87,32,12,0x1d3fc0
1893,10894,2540,0,87,32,12,0x1d4540
1894,10895,2540,0,87,32,12,0x1d4ac0
1895,10896,2540,0,87,32,12,0x1d5040
1896,10897,2540,0,87,32,12,0x1d55c0
1897,10898,2540,0,87,32,12,0x1d5b40
1898,10899,2540,0,87,32,12,0x1d60c0
1899,10900,2540,0,87,32,12,0x1d6640
1900,10901,2540,0,87,32,12,0x1d6bc0
1901,10902,2540,0,87,32,12,0x1d7140
1902,10903,2540,0,87,32,12,0x1d76c0
1903,10904,2540,0,87,32,7,0x1d7c40
1904,10905,2540,0,87,32,12,0x1d81bc
1905,10906,2540,0,87,32,12,0x1d873c
1906,10907,2540,0,87,32,7,0x1d8cbc
1907,10908,2540,0,87,32,12,0x1d91ec
1908,10909,2540,0,87,32,12,0x1d976c
1909,10910,2540,0,87,32,7,0x1d9cec
1910,10911,2540,0,87,32,12,0x1da238
1911,10912,2540,0,87,32,12,0x1da7b8
1912,10913,2540,0,87,32,12,0x1dad38
1913,10914,2540,0,87,32,12,0x1db2b8
1914,10915,2540,0,87,32,12,0x1db838
1915,10916,2540,0,87,32,12,0x1dbdb8
1916,10917,2540,2,87,32,12,0x1dc338
1917,10918,5662,0,87,32,12,0x1dc8b8
1918,10919,5662,0,87,32,12,0x1dce38
1919,10920,5662,0,87,32,12,0x1dd3b8
1920,10921,5662,0,87,32,12,0x1dd938
1921,10922,5662,0,87,32,12,0x1ddeb8
1922,10923,5662,0,87,32,12,0x1de438
1923,10924,5662,0,87,32,12,0x1de9b8
1924,10925,5662,0,87,32,12,0x1def38
1925,10926,5662,0,87,32,12,0x1df4b8
1926,10927,5662,0,87,32,12,0x1dfa38
1927,10928,5662,0,87,32,12,0x1dffb8
1928,10929,5662,0,87,32,12,0x1e0538
1929,10930,5662,0,87,32,12,0x1e0ab8
1930,10931,5662,0,87,32,12,0x1e1038
1931,10932,5662,0,87,32,12,0x1e15b8
1932,10933,5662,0,87,32,12,0x1e1b38
1933,10934,5662,0,87,32,12,0x1e20b8
1934,10935,5662,0,87,32,12,0x1e2638
1935,10936,5662,0,87,32,12,0x1e2bb8
1936,10937,5662,0,87,32,12,0x1e3138
1937,10938,5662,0,87,32,12,0x1e36b8
1938,10939,5662,0,87,32,12,0x1e3c38
1939,10940,5662,0,87,32,12,0x1e41b8
1940,10941,5662,0,87,32,12,0x1e4738
1941,10942,5662,0,87,32,12,0x1e4cb8
1942,10943,5662,0,87,32,12,0x1e5238
1943,10944,5662,0,87,32,12,0x1e57b8
1944,10945,5662,0,87,32,12,0x1e5d38
1945,10946,5662,0,87,32,12,0x1e62b8
1946,10947,5662,0,87,32,12,0x1e6838
1947,10948,5662,0,87,32,12,0x1e6db8
1948,10949,5662,0,87,32,12,0x1e7338
1949,10950,5662,0,87,32,12,0x1e78b8
1950,10951,5662,0,87,32,12,0x1e7e38
1951,10952,5662,0,87,32,12,0x1e83b8
1952,10953,5662,2,87,32,12,0x1e8938
1953,10954,12137,4,140,64,7,0x1e8eb8
1954,10955,12137,5,140,64,9,0x1e94a4
1955,10956,12137,5,140,64,9,0x1e98a8
1956,10957,12137,5,140,64,9,0x1e9d08
1957,10958,12137,1,140,64,9,0x1ea16c
1958,10959,12137,2,140,64,7,0x1ea530
1959,10960,5662,4,140,64,7,0x1eaad8
1960,10961,5662,5,140,64,9,0x1eb0c0
1961,10962,5662,5,140,64,9,0x1eb43c
1962,10963,5662,5,140,64,9,0x1eb814
1963,10964,5662,1,140,64,9,0x1ebbf4
1964,10965,5662,2,140,64,7,0x1ebf34
1965,10966,18629,4,87,32,7,0x1ec4c8
1966,10967,18629,5,87,32,9,0x1ec7f8
1967,10968,18629,5,87,32,9,0x1ec8e0
1968,10969,18629,5,87,32,9,0x1ec9d0
1969,10970,18629,5,87,32,9,0x1ecb10
1970,10971,18629,5,87,32,9,0x1ecbe8
1971,10972,18629,5,87,32,9,0x1eccbc
1972,10973,18629,5,87,32,9,0x1ecd74
1973,10974,18629,5,87,32,9,0x1ece40
1974,10975,18629,5,87,32,9,0x1ecee8
1975,10976,18629,5,87,32,9,0x1ecfb0
1976,10977,18629,5,87,32,9,0x1ed07c
1977,10978,18629,5,87,32,9,0x1ed13c
1978,10979,18629,5,87,32,9,0x1ed234
1979,10980,18629,1,87,32,9,0x1ed30c
1980,10981,18629,0,87,32,7,0x1ed40c
1981,10982,18629,2,87,32,7,0x1ed730
1982,10983,1112,0,161,50,7,0x1eda84
1983,10984,1112,0,161,50,7,0x1edf64
1984,10985,1112,0,161,50,7,0x1ee464
1985,10986,1112,0,161,50,7,0x1ee928
1986,10987,1112,0,161,50,7,0x1eee74
1987,10988,1112,0,161,50,7,0x1ef334
1988,10989,1112,0,161,50,7,0x1ef878
1989,10990,1112,2,161,50,7,0x1efd58
1990,10991,1153,0,161,50,7,0x1f0280
1991,10992,1153,0,161,50,7,0x1f0760
1992,10993,1153,0,161,50,7,0x1f0c58
1993,10994,1153,0,161,50,7,0x1f111c
1994,10995,1153,0,161,50,7,0x1f165c
1995,10996,1153,0,161,50,7,0x1f1b1c
1996,10997,1153,0,161,50,7,0x1f2054
1997,10998,1153,2,161,50,7,0x1f2534
1998,10999,17438,0,87,32,7,0x1f2a6c
1999,11000,17438,0,87,32,7,0x1f2f78
2000,11001,17438,0,87,32,7,0x1f3468
2001,11002,17438,0,87,32,7,0x1f3924
2002,11003,17438,0,87,32,7,0x1f3e14
2003,11004,17438,0,87,32,7,0x1f42e4
2004,11005,17438,0,87,32,7,0x1f47ac
2005,11006,17438,0,87,32,7,0x1f4c20
2006,11007,17438,0,87,32,7,0x1f5070
2007,11008,17438,0,87,32,1,0x1f54a0
2008,11009,17438,0,87,32,1,0x1f58b4
2009,11010,17438,0,87,32,1,0x1f5cd8
2010,11011,17438,0,87,32,1,0x1f60e8
2011,11012,17438,0,87,32,7,0x1f6500
2012,11013,17438,0,87,32,7,0x1f6920
2013,11014,17438,0,87,32,7,0x1f6d04
2014,11015,17438,0,87,32,7,0x1f7100
2015,11016,17438,0,87,32,1,0x1f7510
2016,11017,17438,0,87,32,1,0x1f790c
2017,11018,17438,0,87,32,1,0x1f7cd8
2018,11019,17438,0,87,32,1,0x1f80a0
2019,11020,17438,0,87,32,1,0x1f848c
2020,11021,17438,0,87,32,1,0x1f8860
2021,11022,17438,0,87,32,1,0x1f8c40
2022,11023,17438,0,87,32,7,0x1f9070
2023,11024,17438,0,87,32,7,0x1f95a4
2024,11025,17438,0,87,32,7,0x1f9a9c
2025,11026,17438,0,87,32,7,0x1f9f94
2026,11027,17438,0,87,32,7,0x1fa48c
2027,11028,17438,0,87,32,12,0x1fa990
2028,11029,17438,2,87,32,12,0x1faf10
2029,11030,1207,4,87,32,7,0x1fb490
2030,11031,1207,5,87,32,9,0x1fb8b8
2031,11032,1207,5,87,32,9,0x1fbac0
2032,11033,1207,5,87,32,9,0x1fbe1c
2033,11034,1207,1,87,32,9,0x1fc224
2034,11035,1207,0,87,32,7,0x1fc640
2035,11036,1207,0,87,32,7,0x1fca98
2036,11037,1207,0,87,32,7,0x1fcf00
2037,11038,1207,0,87,32,7,0x1fd388
2038,11039,1207,0,87,32,7,0x1fd820
2039,11040,1207,0,87,32,7,0x1fdcd0
2040,11041,1207,0,87,32,7,0x1fe1b8
2041,11042,1207,0,87,32,7,0x1fe6ac
2042,11043,1207,0,87,32,7,0x1feba8
2043,11044,1207,0,87,32,7,0x1ff0f8
2044,11045,1207,0,87,32,12,0x1ff648
2045,11046,1207,0,87,32,12,0x1ffbc8
2046,11047,1207,0,87,32,12,0x200148
2047,11048,1207,0,87,32,12,0x2006c8
2048,11049,1207,0,87,32,12,0x200c48
2049,11050,1207,0,87,32,7,0x2011c8
2050,11051,1207,0,87,32,7,0x20170c
2051,11052,1207,0,87,32,7,0x201b60
2052,11053,1207,0,87,32,7,0x201e8c
2053,11054,1207,0,87,32,7,0x2021dc
2054,11055,1207,0,87,32,7,0x202584
2055,11056,1207,0,87,32,7,0x2028bc
2056,11057,1207,0,87,32,7,0x202ba0
2057,11058,1207,0,87,32,7,0x202e34
2058,11059,1207,2,87,32,7,0x203124
2059,11060,4677,0,87,32,12,0x203414
2060,11061,4677,0,87,32,12,0x203994
2061,11062,4677,0,87,32,12,0x203f14
2062,11063,4677,0,87,32,7,0x204494
2063,11064,4677,0,87,32,7,0x2049e0
2064,11065,4677,0,87,32,7,0x204f00
2065,11066,4677,0,87,32,7,0x2053c4
2066,11067,4677,0,87,32,12,0x205904
2067,11068,4677,0,87,32,12,0x205e84
2068,11069,4677,0,87,32,12,0x206404
2069,11070,4677,0,87,32,12,0x206984
2070,11071,4677,0,87,32,12,0x206f04
2071,11072,4677,0,87,32,12,0x207484
2072,11073,4677,0,87,32,12,0x207a04
2073,11074,4677,0,87,32,12,0x207f84
2074,11075,4677,0,87,32,12,0x208504
2075,11076,4677,0,87,32,12,0x208a84
2076,11077,4677,0,87,32,1,0x209004
2077,11078,4677,0,87,32,1,0x20933c
2078,11079,4677,0,87,32,1,0x209710
2079,11080,4677,0,87,32,1,0x209ae0
2080,11081,4677,0,87,32,1,0x209eac
2081,11082,4677,0,87,32,1,0x20a284
2082,11083,4677,0,87,32,1,0x20a61c
2083,11084,4677,0,87,32,1,0x20a960
2084,11085,4677,0,87,32,1,0x20acdc
2085,11086,4677,0,87,32,1,0x20b054
2086,11087,4677,0,87,32,1,0x20b434
2087,11088,4677,0,87,32,1,0x20b848
2088,11089,4677,0,87,32,1,0x20bc18
2089,11090,4677,0,87,32,1,0x20c028
2090,11091,4677,0,87,32,7,0x20c464
2091,11092,4677,0,87,32,1,0x20c8cc
2092,11093,4677,0,87,32,7,0x20cdcc
2093,11094,4677,0,87,32,7,0x20d214
2094,11095,4677,0,87,32,7,0x20d5d4
2095,11096,4677,0,87,32,7,0x20d968
2096,11097,4677,0,87,32,7,0x20dd30
2097,11098,4677,0,87,32,7,0x20e134
2098,11099,4677,0,87,32,7,0x20e530
2099,11100,4677,0,87,32,7,0x20e920
2100,11101,4677,0,87,32,7,0x20ed44
2101,11102,4677,0,87,32,7,0x20f178
2102,11103,4677,0,87,32,7,0x20f5b8
2103,11104,4677,0,87,32,7,0x20fa08
2104,11105,4677,0,87,32,1,0x20fe90
2105,11106,4677,4,87,32,1,0x21033c
2106,11107,4677,1,87,32,9,0x210808
2107,11108,4677,0,87,32,7,0x210cf0
2108,11109,4677,0,87,32,1,0x211228
2109,11110,4677,4,87,32,7,0x211768
2110,11111,4677,1,87,32,9,0x211c98
2111,11112,4677,4,87,32,7,0x2121b0
2112,11113,4677,5,87,32,9,0x2126e0
2113,11114,4677,5,87,32,9,0x212bc0
2114,11115,4677,1,87,32,3,0x213064
2115,11116,4677,0,87,32,7,0x21353c
2116,11117,4677,0,87,32,7,0x2139e0
2117,11118,4677,0,87,32,7,0x213e80
2118,11119,4677,0,87,32,7,0x214300
2119,11120,4677,0,87,32,1,0x2147d0
2120,11121,4677,0,87,32,1,0x214c84
2121,11122,4677,0,87,32,1,0x215124
2122,11123,4677,0,87,32,1,0x2155c0
2123,11124,4677,0,87,32,1,0x215acc
2124,11125,4677,0,87,32,1,0x215fdc
2125,11126,4677,0,87,32,1,0x216518
2126,11127,4677,0,87,32,1,0x216a74
2127,11128,4677,0,87,32,12,0x216ff4
2128,11129,4677,0,87,32,12,0x217574
2129,11130,4677,0,87,32,12,0x217af4
2130,11131,4677,0,87,32,12,0x218074
2131,11132,4677,0,87,32,12,0x2185f4
2132,11133,4677,0,87,32,12,0x218b74
2133,11134,4677,2,87,32,12,0x2190f4
2134,11135,18577,0,87,32,12,0x219674
2135,11136,18577,0,87,32,12,0x219bf4
2136,11137,18577,0,87,32,12,0x21a174
2137,11138,18577,0,87,32,12,0x21a6f4
2138,11139,18577,0,87,32,1,0x21ac74
2139,11140,18577,0,87,32,7,0x21b1dc
2140,11141,18577,0,87,32,7,0x21b6fc
2141,11142,18577,0,87,32,1,0x21bc18
2142,11143,18577,0,87,32,1,0x21bfec
2143,11144,18577,0,87,32,12,0x21c4e0
2144,11145,18577,0,87,32,12,0x21ca60
2145,11146,18577,0,87,32,1,0x21cfe0
2146,11147,18577,0,87,32,1,0x21d4e8
2147,11148,18577,0,87,32,1,0x21d9c0
2148,11149,18577,0,87,32,1,0x21de70
2149,11150,18577,0,87,32,1,0x21e324
2150,11151,18577,0,87,32,1,0x21e7ec
2151,11152,18577,0,87,32,1,0x21ec9c
2152,11153,18577,0,87,32,1,0x21f0f8
2153,11154,18577,0,87,32,1,0x21f538
2154,11155,18577,0,87,32,1,0x21f974
2155,11156,18577,0,87,32,1,0x21fd70
2156,11157,18577,0,87,32,1,0x220158
2157,11158,18577,0,87,32,1,0x220540
2158,11159,18577,0,87,32,1,0x22090c
2159,11160,18577,0,87,32,1,0x220cdc
2160,11161,18577,0,87,32,1,0x22109c
2161,11162,18577,0,87,32,1,0x221460
2162,11163,18577,0,87,32,1,0x221828
2163,11164,18577,0,87,32,1,0x221c10
2164,11165,18577,4,87,32,1,0x222018
2165,11166,18577,5,87,32,3,0x222410
2166,11167,18577,5,87,32,3,0x222804
2167,11168,18577,5,87,32,3,0x222bec
2168,11169,18577,5,87,32,3,0x222fb4
2169,11170,18577,5,87,32,3,0x2233b8
2170,11171,18577,1,87,32,3,0x2237e0
2171,11172,18577,4,87,32,1,0x223c28
2172,11173,18577,1,87,32,3,0x224078
2173,11174,18577,4,87,32,7,0x2244c0
2174,11175,18577,5,87,32,3,0x22494c
2175,11176,18577,5,87,32,3,0x224dc0
2176,11177,18577,1,87,32,3,0x225228
2177,11178,18577,0,87,32,1,0x225688
2178,11179,18577,4,87,32,1,0x225af0
2179,11180,18577,1,87,32,3,0x225f64
2180,11181,18577,0,87,32,1,0x2263d4
2181,11182,18577,0,87,32,1,0x226828
2182,11183,18577,0,87,32,1,0x226c70
2183,11184,18577,0,87,32,1,0x227098
2184,11185,18577,0,87,32,1,0x2274ac
2185,11186,18577,0,87,32,1,0x2278cc
2186,11187,18577,0,87,32,1,0x227cb4
2187,11188,18577,0,87,32,1,0x228088
2188,11189,18577,0,87,32,1,0x22842c
2189,11190,18577,0,87,32,1,0x2287d8
2190,11191,18577,2,87,32,1,0x228b70
2191,11192,18577,0,87,32,12,0x228ef0
2192,11193,18577,0,87,32,12,0x229470
2193,11194,18577,0,87,32,12,0x2299f0
2194,11195,18577,0,87,32,12,0x229f70
2195,11196,18577,0,87,32,12,0x22a4f0
2196,11197,18577,0,87,32,12,0x22aa70
2197,11198,18577,0,87,32,12,0x22aff0
2198,11199,18577,0,87,32,12,0x22b570
2199,11200,18577,0,87,32,12,0x22baf0
2200,11201,18577,0,87,32,12,0x22c070
2201,11202,18577,0,87,32,12,0x22c5f0
2202,11203,18577,0,87,32,12,0x22cb70
2203,11204,18577,0,87,32,12,0x22d0f0
2204,11205,18577,0,87,32,12,0x22d670
2205,11206,18577,0,87,32,12,0x22dbf0
2206,11207,18577,0,87,32,12,0x22e170
2207,11208,18577,0,87,32,12,0x22e6f0
2208,11209,18577,0,87,32,12,0x22ec70
2209,11210,18577,0,87,32,12,0x22f1f0
2210,11211,18577,0,87,32,12,0x22f770
2211,11212,18577,0,87,32,12,0x22fcf0
2212,11213,18577,0,87,32,12,0x230270
2213,11214,18577,0,87,32,12,0x2307f0
2214,11215,18577,0,87,32,12,0x230d70
2215,11216,18577,2,87,32,12,0x2312f0
2216,11217,18590,4,87,32,1,0x231870
2217,11218,18590,5,87,32,3,0x231d58
2218,11219,18590,5,87,32,3,0x232198
2219,11220,18590,5,87,32,3,0x232620
2220,11221,18590,5,87,32,3,0x232a60
2221,11222,18590,1,87,32,3,0x232eb8
2222,11223,18590,0,87,32,1,0x23333c
2223,11224,18590,0,87,32,1,0x2337f8
2224,11225,18590,4,87,32,1,0x233ccc
2225,11226,18590,5,87,32,3,0x2341ac
2226,11227,18590,5,87,32,3,0x234650
2227,11228,18590,5,87,32,3,0x234a40
2228,11229,18590,5,87,32,3,0x234e64
2229,11230,18590,5,87,32,3,0x235264
2230,11231,18590,5,87,32,3,0x23563c
2231,11232,18590,5,87,32,3,0x235984
2232,11233,18590,5,87,32,3,0x235c5c
2233,11234,18590,5,87,32,3,0x235fdc
2234,11235,18590,5,87,32,3,0x23639c
2235,11236,18590,5,87,32,3,0x2367d0
2236,11237,18590,5,87,32,3,0x236c58
2237,11238,18590,5,87,32,3,0x2370cc
2238,11239,18590,5,87,32,3,0x2374d4
2239,11240,18590,5,87,32,3,0x23784c
2240,11241,18590,1,87,32,3,0x237bf8
2241,11242,18590,4,87,32,1,0x237f9c
2242,11243,18590,5,87,32,3,0x238364
2243,11244,18590,5,87,32,3,0x238778
2244,11245,18590,5,87,32,3,0x238b5c
2245,11246,18590,1,87,32,3,0x238f68
2246,11247,18590,0,87,32,1,0x23934c
2247,11248,18590,4,87,32,1,0x2397a4
2248,11249,18590,1,87,32,3,0x239c24
2249,11250,18590,0,87,32,1,0x23a0b4
2250,11251,18590,0,87,32,1,0x23a57c
2251,11252,18590,0,87,32,1,0x23aa14
2252,11253,18590,4,87,32,1,0x23af00
2253,11254,18590,1,87,32,3,0x23b460
2254,11255,18590,0,87,32,1,0x23b9d0
2255,11256,18590,4,87,32,1,0x23bef0
2256,11257,18590,5,87,32,3,0x23c3f8
2257,11258,18590,5,87,32,3,0x23c8e8
2258,11259,18590,1,87,32,3,0x23cd80
2259,11260,18590,0,87,32,1,0x23d278
2260,11261,18590,0,87,32,1,0x23d7b8
2261,11262,18590,0,87,32,1,0x23dce4
2262,11263,18590,0,87,32,1,0x23e228
2263,11264,18590,0,87,32,1,0x23e76c
2264,11265,18590,0,87,32,12,0x23ecd8
2265,11266,18590,0,87,32,12,0x23f258
2266,11267,18590,0,87,32,12,0x23f7d8
2267,11268,18590,0,87,32,12,0x23fd58
2268,11269,18590,0,87,32,12,0x2402d8
2269,11270,18590,0,87,32,12,0x240858
2270,11271,18590,0,87,32,12,0x240dd8
2271,11272,18590,0,87,32,12,0x241358
2272,11273,18590,0,87,32,12,0x2418d8
2273,11274,18590,0,87,32,12,0x241e58
2274,11275,18590,0,87,32,12,0x2423d8
2275,11276,18590,0,87,32,12,0x242958
2276,11277,18590,0,87,32,12,0x242ed8
2277,11278,18590,0,87,32,12,0x243458
2278,11279,18590,0,87,32,12,0x2439d8
2279,11280,18590,0,87,32,12,0x243f58
2280,11281,18590,0,87,32,12,0x2444d8
2281,11282,18590,0,87,32,12,0x244a58
2282,11283,18590,0,87,32,12,0x244fd8
2283,11284,18590,0,87,32,12,0x245558
2284,11285,18590,0,87,32,12,0x245ad8
2285,11286,18590,0,87,32,12,0x246058
2286,11287,18590,0,87,32,12,0x2465d8
2287,11288,18590,0,87,32,12,0x246b58
2288,11289,18590,0,87,32,12,0x2470d8
2289,11290,18590,0,87,32,12,0x247658
2290,11291,18590,0,87,32,12,0x247bd8
2291,11292,18590,0,87,32,1,0x248158
2292,11293,18590,0,87,32,1,0x2486c0
2293,11294,18590,2,87,32,1,0x248c3c
2294,11295,18594,0,87,32,12,0x24913c
2295,11296,18594,0,87,32,12,0x2496bc
2296,11297,18594,0,87,32,12,0x249c3c
2297,11298,18594,0,87,32,12,0x24a1bc
2298,11299,18594,0,87,32,12,0x24a73c
2299,11300,18594,0,87,32,12,0x24acbc
2300,11301,18594,0,87,32,12,0x24b23c
2301,11302,18594,0,87,32,12,0x24b7bc
2302,11303,18594,0,87,32,12,0x24bd3c
2303,11304,18594,0,87,32,12,0x24c2bc
2304,11305,18594,0,87,32,12,0x24c83c
2305,11306,18594,0,87,32,12,0x24cdbc
2306,11307,18594,0,87,32,12,0x24d33c
2307,11308,18594,0,87,32,12,0x24d8bc
2308,11309,18594,0,87,32,12,0x24de3c
2309,11310,18594,0,87,32,12,0x24e3bc
2310,11311,18594,0,87,32,12,0x24e93c
2311,11312,18594,2,87,32,12,0x24eebc
2312,11313,17860,0,87,32,1,0x24f43c
2313,11314,17860,0,87,32,1,0x24f968
2314,11315,17860,0,87,32,1,0x24fe60
2315,11316,17860,0,87,32,1,0x250378
2316,11317,17860,0,87,32,1,0x2508c0
2317,11318,17860,0,87,32,12,0x250de4
2318,11319,17860,0,87,32,12,0x251364
2319,11320,17860,0,87,32,12,0x2518e4
2320,11321,17860,0,87,32,12,0x251e64
2321,11322,17860,0,87,32,12,0x2523e4
2322,11323,17860,0,87,32,12,0x252964
2323,11324,17860,0,87,32,12,0x252ee4
2324,11325,17860,0,87,32,12,0x253464
2325,11326,17860,0,87,32,12,0x2539e4
2326,11327,17860,0,87,32,12,0x253f64
2327,11328,17860,0,87,32,12,0x2544e4
2328,11329,17860,0,87,32,12,0x254a64
2329,11330,17860,0,87,32,12,0x254fe4
2330,11331,17860,0,87,32,12,0x255564
2331,11332,17860,0,87,32,12,0x255ae4
2332,11333,17860,0,87,32,12,0x256064
2333,11334,17860,0,87,32,12,0x2565e4
2334,11335,17860,0,87,32,12,0x256b64
2335,11336,17860,0,87,32,12,0x2570e4
2336,11337,17860,0,87,32,12,0x257664
2337,11338,17860,0,87,32,12,0x257be4
2338,11339,17860,0,87,32,12,0x258164
2339,11340,17860,0,87,32,12,0x2586e4
2340,11341,17860,0,87,32,12,0x258c64
2341,11342,17860,0,87,32,12,0x2591e4
2342,11343,17860,0,87,32,12,0x259764
2343,11344,17860,0,87,32,12,0x259ce4
2344,11345,17860,2,87,32,12,0x25a264
2345,11346,13910,0,87,32,12,0x25a7e4
2346,11347,13910,0,87,32,12,0x25ad64
2347,11348,13910,0,87,32,12,0x25b2e4
2348,11349,13910,0,87,32,12,0x25b864
2349,11350,13910,0,87,32,12,0x25bde4
2350,11351,13910,0,87,32,12,0x25c364
2351,11352,13910,0,87,32,12,0x25c8e4
2352,11353,13910,0,87,32,12,0x25ce64
2353,11354,13910,0,87,32,12,0x25d3e4
2354,11355,13910,0,87,32,12,0x25d964
2355,11356,13910,0,87,32,12,0x25dee4
2356,11357,13910,0,87,32,12,0x25e464
2357,11358,13910,0,87,32,12,0x25e9e4
2358,11359,13910,0,87,32,12,0x25ef64
2359,11360,13910,0,87,32,12,0x25f4e4
2360,11361,13910,0,87,32,12,0x25fa64
2361,11362,13910,0,87,32,12,0x25ffe4
2362,11363,13910,0,87,32,1,0x260564
2363,11364,13910,0,87,32,12,0x260a94
2364,11365,13910,0,87,32,12,0x261014
2365,11366,13910,0,87,32,12,0x261594
2366,11367,13910,0,87,32,12,0x261b14
2367,11368,13910,0,87,32,12,0x262094
2368,11369,13910,0,87,32,12,0x262614
2369,11370,13910,0,87,32,12,0x262b94
2370,11371,13910,0,87,32,12,0x263114
2371,11372,13910,0,87,32,12,0x263694
2372,11373,13910,0,87,32,7,0x263c14
2373,11374,13910,0,87,32,12,0x264144
2374,11375,13910,0,87,32,12,0x2646c4
2375,11376,13910,2,87,32,12,0x264c44
2376,11377,14301,0,87,32,12,0x2651c4
2377,11378,14301,0,87,32,12,0x265744
2378,11379,14301,0,87,32,12,0x265cc4
2379,11380,14301,0,87,32,12,0x266244
2380,11381,14301,0,87,32,12,0x2667c4
2381,11382,14301,0,87,32,12,0x266d44
2382,11383,14301,0,87,32,12,0x2672c4
2383,11384,14301,0,87,32,7,0x267844
2384,11385,14301,0,87,32,1,0x267d20
2385,11386,14301,0,87,32,1,0x2681c4
2386,11387,14301,0,87,32,12,0x268690
2387,11388,14301,0,87,32,12,0x268c10
2388,11389,14301,0,87,32,12,0x269190
2389,11390,14301,0,87,32,12,0x269710
2390,11391,14301,0,87,32,12,0x269c90
2391,11392,14301,0,87,32,12,0x26a210
2392,11393,14301,0,87,32,12,0x26a790
2393,11394,14301,0,87,32,1,0x26ad10
2394,11395,14301,0,87,32,1,0x26b22c
2395,11396,14301,0,87,32,12,0x26b70c
2396,11397,14301,0,87,32,12,0x26bc8c
2397,11398,14301,0,87,32,1,0x26c20c
2398,11399,14301,0,87,32,7,0x26c730
2399,11400,14301,0,87,32,7,0x26caac
2400,11401,14301,0,87,32,7,0x26ce90
2401,11402,14301,0,87,32,7,0x26d25c
2402,11403,14301,0,87,32,7,0x26d624
2403,11404,14301,0,87,32,7,0x26d968
2404,11405,14301,0,87,32,7,0x26dc18
2405,11406,14301,0,87,32,7,0x26de7c
2406,11407,14301,0,87,32,7,0x26e048
2407,11408,14301,0,87,32,7,0x26e1b8
2408,11409,14301,0,87,32,7,0x26e360
2409,11410,14301,0,87,32,1,0x26e544
2410,11411,14301,0,87,32,1,0x26e768
2411,11412,14301,0,87,32,1,0x26e9b4
2412,11413,14301,0,87,32,1,0x26ebf0
2413,11414,14301,0,87,32,1,0x26eda8
2414,11415,14301,0,87,32,1,0x26ef00
2415,11416,14301,0,87,32,1,0x26eff8
2416,11417,14301,0,87,32,1,0x26f360
2417,11418,14301,0,87,32,1,0x26f6d8
2418,11419,14301,0,87,32,12,0x26faf8
2419,11420,14301,0,87,32,12,0x270078
2420,11421,14301,0,87,32,12,0x2705f8
2421,11422,14301,0,87,32,12,0x270b78
2422,11423,14301,2,87,32,12,0x2710f8
2423,11424,16985,0,87,32,12,0x271678
2424,11425,16985,0,87,32,12,0x271bf8
2425,11426,16985,0,87,32,12,0x272178
2426,11427,16985,0,87,32,12,0x2726f8
2427,11428,16985,0,87,32,12,0x272c78
2428,11429,16985,0,87,32,12,0x2731f8
2429,11430,16985,0,87,32,12,0x273778
2430,11431,16985,0,87,32,12,0x273cf8
2431,11432,16985,0,87,32,12,0x274278
2432,11433,16985,0,87,32,12,0x2747f8
2433,11434,16985,0,87,32,12,0x274d78
2434,11435,16985,0,87,32,12,0x2752f8
2435,11436,16985,0,87,32,12,0x275878
2436,11437,16985,0,87,32,12,0x275df8
2437,11438,16985,0,87,32,12,0x276378
2438,11439,16985,0,87,32,12,0x2768f8
2439,11440,16985,0,87,32,12,0x276e78
2440,11441,16985,0,87,32,12,0x2773f8
2441,11442,16985,0,87,32,12,0x277978
2442,11443,16985,0,87,32,12,0x277ef8
2443,11444,16985,0,87,32,12,0x278478
2444,11445,16985,0,87,32,12,0x2789f8
2445,11446,16985,0,87,32,12,0x278f78
2446,11447,16985,0,87,32,12,0x2794f8
2447,11448,16985,0,87,32,12,0x279a78
2448,11449,16985,0,87,32,12,0x279ff8
2449,11450,16985,0,87,32,12,0x27a578
2450,11451,16985,0,87,32,12,0x27aaf8
2451,11452,16985,0,87,32,12,0x27b078
2452,11453,16985,0,87,32,12,0x27b5f8
2453,11454,16985,0,87,32,12,0x27bb78
2454,11455,16985,0,87,32,12,0x27c0f8
2455,11456,16985,2,87,32,12,0x27c678
2456,11457,2550,0,87,32,12,0x27cbf8
2457,11458,2550,0,87,32,12,0x27d178
2458,11459,2550,0,87,32,12,0x27d6f8
2459,11460,2550,0,87,32,12,0x27dc78
2460,11461,2550,0,87,32,12,0x27e1f8
2461,11462,2550,0,87,32,12,0x27e778
2462,11463,2550,0,87,32,12,0x27ecf8
2463,11464,2550,0,87,32,12,0x27f278
2464,11465,2550,0,87,32,12,0x27f7f8
2465,11466,2550,0,87,32,12,0x27fd78
2466,11467,2550,0,87,32,12,0x2802f8
2467,11468,2550,0,87,32,12,0x280878
2468,11469,2550,0,87,32,12,0x280df8
2469,11470,2550,0,87,32,12,0x281378
2470,11471,2550,0,87,32,12,0x2818f8
2471,11472,2550,0,87,32,12,0x281e78
2472,11473,2550,0,87,32,12,0x2823f8
2473,11474,2550,0,87,32,12,0x282978
2474,11475,2550,0,87,32,12,0x282ef8
2475,11476,2550,0,87,32,12,0x283478
2476,11477,2550,0,87,32,12,0x2839f8
2477,11478,2550,0,87,32,12,0x283f78
2478,11479,2550,0,87,32,12,0x2844f8
2479,11480,2550,0,87,32,12,0x284a78
2480,11481,2550,0,87,32,12,0x284ff8
2481,11482,2550,0,87,32,12,0x285578
2482,11483,2550,0,87,32,12,0x285af8
2483,11484,2550,0,87,32,12,0x286078
2484,11485,2550,0,87,32,12,0x2865f8
2485,11486,2550,0,87,32,12,0x286b78
2486,11487,2550,0,87,32,12,0x2870f8
2487,11488,2550,0,87,32,12,0x287678
2488,11489,2550,0,87,32,12,0x287bf8
2489,11490,2550,0,87,32,12,0x288178
2490,11491,2550,0,87,32,12,0x2886f8
2491,11492,2550,0,87,32,12,0x288c78
2492,11493,2550,0,87,32,12,0x2891f8
2493,11494,2550,0,87,32,12,0x289778
2494,11495,2550,0,87,32,12,0x289cf8
2495,11496,2550,0,87,32,12,0x28a278
2496,11497,2550,0,87,32,12,0x28a7f8
2497,11498,2550,0,87,32,12,0x28ad78
2498,11499,2550,0,87,32,12,0x28b2f8
2499,11500,2550,2,87,32,1,0x28b878
2500,11501,898,0,87,32,7,0x28bdc8
2501,11502,898,0,87,32,12,0x28c324
2502,11503,898,0,87,32,12,0x28c8a4
2503,11504,898,0,87,32,12,0x28ce24
2504,11505,898,0,87,32,12,0x28d3a4
2505,11506,898,0,87,32,12,0x28d924
2506,11507,898,0,87,32,12,0x28dea4
2507,11508,898,0,87,32,12,0x28e424
2508,11509,898,0,87,32,12,0x28e9a4
2509,11510,898,0,87,32,12,0x28ef24
2510,11511,898,0,87,32,12,0x28f4a4
2511,11512,898,0,87,32,12,0x28fa24
2512,11513,898,0,87,32,12,0x28ffa4
2513,11514,898,0,87,32,12,0x290524
2514,11515,898,0,87,32,12,0x290aa4
2515,11516,898,0,87,32,12,0x291024
2516,11517,898,0,87,32,12,0x2915a4
2517,11518,898,0,87,32,12,0x291b24
2518,11519,898,0,87,32,12,0x2920a4
2519,11520,898,0,87,32,12,0x292624
2520,11521,898,0,87,32,12,0x292ba4
2521,11522,898,0,87,32,12,0x293124
2522,11523,898,0,87,32,12,0x2936a4
2523,11524,898,0,87,32,1,0x293c24
2524,11525,898,0,87,32,12,0x294160
2525,11526,898,0,87,32,12,0x2946e0
2526,11527,898,0,87,32,12,0x294c60
2527,11528,898,0,87,32,12,0x2951e0
2528,11529,898,0,87,32,12,0x295760
2529,11530,898,0,87,32,12,0x295ce0
2530,11531,898,0,87,32,7,0x296260
2531,11532,898,0,87,32,12,0x296758
2532,11533,898,0,87,32,12,0x296cd8
2533,11534,898,0,87,32,12,0x297258
2534,11535,898,0,87,32,12,0x2977d8
2535,11536,898,0,87,32,12,0x297d58
2536,11537,898,0,87,32,12,0x2982d8
2537,11538,898,0,87,32,12,0x298858
2538,11539,898,0,87,32,12,0x298dd8
2539,11540,898,0,87,32,12,0x299358
2540,11541,898,0,87,32,12,0x2998d8
2541,11542,898,0,87,32,12,0x299e58
2542,11543,898,0,87,32,12,0x29a3d8
2543,11544,898,0,87,32,12,0x29a958
2544,11545,898,0,87,32,12,0x29aed8
2545,11546,898,0,87,32,12,0x29b458
2546,11547,898,0,87,32,12,0x29b9d8
2547,11548,898,0,87,32,12,0x29bf58
2548,11549,898,0,87,32,12,0x29c4d8
2549,11550,898,0,87,32,12,0x29ca58
2550,11551,898,0,87,32,12,0x29cfd8
2551,11552,898,0,87,32,12,0x29d558
2552,11553,898,0,87,32,12,0x29dad8
2553,11554,898,0,87,32,12,0x29e058
2554,11555,898,0,87,32,12,0x29e5d8
2555,11556,898,2,87,32,12,0x29eb58
2556,11557,18577,0,87,32,12,0x29f0d8
2557,11558,18577,0,87,32,12,0x29f658
2558,11559,18577,0,87,32,12,0x29fbd8
2559,11560,18577,0,87,32,12,0x2a0158
2560,11561,18577,0,87,32,12,0x2a06d8
2561,11562,18577,0,87,32,12,0x2a0c58
2562,11563,18577,0,87,32,12,0x2a11d8
2563,11564,18577,0,87,32,12,0x2a1758
2564,11565,18577,0,87,32,12,0x2a1cd8
2565,11566,18577,0,87,32,12,0x2a2258
2566,11567,18577,0,87,32,12,0x2a27d8
2567,11568,18577,0,87,32,12,0x2a2d58
2568,11569,18577,0,87,32,12,0x2a32d8
2569,11570,18577,0,87,32,12,0x2a3858
2570,11571,18577,0,87,32,12,0x2a3dd8
2571,11572,18577,0,87,32,12,0x2a4358
2572,11573,18577,0,87,32,12,0x2a48d8
2573,11574,18577,0,87,32,12,0x2a4e58
2574,11575,18577,0,87,32,12,0x2a53d8
2575,11576,18577,0,87,32,12,0x2a5958
2576,11577,18577,0,87,32,12,0x2a5ed8
2577,11578,18577,0,87,32,12,0x2a6458
2578,11579,18577,0,87,32,12,0x2a69d8
2579,11580,18577,0,87,32,12,0x2a6f58
2580,11581,18577,0,87,32,12,0x2a74d8
2581,11582,18577,0,87,32,12,0x2a7a58
2582,11583,18577,0,87,32,12,0x2a7fd8
2583,11584,18577,0,87,32,12,0x2a8558
2584,11585,18577,0,87,32,12,0x2a8ad8
2585,11586,18577,0,87,32,12,0x2a9058
2586,11587,18577,0,87,32,12,0x2a95d8
2587,11588,18577,0,87,32,12,0x2a9b58
2588,11589,18577,0,87,32,12,0x2aa0d8
2589,11590,18577,0,87,32,12,0x2aa658
2590,11591,18577,0,87,32,12,0x2aabd8
2591,11592,18577,2,87,32,12,0x2ab158
2592,11593,18600,0,87,32,12,0x2ab6d8
2593,11594,18600,0,87,32,12,0x2abc58
2594,11595,18600,0,87,32,12,0x2ac1d8
2595,11596,18600,0,87,32,12,0x2ac758
2596,11597,18600,0,87,32,12,0x2accd8
2597,11598,18600,0,87,32,12,0x2ad258
2598,11599,18600,0,87,32,12,0x2ad7d8
2599,11600,18600,0,87,32,12,0x2add58
2600,11601,18600,0,87,32,12,0x2ae2d8
2601,11602,18600,0,87,32,12,0x2ae858
2602,11603,18600,0,87,32,12,0x2aedd8
2603,11604,18600,0,87,32,12,0x2af358
2604,11605,18600,0,87,32,12,0x2af8d8
2605,11606,18600,0,87,32,12,0x2afe58
2606,11607,18600,0,87,32,12,0x2b03d8
2607,11608,18600,0,87,32,12,0x2b0958
2608,11609,18600,0,87,32,12,0x2b0ed8
2609,11610,18600,0,87,32,12,0x2b1458
2610,11611,18600,0,87,32,12,0x2b19d8
2611,11612,18600,0,87,32,12,0x2b1f58
2612,11613,18600,0,87,32,12,0x2b24d8
2613,11614,18600,0,87,32,12,0x2b2a58
2614,11615,18600,0,87,32,12,0x2b2fd8
2615,11616,18600,0,87,32,12,0x2b3558
2616,11617,18600,0,87,32,12,0x2b3ad8
2617,11618,18600,0,87,32,12,0x2b4058
2618,11619,18600,0,87,32,12,0x2b45d8
2619,11620,18600,0,87,32,12,0x2b4b58
2620,11621,18600,0,87,32,12,0x2b50d8
2621,11622,18600,0,87,32,12,0x2b5658
2622,11623,18600,0,87,32,12,0x2b5bd8
2623,11624,18600,0,87,32,12,0x2b6158
2624,11625,18600,0,87,32,12,0x2b66d8
2625,11626,18600,0,87,32,12,0x2b6c58
2626,11627,18600,0,87,32,12,0x2b71d8
2627,11628,18600,0,87,32,12,0x2b7758
2628,11629,18600,0,87,32,12,0x2b7cd8
2629,11630,18600,0,87,32,12,0x2b8258
2630,11631,18600,0,87,32,12,0x2b87d8
2631,11632,18600,0,87,32,12,0x2b8d58
2632,11633,18600,0,87,32,12,0x2b92d8
2633,11634,18600,0,87,32,12,0x2b9858
2634,11635,18600,0,87,32,12,0x2b9dd8
2635,11636,18600,0,87,32,12,0x2ba358
2636,11637,18600,0,87,32,12,0x2ba8d8
2637,11638,18600,0,87,32,12,0x2bae58
2638,11639,18600,0,87,32,12,0x2bb3d8
2639,11640,18600,0,87,32,12,0x2bb958
2640,11641,18600,0,87,32,1,0x2bbed8
2641,11642,18600,0,87,32,1,0x2bc454
2642,11643,18600,0,87,32,1,0x2bc948
2643,11644,18600,2,87,32,1,0x2bcda8
2644,11645,18577,0,87,32,12,0x2bd240
2645,11646,18577,0,87,32,12,0x2bd7c0
2646,11647,18577,0,87,32,12,0x2bdd40
2647,11648,18577,0,87,32,12,0x2be2c0
2648,11649,18577,0,87,32,12,0x2be840
2649,11650,18577,0,87,32,12,0x2bedc0
2650,11651,18577,0,87,32,12,0x2bf340
2651,11652,18577,0,87,32,12,0x2bf8c0
2652,11653,18577,0,87,32,12,0x2bfe40
2653,11654,18577,0,87,32,12,0x2c03c0
2654,11655,18577,0,87,32,12,0x2c0940
2655,11656,18577,0,87,32,12,0x2c0ec0
2656,11657,18577,0,87,32,12,0x2c1440
2657,11658,18577,0,87,32,12,0x2c19c0
2658,11659,18577,0,87,32,12,0x2c1f40
2659,11660,18577,0,87,32,12,0x2c24c0
2660,11661,18577,0,87,32,12,0x2c2a40
2661,11662,18577,0,87,32,12,0x2c2fc0
2662,11663,18577,0,87,32,12,0x2c3540
2663,11664,18577,0,87,32,12,0x2c3ac0
2664,11665,18577,0,87,32,12,0x2c4040
2665,11666,18577,0,87,32,12,0x2c45c0
2666,11667,18577,0,87,32,12,0x2c4b40
2667,11668,18577,0,87,32,12,0x2c50c0
2668,11669,18577,0,87,32,12,0x2c5640
2669,11670,18577,0,87,32,12,0x2c5bc0
2670,11671,18577,0,87,32,12,0x2c6140
2671,11672,18577,0,87,32,12,0x2c66c0
2672,11673,18577,0,87,32,12,0x2c6c40
2673,11674,18577,0,87,32,12,0x2c71c0
2674,11675,18577,0,87,32,12,0x2c7740
2675,11676,18577,0,87,32,12,0x2c7cc0
2676,11677,18577,0,87,32,12,0x2c8240
2677,11678,18577,0,87,32,12,0x2c87c0
2678,11679,18577,0,87,32,12,0x2c8d40
2679,11680,18577,2,87,32,1,0x2c92c0
2680,11681,18600,0,87,32,12,0x2c981c
2681,11682,18600,0,87,32,12,0x2c9d9c
2682,11683,18600,0,87,32,12,0x2ca31c
2683,11684,18600,0,87,32,12,0x2ca89c
2684,11685,18600,0,87,32,12,0x2cae1c
2685,11686,18600,0,87,32,12,0x2cb39c
2686,11687,18600,0,87,32,12,0x2cb91c
2687,11688,18600,0,87,32,12,0x2cbe9c
2688,11689,18600,0,87,32,12,0x2cc41c
2689,11690,18600,0,87,32,12,0x2cc99c
2690,11691,18600,0,87,32,12,0x2ccf1c
2691,11692,18600,0,87,32,12,0x2cd49c
2692,11693,18600,0,87,32,12,0x2cda1c
2693,11694,18600,0,87,32,12,0x2cdf9c
2694,11695,18600,0,87,32,12,0x2ce51c
2695,11696,18600,0,87,32,12,0x2cea9c
2696,11697,18600,0,87,32,12,0x2cf01c
2697,11698,18600,0,87,32,12,0x2cf59c
2698,11699,18600,0,87,32,12,0x2cfb1c
2699,11700,18600,0,87,32,12,0x2d009c
2700,11701,18600,0,87,32,12,0x2d061c
2701,11702,18600,0,87,32,12,0x2d0b9c
2702,11703,18600,0,87,32,12,0x2d111c
2703,11704,18600,0,87,32,12,0x2d169c
2704,11705,18600,0,87,32,12,0x2d1c1c
2705,11706,18600,0,87,32,12,0x2d219c
2706,11707,18600,0,87,32,12,0x2d271c
2707,11708,18600,0,87,32,12,0x2d2c9c
2708,11709,18600,0,87,32,12,0x2d321c
2709,11710,18600,0,87,32,12,0x2d379c
2710,11711,18600,2,87,32,12,0x2d3d1c
2711,11712,18593,0,87,32,12,0x2d429c
2712,11713,18593,0,87,32,12,0x2d481c
2713,11714,18593,0,87,32,12,0x2d4d9c
2714,11715,18593,0,87,32,12,0x2d531c
2715,11716,18593,0,87,32,12,0x2d589c
2716,11717,18593,0,87,32,12,0x2d5e1c
2717,11718,18593,0,87,32,12,0x2d639c
2718,11719,18593,0,87,32,12,0x2d691c
2719,11720,18593,0,87,32,12,0x2d6e9c
2720,11721,18593,0,87,32,12,0x2d741c
2721,11722,18593,0,87,32,12,0x2d799c
2722,11723,18593,0,87,32,12,0x2d7f1c
2723,11724,18593,0,87,32,12,0x2d849c
2724,11725,18593,0,87,32,12,0x2d8a1c
2725,11726,18593,0,87,32,12,0x2d8f9c
2726,11727,18593,0,87,32,12,0x2d951c
2727,11728,18593,0,87,32,12,0x2d9a9c
2728,11729,18593,0,87,32,12,0x2da01c
2729,11730,18593,0,87,32,12,0x2da59c
2730,11731,18593,0,87,32,12,0x2dab1c
2731,11732,18593,0,87,32,12,0x2db09c
2732,11733,18593,0,87,32,12,0x2db61c
2733,11734,18593,0,87,32,12,0x2dbb9c
2734,11735,18593,0,87,32,12,0x2dc11c
2735,11736,18593,0,87,32,12,0x2dc69c
2736,11737,18593,0,87,32,12,0x2dcc1c
2737,11738,18593,0,87,32,12,0x2dd19c
2738,11739,18593,0,87,32,12,0x2dd71c
2739,11740,18593,0,87,32,12,0x2ddc9c
2740,11741,18593,0,87,32,12,0x2de21c
2741,11742,18593,0,87,32,12,0x2de79c
2742,11743,18593,0,87,32,12,0x2ded1c
2743,11744,18593,2,87,32,12,0x2df29c
2744,11745,18577,4,128,32,7,0x2df81c
2745,11746,18577,5,128,32,9,0x2df8bc
2746,11747,18577,5,128,32,9,0x2df910
2747,11748,18577,5,128,32,9,0x2df980
2748,11749,18577,5,128,32,9,0x2dfa20
2749,11750,18577,5,128,32,9,0x2dfaf8
2750,11751,18577,1,128,32,9,0x2dfc14
2751,11752,18577,0,128,32,7,0x2dfd9c
2752,11753,18577,0,128,32,7,0x2dffc0
2753,11754,18577,0,128,32,7,0x2e026c
2754,11755,18577,0,128,32,7,0x2e05dc
2755,11756,18577,0,128,32,7,0x2e09f4
2756,11757,18577,0,128,32,7,0x2e0ea8
2757,11758,18577,0,128,32,7,0x2e13e8
2758,11759,18577,0,128,32,7,0x2e19c0
2759,11760,18577,0,128,32,7,0x2e2034
2760,11761,18577,0,128,32,7,0x2e272c
2761,11762,18577,0,128,32,7,0x2e2e0c
2762,11763,18577,0,128,32,7,0x2e3478
2763,11764,18577,0,128,32,7,0x2e3a58
2764,11765,18577,0,128,32,7,0x2e3e6c
2765,11766,18577,0,128,32,1,0x2e4054
2766,11767,18577,4,128,32,7,0x2e40ec
2767,11768,18577,5,128,32,3,0x2e418c
2768,11769,18577,5,128,32,9,0x2e41e0
2769,11770,18577,5,128,32,9,0x2e4250
2770,11771,18577,5,128,32,9,0x2e42f0
2771,11772,18577,5,128,32,9,0x2e43c8
2772,11773,18577,1,128,32,9,0x2e44e4
2773,11774,18577,0,128,32,7,0x2e466c
2774,11775,18577,0,128,32,7,0x2e4890
2775,11776,18577,0,128,32,7,0x2e4b3c
2776,11777,18577,0,128,32,7,0x2e4ea8
2777,11778,18577,0,128,32,7,0x2e52c0
2778,11779,18577,0,128,32,7,0x2e5774
2779,11780,18577,0,128,32,7,0x2e5cb8
2780,11781,18577,0,128,32,7,0x2e6290
2781,11782,18577,0,128,32,7,0x2e6904
2782,11783,18577,0,128,32,7,0x2e6ffc
2783,11784,18577,0,128,32,7,0x2e76d0
2784,11785,18577,0,128,32,7,0x2e7d3c
2785,11786,18577,0,128,32,7,0x2e831c
2786,11787,18577,0,128,32,7,0x2e8730
2787,11788,18577,2,128,32,1,0x2e8918
2788,11789,2902,0,128,32,7,0x2e89ac
2789,11790,2902,0,128,32,7,0x2e8a50
2790,11791,2902,0,128,32,7,0x2e8b54
2791,11792,2902,0,128,32,7,0x2e8d54
2792,11793,2902,0,128,32,7,0x2e90e0
2793,11794,2902,0,128,32,7,0x2e958c
2794,11795,2902,0,128,32,7,0x2e9a30
2795,11796,2902,0,128,32,7,0x2e9df8
2796,11797,2902,0,128,32,7,0x2e9f24
2797,11798,2902,0,128,32,7,0x2e9fc0
2798,11799,2902,0,128,32,7,0x2ea064
2799,11800,2902,0,128,32,7,0x2ea168
2800,11801,2902,0,128,32,7,0x2ea364
2801,11802,2902,0,128,32,7,0x2ea6f0
2802,11803,2902,0,128,32,7,0x2eaba0
2803,11804,2902,0,128,32,7,0x2eb048
2804,11805,2902,0,128,32,7,0x2eb410
2805,11806,2902,2,128,32,7,0x2eb540
2806,11807,18577,0,87,32,12,0x2eb5dc
2807,11808,18577,0,87,32,12,0x2ebb5c
2808,11809,18577,0,87,32,12,0x2ec0dc
2809,11810,18577,0,87,32,12,0x2ec65c
2810,11811,18577,0,87,32,12,0x2ecbdc
2811,11812,18577,0,87,32,12,0x2ed15c
2812,11813,18577,0,87,32,12,0x2ed6dc
2813,11814,18577,0,87,32,12,0x2edc5c
2814,11815,18577,0,87,32,12,0x2ee1dc
2815,11816,18577,0,87,32,12,0x2ee75c
2816,11817,18577,0,87,32,12,0x2eecdc
2817,11818,18577,0,87,32,12,0x2ef25c
2818,11819,18577,0,87,32,12,0x2ef7dc
2819,11820,18577,0,87,32,12,0x2efd5c
2820,11821,18577,0,87,32,12,0x2f02dc
2821,11822,18577,0,87,32,12,0x2f085c
2822,11823,18577,0,87,32,12,0x2f0ddc
2823,11824,18577,0,87,32,12,0x2f135c
2824,11825,18577,0,87,32,12,0x2f18dc
2825,11826,18577,0,87,32,12,0x2f1e5c
2826,11827,18577,0,87,32,12,0x2f23dc
2827,11828,18577,0,87,32,12,0x2f295c
2828,11829,18577,0,87,32,12,0x2f2edc
2829,11830,18577,2,87,32,12,0x2f345c
2830,11831,786,0,87,32,12,0x2f39dc
2831,11832,786,0,87,32,12,0x2f3f5c
2832,11833,786,0,87,32,12,0x2f44dc
2833,11834,786,0,87,32,12,0x2f4a5c
2834,11835,786,0,87,32,12,0x2f4fdc
2835,11836,786,0,87,32,12,0x2f555c
2836,11837,786,0,87,32,12,0x2f5adc
2837,11838,786,0,87,32,12,0x2f605c
2838,11839,786,0,87,32,12,0x2f65dc
2839,11840,786,0,87,32,12,0x2f6b5c
2840,11841,786,0,87,32,12,0x2f70dc
2841,11842,786,0,87,32,12,0x2f765c
2842,11843,786,0,87,32,12,0x2f7bdc
2843,11844,786,0,87,32,12,0x2f815c
2844,11845,786,0,87,32,12,0x2f86dc
2845,11846,786,0,87,32,12,0x2f8c5c
2846,11847,786,0,87,32,12,0x2f91dc
2847,11848,786,0,87,32,12,0x2f975c
2848,11849,786,0,87,32,12,0x2f9cdc
2849,11850,786,0,87,32,12,0x2fa25c
2850,11851,786,0,87,32,12,0x2fa7dc
2851,11852,786,0,87,32,12,0x2fad5c
2852,11853,786,0,87,32,12,0x2fb2dc
2853,11854,786,0,87,32,12,0x2fb85c
2854,11855,786,0,87,32,12,0x2fbddc
2855,11856,786,0,87,32,12,0x2fc35c
2856,11857,786,0,87,32,12,0x2fc8dc
2857,11858,786,0,87,32,12,0x2fce5c
2858,11859,786,0,87,32,12,0x2fd3dc
2859,11860,786,0,87,32,12,0x2fd95c
2860,11861,786,2,87,32,12,0x2fdedc
2861,11862,18594,0,87,32,12,0x2fe45c
2862,11863,18594,0,87,32,12,0x2fe9dc
2863,11864,18594,0,87,32,12,0x2fef5c
2864,11865,18594,0,87,32,12,0x2ff4dc
2865,11866,18594,0,87,32,12,0x2ffa5c
2866,11867,18594,0,87,32,12,0x2fffdc
2867,11868,18594,0,87,32,12,0x30055c
2868,11869,18594,0,87,32,12,0x300adc
2869,11870,18594,0,87,32,12,0x30105c
2870,11871,18594,0,87,32,12,0x3015dc
2871,11872,18594,0,87,32,12,0x301b5c
2872,11873,18594,0,87,32,12,0x3020dc
2873,11874,18594,0,87,32,12,0x30265c
2874,11875,18594,0,87,32,12,0x302bdc
2875,11876,18594,0,87,32,12,0x30315c
2876,11877,18594,0,87,32,12,0x3036dc
2877,11878,18594,0,87,32,12,0x303c5c
2878,11879,18594,0,87,32,12,0x3041dc
2879,11880,18594,0,87,32,12,0x30475c
2880,11881,18594,0,87,32,12,0x304cdc
2881,11882,18594,0,87,32,12,0x30525c
2882,11883,18594,0,87,32,12,0x3057dc
2883,11884,18594,0,87,32,12,0x305d5c
2884,11885,18594,0,87,32,12,0x3062dc
2885,11886,18594,0,87,32,12,0x30685c
2886,11887,18594,0,87,32,12,0x306ddc
2887,11888,18594,0,87,32,12,0x30735c
2888,11889,18594,0,87,32,12,0x3078dc
2889,11890,18594,0,87,32,12,0x307e5c
2890,11891,18594,0,87,32,12,0x3083dc
2891,11892,18594,0,87,32,12,0x30895c
2892,11893,18594,0,87,32,12,0x308edc
2893,11894,18594,0,87,32,12,0x30945c
2894,11895,18594,0,87,32,12,0x3099dc
2895,11896,18594,0,87,32,12,0x309f5c
2896,11897,18594,0,87,32,12,0x30a4dc
2897,11898,18594,0,87,32,12,0x30aa5c
2898,11899,18594,0,87,32,12,0x30afdc
2899,11900,18594,0,87,32,12,0x30b55c
2900,11901,18594,0,87,32,12,0x30badc
2901,11902,18594,0,87,32,12,0x30c05c
2902,11903,18594,0,87,32,12,0x30c5dc
2903,11904,18594,0,87,32,12,0x30cb5c
2904,11905,18594,0,87,32,12,0x30d0dc
2905,11906,18594,0,87,32,12,0x30d65c
2906,11907,18594,2,87,32,12,0x30dbdc
2907,11908,10539,0,87,32,12,0x30e15c
2908,11909,10539,0,87,32,12,0x30e6dc
2909,11910,10539,0,87,32,12,0x30ec5c
2910,11911,10539,0,87,32,12,0x30f1dc
2911,11912,10539,0,87,32,12,0x30f75c
2912,11913,10539,0,87,32,12,0x30fcdc
2913,11914,10539,0,87,32,12,0x31025c
2914,11915,10539,0,87,32,12,0x3107dc
2915,11916,10539,0,87,32,12,0x310d5c
2916,11917,10539,0,87,32,12,0x3112dc
2917,11918,10539,0,87,32,12,0x31185c
2918,11919,10539,0,87,32,12,0x311ddc
2919,11920,10539,0,87,32,12,0x31235c
2920,11921,10539,0,87,32,12,0x3128dc
2921,11922,10539,0,87,32,12,0x312e5c
2922,11923,10539,0,87,32,12,0x3133dc
2923,11924,10539,0,87,32,12,0x31395c
2924,11925,10539,0,87,32,12,0x313edc
2925,11926,10539,0,87,32,12,0x31445c
2926,11927,10539,0,87,32,12,0x3149dc
2927,11928,10539,0,87,32,12,0x314f5c
2928,11929,10539,0,87,32,12,0x3154dc
2929,11930,10539,0,87,32,12,0x315a5c
2930,11931,10539,0,87,32,12,0x315fdc
2931,11932,10539,0,87,32,12,0x31655c
2932,11933,10539,0,87,32,12,0x316adc
2933,11934,10539,0,87,32,12,0x31705c
2934,11935,10539,0,87,32,12,0x3175dc
2935,11936,10539,0,87,32,12,0x317b5c
2936,11937,10539,0,87,32,12,0x3180dc
2937,11938,10539,2,87,32,12,0x31865c
2938,11939,18577,0,87,32,12,0x318bdc
2939,11940,18577,0,87,32,12,0x31915c
2940,11941,18577,0,87,32,12,0x3196dc
2941,11942,18577,0,87,32,12,0x319c5c
2942,11943,18577,0,87,32,12,0x31a1dc
2943,11944,18577,0,87,32,12,0x31a75c
2944,11945,18577,0,87,32,12,0x31acdc
2945,11946,18577,0,87,32,12,0x31b25c
2946,11947,18577,0,87,32,12,0x31b7dc
2947,11948,18577,0,87,32,12,0x31bd5c
2948,11949,18577,0,87,32,12,0x31c2dc
2949,11950,18577,0,87,32,12,0x31c85c
2950,11951,18577,0,87,32,12,0x31cddc
2951,11952,18577,0,87,32,12,0x31d35c
2952,11953,18577,0,87,32,12,0x31d8dc
2953,11954,18577,0,87,32,12,0x31de5c
2954,11955,18577,0,87,32,12,0x31e3dc
2955,11956,18577,0,87,32,12,0x31e95c
2956,11957,18577,0,87,32,12,0x31eedc
2957,11958,18577,0,87,32,12,0x31f45c
2958,11959,18577,0,87,32,12,0x31f9dc
2959,11960,18577,0,87,32,12,0x31ff5c
2960,11961,18577,0,87,32,12,0x3204dc
2961,11962,18577,0,87,32,12,0x320a5c
2962,11963,18577,0,87,32,12,0x320fdc
2963,11964,18577,0,87,32,12,0x32155c
2964,11965,18577,0,87,32,12,0x321adc
2965,11966,18577,0,87,32,12,0x32205c
2966,11967,18577,0,87,32,12,0x3225dc
2967,11968,18577,0,87,32,12,0x322b5c
2968,11969,18577,0,87,32,12,0x3230dc
2969,11970,18577,0,87,32,12,0x32365c
2970,11971,18577,0,87,32,12,0x323bdc
2971,11972,18577,0,87,32,12,0x32415c
2972,11973,18577,2,87,32,12,0x3246dc
2973,11974,4799,0,87,32,12,0x324c5c
2974,11975,4799,0,87,32,12,0x3251dc
2975,11976,4799,0,87,32,12,0x32575c
2976,11977,4799,0,87,32,12,0x325cdc
2977,11978,4799,0,87,32,12,0x32625c
2978,11979,4799,0,87,32,12,0x3267dc
2979,11980,4799,0,87,32,12,0x326d5c
2980,11981,4799,0,87,32,12,0x3272dc
2981,11982,4799,0,87,32,12,0x32785c
2982,11983,4799,0,87,32,12,0x327ddc
2983,11984,4799,0,87,32,12,0x32835c
2984,11985,4799,0,87,32,12,0x3288dc
2985,11986,4799,0,87,32,12,0x328e5c
2986,11987,4799,0,87,32,12,0x3293dc
2987,11988,4799,0,87,32,12,0x32995c
2988,11989,4799,0,87,32,12,0x329edc
2989,11990,4799,0,87,32,12,0x32a45c
2990,11991,4799,0,87,32,12,0x32a9dc
2991,11992,4799,0,87,32,12,0x32af5c
2992,11993,4799,0,87,32,12,0x32b4dc
2993,11994,4799,0,87,32,12,0x32ba5c
2994,11995,4799,0,87,32,12,0x32bfdc
2995,11996,4799,0,87,32,12,0x32c55c
2996,11997,4799,0,87,32,12,0x32cadc
2997,11998,4799,0,87,32,12,0x32d05c
2998,11999,4799,0,87,32,12,0x32d5dc
2999,12000,4799,0,87,32,12,0x32db5c
3000,12001,4799,0,87,32,12,0x32e0dc
3001,12002,4799,0,87,32,12,0x32e65c
3002,12003,4799,0,87,32,12,0x32ebdc
3003,12004,4799,0,87,32,12,0x32f15c
3004,12005,4799,0,87,32,12,0x32f6dc
3005,12006,4799,0,87,32,12,0x32fc5c
3006,12007,4799,0,87,32,12,0x3301dc
3007,12008,4799,0,87,32,12,0x33075c
3008,12009,4799,0,87,32,12,0x330cdc
3009,12010,4799,0,87,32,12,0x33125c
3010,12011,4799,0,87,32,12,0x3317dc
3011,12012,4799,0,87,32,12,0x331d5c
3012,12013,4799,0,87,32,12,0x3322dc
3013,12014,4799,0,87,32,12,0x33285c
3014,12015,4799,0,87,32,12,0x332ddc
3015,12016,4799,0,87,32,12,0x33335c
3016,12017,4799,0,87,32,12,0x3338dc
3017,12018,4799,0,87,32,12,0x333e5c
3018,12019,4799,0,87,32,12,0x3343dc
3019,12020,4799,0,87,32,12,0x33495c
3020,12021,4799,0,87,32,12,0x334edc
3021,12022,4799,0,87,32,12,0x33545c
3022,12023,4799,0,87,32,12,0x3359dc
3023,12024,4799,0,87,32,12,0x335f5c
3024,12025,4799,0,87,32,12,0x3364dc
3025,12026,4799,0,87,32,12,0x336a5c
3026,12027,4799,0,87,32,12,0x336fdc
3027,12028,4799,0,87,32,12,0x33755c
3028,12029,4799,0,87,32,12,0x337adc
3029,12030,4799,0,87,32,12,0x33805c
3030,12031,4799,0,87,32,12,0x3385dc
3031,12032,4799,0,87,32,12,0x338b5c
3032,12033,4799,0,87,32,12,0x3390dc
3033,12034,4799,0,87,32,12,0x33965c
3034,12035,4799,0,87,32,12,0x339bdc
3035,12036,4799,0,87,32,12,0x33a15c
3036,12037,4799,2,87,32,12,0x33a6dc
3037,12038,14301,0,87,32,12,0x33ac5c
3038,12039,14301,0,87,32,12,0x33b1dc
3039,12040,14301,0,87,32,12,0x33b75c
3040,12041,14301,0,87,32,12,0x33bcdc
3041,12042,14301,0,87,32,12,0x33c25c
3042,12043,14301,0,87,32,12,0x33c7dc
3043,12044,14301,0,87,32,12,0x33cd5c
3044,12045,14301,0,87,32,12,0x33d2dc
3045,12046,14301,0,87,32,12,0x33d85c
3046,12047,14301,0,87,32,12,0x33dddc
3047,12048,14301,0,87,32,12,0x33e35c
3048,12049,14301,0,87,32,12,0x33e8dc
3049,12050,14301,0,87,32,12,0x33ee5c
3050,12051,14301,0,87,32,12,0x33f3dc
3051,12052,14301,0,87,32,12,0x33f95c
3052,12053,14301,0,87,32,12,0x33fedc
3053,12054,14301,0,87,32,12,0x34045c
3054,12055,14301,0,87,32,12,0x3409dc
3055,12056,14301,0,87,32,12,0x340f5c
3056,12057,14301,0,87,32,12,0x3414dc
3057,12058,14301,0,87,32,12,0x341a5c
3058,12059,14301,0,87,32,12,0x341fdc
3059,12060,14301,0,87,32,12,0x34255c
3060,12061,14301,0,87,32,12,0x342adc
3061,12062,14301,0,87,32,12,0x34305c
3062,12063,14301,0,87,32,12,0x3435dc
3063,12064,14301,0,87,32,12,0x343b5c
3064,12065,14301,0,87,32,12,0x3440dc
3065,12066,14301,0,87,32,12,0x34465c
3066,12067,14301,0,87,32,12,0x344bdc
3067,12068,14301,0,87,32,12,0x34515c
3068,12069,14301,0,87,32,12,0x3456dc
3069,12070,14301,0,87,32,12,0x345c5c
3070,12071,14301,0,87,32,12,0x3461dc
3071,12072,14301,2,87,32,12,0x34675c
3072,12073,12150,0,87,32,12,0x346cdc
3073,12074,12150,0,87,32,12,0x34725c
3074,12075,12150,0,87,32,12,0x3477dc
3075,12076,12150,0,87,32,12,0x347d5c
3076,12077,12150,0,87,32,12,0x3482dc
3077,12078,12150,0,87,32,12,0x34885c
3078,12079,12150,0,87,32,12,0x348ddc
3079,12080,12150,0,87,32,12,0x34935c
3080,12081,12150,0,87,32,12,0x3498dc
3081,12082,12150,0,87,32,12,0x349e5c
3082,12083,12150,0,87,32,12,0x34a3dc
3083,12084,12150,0,87,32,12,0x34a95c
3084,12085,12150,0,87,32,12,0x34aedc
3085,12086,12150,0,87,32,12,0x34b45c
3086,12087,12150,0,87,32,12,0x34b9dc
3087,12088,12150,0,87,32,12,0x34bf5c
3088,12089,12150,0,87,32,12,0x34c4dc
3089,12090,12150,0,87,32,12,0x34ca5c
3090,12091,12150,0,87,32,12,0x34cfdc
3091,12092,12150,0,87,32,12,0x34d55c
3092,12093,12150,0,87,32,12,0x34dadc
3093,12094,12150,0,87,32,12,0x34e05c
3094,12095,12150,0,87,32,12,0x34e5dc
3095,12096,12150,0,87,32,12,0x34eb5c
3096,12097,12150,0,87,32,12,0x34f0dc
3097,12098,12150,0,87,32,12,0x34f65c
3098,12099,12150,0,87,32,12,0x34fbdc
3099,12100,12150,0,87,32,12,0x35015c
3100,12101,12150,0,87,32,12,0x3506dc
3101,12102,12150,0,87,32,12,0x350c5c
3102,12103,12150,0,87,32,12,0x3511dc
3103,12104,12150,0,87,32,12,0x35175c
3104,12105,12150,0,87,32,12,0x351cdc
3105,12106,12150,0,87,32,12,0x35225c
3106,12107,12150,0,87,32,12,0x3527dc
3107,12108,12150,0,87,32,12,0x352d5c
3108,12109,12150,0,87,32,12,0x3532dc
3109,12110,12150,0,87,32,12,0x35385c
3110,12111,12150,0,87,32,12,0x353ddc
3111,12112,12150,2,87,32,12,0x35435c
3112,12113,18580,0,87,32,12,0x3548dc
3113,12114,18580,0,87,32,12,0x354e5c
3114,12115,18580,0,87,32,12,0x3553dc
3115,12116,18580,0,87,32,12,0x35595c
3116,12117,18580,0,87,32,12,0x355edc
3117,12118,18580,0,87,32,12,0x35645c
3118,12119,18580,0,87,32,12,0x3569dc
3119,12120,18580,0,87,32,12,0x356f5c
3120,12121,18580,0,87,32,12,0x3574dc
3121,12122,18580,0,87,32,12,0x357a5c
3122,12123,18580,0,87,32,12,0x357fdc
3123,12124,18580,0,87,32,12,0x35855c
3124,12125,18580,0,87,32,12,0x358adc
3125,12126,18580,0,87,32,12,0x35905c
3126,12127,18580,0,87,32,12,0x3595dc
3127,12128,18580,0,87,32,12,0x359b5c
3128,12129,18580,0,87,32,12,0x35a0dc
3129,12130,18580,0,87,32,12,0x35a65c
3130,12131,18580,0,87,32,12,0x35abdc
3131,12132,18580,0,87,32,12,0x35b15c
3132,12133,18580,0,87,32,12,0x35b6dc
3133,12134,18580,0,87,32,12,0x35bc5c
3134,12135,18580,0,87,32,12,0x35c1dc
3135,12136,18580,0,87,32,12,0x35c75c
3136,12137,18580,0,87,32,12,0x35ccdc
3137,12138,18580,0,87,32,12,0x35d25c
3138,12139,18580,0,87,32,12,0x35d7dc
3139,12140,18580,0,87,32,12,0x35dd5c
3140,12141,18580,0,87,32,12,0x35e2dc
3141,12142,18580,0,87,32,12,0x35e85c
3142,12143,18580,0,87,32,12,0x35eddc
3143,12144,18580,0,87,32,12,0x35f35c
3144,12145,18580,0,87,32,12,0x35f8dc
3145,12146,18580,0,87,32,12,0x35fe5c
3146,12147,18580,0,87,32,12,0x3603dc
3147,12148,18580,0,87,32,12,0x36095c
3148,12149,18580,0,87,32,12,0x360edc
3149,12150,18580,0,87,32,12,0x36145c
3150,12151,18580,0,87,32,12,0x3619dc
3151,12152,18580,0,87,32,12,0x361f5c
3152,12153,18580,0,87,32,12,0x3624dc
3153,12154,18580,2,87,32,12,0x362a5c
3154,12155,18602,0,87,32,12,0x362fdc
3155,12156,18602,0,87,32,12,0x36355c
3156,12157,18602,0,87,32,12,0x363adc
3157,12158,18602,0,87,32,12,0x36405c
3158,12159,18602,0,87,32,12,0x3645dc
3159,12160,18602,0,87,32,12,0x364b5c
3160,12161,18602,0,87,32,12,0x3650dc
3161,12162,18602,0,87,32,12,0x36565c
3162,12163,18602,0,87,32,12,0x365bdc
3163,12164,18602,0,87,32,12,0x36615c
3164,12165,18602,0,87,32,12,0x3666dc
3165,12166,18602,0,87,32,12,0x366c5c
3166,12167,18602,0,87,32,12,0x3671dc
3167,12168,18602,0,87,32,12,0x36775c
3168,12169,18602,0,87,32,12,0x367cdc
3169,12170,18602,0,87,32,12,0x36825c
3170,12171,18602,0,87,32,12,0x3687dc
3171,12172,18602,0,87,32,12,0x368d5c
3172,12173,18602,0,87,32,12,0x3692dc
3173,12174,18602,0,87,32,12,0x36985c
3174,12175,18602,0,87,32,12,0x369ddc
3175,12176,18602,0,87,32,12,0x36a35c
3176,12177,18602,0,87,32,12,0x36a8dc
3177,12178,18602,0,87,32,12,0x36ae5c
3178,12179,18602,0,87,32,12,0x36b3dc
3179,12180,18602,0,87,32,12,0x36b95c
3180,12181,18602,0,87,32,12,0x36bedc
3181,12182,18602,0,87,32,12,0x36c45c
3182,12183,18602,0,87,32,12,0x36c9dc
3183,12184,18602,0,87,32,12,0x36cf5c
3184,12185,18602,0,87,32,12,0x36d4dc
3185,12186,18602,0,87,32,12,0x36da5c
3186,12187,18602,0,87,32,12,0x36dfdc
3187,12188,18602,0,87,32,12,0x36e55c
3188,12189,18602,0,87,32,12,0x36eadc
3189,12190,18602,0,87,32,12,0x36f05c
3190,12191,18602,0,87,32,12,0x36f5dc
3191,12192,18602,0,87,32,12,0x36fb5c
3192,12193,18602,0,87,32,12,0x3700dc
3193,12194,18602,0,87,32,12,0x37065c
3194,12195,18602,2,87,32,12,0x370bdc
3195,12196,14130,0,87,32,12,0x37115c
3196,12197,14130,0,87,32,12,0x3716dc
3197,12198,14130,0,87,32,12,0x371c5c
3198,12199,14130,0,87,32,12,0x3721dc
3199,12200,14130,0,87,32,12,0x37275c
3200,12201,14130,0,87,32,12,0x372cdc
3201,12202,14130,0,87,32,12,0x37325c
3202,12203,14130,0,87,32,12,0x3737dc
3203,12204,14130,0,87,32,12,0x373d5c
3204,12205,14130,0,87,32,12,0x3742dc
3205,12206,14130,0,87,32,12,0x37485c
3206,12207,14130,0,87,32,12,0x374ddc
3207,12208,14130,0,87,32,12,0x37535c
3208,12209,14130,0,87,32,12,0x3758dc
3209,12210,14130,0,87,32,12,0x375e5c
3210,12211,14130,0,87,32,12,0x3763dc
3211,12212,14130,0,87,32,12,0x37695c
3212,12213,14130,0,87,32,12,0x376edc
3213,12214,14130,0,87,32,12,0x37745c
3214,12215,14130,0,87,32,12,0x3779dc
3215,12216,14130,0,87,32,12,0x377f5c
3216,12217,14130,0,87,32,12,0x3784dc
3217,12218,14130,0,87,32,12,0x378a5c
3218,12219,14130,0,87,32,12,0x378fdc
3219,12220,14130,0,87,32,12,0x37955c
3220,12221,14130,0,87,32,12,0x379adc
3221,12222,14130,0,87,32,12,0x37a05c
3222,12223,14130,0,87,32,12,0x37a5dc
3223,12224,14130,0,87,32,12,0x37ab5c
3224,12225,14130,0,87,32,12,0x37b0dc
3225,12226,14130,0,87,32,12,0x37b65c
3226,12227,14130,0,87,32,12,0x37bbdc
3227,12228,14130,0,87,32,12,0x37c15c
3228,12229,14130,0,87,32,12,0x37c6dc
3229,12230,14130,0,87,32,12,0x37cc5c
3230,12231,14130,0,87,32,12,0x37d1dc
3231,12232,14130,0,87,32,12,0x37d75c
3232,12233,14130,0,87,32,12,0x37dcdc
3233,12234,14130,0,87,32,12,0x37e25c
3234,12235,14130,0,87,32,12,0x37e7dc
3235,12236,14130,0,87,32,12,0x37ed5c
3236,12237,14130,0,87,32,12,0x37f2dc
3237,12238,14130,0,87,32,12,0x37f85c
3238,12239,14130,0,87,32,12,0x37fddc
3239,12240,14130,0,87,32,12,0x38035c
3240,12241,14130,0,87,32,12,0x3808dc
3241,12242,14130,0,87,32,12,0x380e5c
3242,12243,14130,0,87,32,12,0x3813dc
3243,12244,14130,0,87,32,12,0x38195c
3244,12245,14130,0,87,32,12,0x381edc
3245,12246,14130,0,87,32,12,0x38245c
3246,12247,14130,0,87,32,12,0x3829dc
3247,12248,14130,0,87,32,12,0x382f5c
3248,12249,14130,0,87,32,12,0x3834dc
3249,12250,14130,0,87,32,12,0x383a5c
3250,12251,14130,0,87,32,12,0x383fdc
3251,12252,14130,0,87,32,12,0x38455c
3252,12253,14130,0,87,32,12,0x384adc
3253,12254,14130,0,87,32,12,0x38505c
3254,12255,14130,0,87,32,12,0x3855dc
3255,12256,14130,0,87,32,12,0x385b5c
3256,12257,14130,0,87,32,12,0x3860dc
3257,12258,14130,0,87,32,12,0x38665c
3258,12259,14130,0,87,32,12,0x386bdc
3259,12260,14130,2,87,32,12,0x38715c
3260,12261,16043,0,87,32,12,0x3876dc
3261,12262,16043,0,87,32,12,0x387c5c
3262,12263,16043,0,87,32,12,0x3881dc
3263,12264,16043,0,87,32,12,0x38875c
3264,12265,16043,0,87,32,12,0x388cdc
3265,12266,16043,0,87,32,12,0x38925c
3266,12267,16043,0,87,32,12,0x3897dc
3267,12268,16043,0,87,32,12,0x389d5c
3268,12269,16043,0,87,32,12,0x38a2dc
3269,12270,16043,0,87,32,12,0x38a85c
3270,12271,16043,0,87,32,12,0x38addc
3271,12272,16043,0,87,32,12,0x38b35c
3272,12273,16043,0,87,32,12,0x38b8dc
3273,12274,16043,0,87,32,12,0x38be5c
3274,12275,16043,0,87,32,12,0x38c3dc
3275,12276,16043,0,87,32,12,0x38c95c
3276,12277,16043,0,87,32,12,0x38cedc
3277,12278,16043,0,87,32,12,0x38d45c
3278,12279,16043,0,87,32,12,0x38d9dc
3279,12280,16043,0,87,32,12,0x38df5c
3280,12281,16043,0,87,32,12,0x38e4dc
3281,12282,16043,0,87,32,12,0x38ea5c
3282,12283,16043,0,87,32,12,0x38efdc
3283,12284,16043,0,87,32,12,0x38f55c
3284,12285,16043,0,87,32,12,0x38fadc
3285,12286,16043,0,87,32,12,0x39005c
3286,12287,16043,0,87,32,12,0x3905dc
3287,12288,16043,0,87,32,12,0x390b5c
3288,12289,16043,0,87,32,12,0x3910dc
3289,12290,16043,0,87,32,12,0x39165c
3290,12291,16043,0,87,32,12,0x391bdc
3291,12292,16043,0,87,32,12,0x39215c
3292,12293,16043,0,87,32,12,0x3926dc
3293,12294,16043,0,87,32,12,0x392c5c
3294,12295,16043,0,87,32,12,0x3931dc
3295,12296,16043,0,87,32,12,0x39375c
3296,12297,16043,2,87,32,12,0x393cdc
3297,12298,12872,0,87,32,12,0x39425c
3298,12299,12872,0,87,32,12,0x3947dc
3299,12300,12872,0,87,32,12,0x394d5c
3300,12301,12872,0,87,32,12,0x3952dc
3301,12302,12872,0,87,32,12,0x39585c
3302,12303,12872,0,87,32,12,0x395ddc
3303,12304,12872,0,87,32,12,0x39635c
3304,12305,12872,0,87,32,12,0x3968dc
3305,12306,12872,0,87,32,12,0x396e5c
3306,12307,12872,0,87,32,12,0x3973dc
3307,12308,12872,0,87,32,12,0x39795c
3308,12309,12872,0,87,32,12,0x397edc
3309,12310,12872,0,87,32,12,0x39845c
3310,12311,12872,0,87,32,12,0x3989dc
3311,12312,12872,0,87,32,12,0x398f5c
3312,12313,12872,0,87,32,7,0x3994dc
3313,12314,12872,0,87,32,12,0x399a38
3314,12315,12872,0,87,32,12,0x399fb8
3315,12316,12872,0,87,32,12,0x39a538
3316,12317,12872,0,87,32,12,0x39aab8
3317,12318,12872,0,87,32,12,0x39b038
3318,12319,12872,0,87,32,12,0x39b5b8
3319,12320,12872,0,87,32,12,0x39bb38
3320,12321,12872,0,87,32,12,0x39c0b8
3321,12322,12872,0,87,32,12,0x39c638
3322,12323,12872,0,87,32,12,0x39cbb8
3323,12324,12872,0,87,32,12,0x39d138
3324,12325,12872,0,87,32,12,0x39d6b8
3325,12326,12872,0,87,32,12,0x39dc38
3326,12327,12872,0,87,32,12,0x39e1b8
3327,12328,12872,0,87,32,12,0x39e738
3328,12329,12872,0,87,32,12,0x39ecb8
3329,12330,12872,0,87,32,12,0x39f238
3330,12331,12872,0,87,32,12,0x39f7b8
3331,12332,12872,0,87,32,12,0x39fd38
3332,12333,12872,0,87,32,12,0x3a02b8
3333,12334,12872,0,87,32,12,0x3a0838
3334,12335,12872,0,87,32,12,0x3a0db8
3335,12336,12872,0,87,32,12,0x3a1338
3336,12337,12872,0,87,32,12,0x3a18b8
3337,12338,12872,0,87,32,12,0x3a1e38
3338,12339,12872,0,87,32,12,0x3a23b8
3339,12340,12872,0,87,32,12,0x3a2938
3340,12341,12872,0,87,32,12,0x3a2eb8
3341,12342,12872,0,87,32,12,0x3a3438
3342,12343,12872,0,87,32,12,0x3a39b8
3343,12344,12872,0,87,32,12,0x3a3f38
3344,12345,12872,0,87,32,12,0x3a44b8
3345,12346,12872,0,87,32,12,0x3a4a38
3346,12347,12872,2,87,32,12,0x3a4fb8
3347,12348,778,0,87,32,12,0x3a5538
3348,12349,778,0,87,32,12,0x3a5ab8
3349,12350,778,0,87,32,1,0x3a6038
3350,12351,778,0,87,32,1,0x3a65a4
3351,12352,778,0,87,32,12,0x3a6b20
3352,12353,778,0,87,32,12,0x3a70a0
3353,12354,778,0,87,32,12,0x3a7620
3354,12355,778,0,87,32,12,0x3a7ba0
3355,12356,778,0,87,32,12,0x3a8120
3356,12357,778,0,87,32,12,0x3a86a0
3357,12358,778,0,87,32,12,0x3a8c20
3358,12359,778,0,87,32,12,0x3a91a0
3359,12360,778,0,87,32,12,0x3a9720
3360,12361,778,0,87,32,12,0x3a9ca0
3361,12362,778,0,87,32,12,0x3aa220
3362,12363,778,0,87,32,1,0x3aa7a0
3363,12364,778,0,87,32,12,0x3aad00
3364,12365,778,0,87,32,1,0x3ab280
3365,12366,778,0,87,32,12,0x3ab7f0
3366,12367,778,0,87,32,12,0x3abd70
3367,12368,778,0,87,32,12,0x3ac2f0
3368,12369,778,0,87,32,12,0x3ac870
3369,12370,778,0,87,32,12,0x3acdf0
3370,12371,778,0,87,32,12,0x3ad370
3371,12372,778,0,87,32,12,0x3ad8f0
3372,12373,778,0,87,32,12,0x3ade70
3373,12374,778,0,87,32,1,0x3ae3f0
3374,12375,778,0,87,32,1,0x3ae914
3375,12376,778,0,87,32,1,0x3aee14
3376,12377,778,0,87,32,1,0x3af2c0
3377,12378,778,0,87,32,12,0x3af7a8
3378,12379,778,0,87,32,12,0x3afd28
3379,12380,778,0,87,32,12,0x3b02a8
3380,12381,778,0,87,32,1,0x3b0828
3381,12382,778,0,87,32,1,0x3b0d7c
3382,12383,778,0,87,32,1,0x3b12e0
3383,12384,778,0,87,32,1,0x3b1770
3384,12385,778,0,87,32,1,0x3b1bcc
3385,12386,778,0,87,32,12,0x3b20f0
3386,12387,778,0,87,32,1,0x3b2670
3387,12388,778,0,87,32,1,0x3b2bec
3388,12389,778,0,87,32,1,0x3b2fbc
3389,12390,778,2,87,32,1,0x3b328c
3390,12391,4622,0,87,32,12,0x3b3440
3391,12392,4622,0,87,32,12,0x3b39c0
3392,12393,4622,0,87,32,12,0x3b3f40
3393,12394,4622,0,87,32,7,0x3b44c0
3394,12395,4622,0,87,32,7,0x3b49f4
3395,12396,4622,0,87,32,12,0x3b4f18
3396,12397,4622,0,87,32,12,0x3b5498
3397,12398,4622,0,87,32,12,0x3b5a18
3398,12399,4622,0,87,32,12,0x3b5f98
3399,12400,4622,0,87,32,12,0x3b6518
3400,12401,4622,0,87,32,12,0x3b6a98
3401,12402,4622,0,87,32,12,0x3b7018
3402,12403,4622,0,87,32,7,0x3b7598
3403,12404,4622,0,87,32,7,0x3b7ad8
3404,12405,4622,0,87,32,12,0x3b804c
3405,12406,4622,0,87,32,7,0x3b85cc
3406,12407,4622,0,87,32,7,0x3b8b04
3407,12408,4622,0,87,32,7,0x3b8f9c
3408,12409,4622,0,87,32,7,0x3b9390
3409,12410,4622,0,87,32,7,0x3b9780
3410,12411,4622,0,87,32,7,0x3b9c0c
3411,12412,4622,0,87,32,12,0x3ba13c
3412,12413,4622,0,87,32,12,0x3ba6bc
3413,12414,4622,0,87,32,12,0x3bac3c
3414,12415,4622,0,87,32,12,0x3bb1bc
3415,12416,4622,0,87,32,12,0x3bb73c
3416,12417,4622,0,87,32,12,0x3bbcbc
3417,12418,4622,0,87,32,12,0x3bc23c
3418,12419,4622,0,87,32,12,0x3bc7bc
3419,12420,4622,0,87,32,12,0x3bcd3c
3420,12421,4622,2,87,32,12,0x3bd2bc
3421,12422,13817,0,87,32,12,0x3bd83c
3422,12423,13817,0,87,32,12,0x3bddbc
3423,12424,13817,0,87,32,12,0x3be33c
3424,12425,13817,0,87,32,12,0x3be8bc
3425,12426,13817,0,87,32,12,0x3bee3c
3426,12427,13817,0,87,32,12,0x3bf3bc
3427,12428,13817,0,87,32,12,0x3bf93c
3428,12429,13817,0,87,32,12,0x3bfebc
3429,12430,13817,0,87,32,12,0x3c043c
3430,12431,13817,0,87,32,12,0x3c09bc
3431,12432,13817,0,87,32,12,0x3c0f3c
3432,12433,13817,0,87,32,12,0x3c14bc
3433,12434,13817,0,87,32,12,0x3c1a3c
3434,12435,13817,0,87,32,12,0x3c1fbc
3435,12436,13817,0,87,32,12,0x3c253c
3436,12437,13817,0,87,32,12,0x3c2abc
3437,12438,13817,0,87,32,12,0x3c303c
3438,12439,13817,0,87,32,12,0x3c35bc
3439,12440,13817,0,87,32,12,0x3c3b3c
3440,12441,13817,0,87,32,12,0x3c40bc
3441,12442,13817,0,87,32,12,0x3c463c
3442,12443,13817,0,87,32,12,0x3c4bbc
3443,12444,13817,0,87,32,12,0x3c513c
3444,12445,13817,0,87,32,12,0x3c56bc
3445,12446,13817,0,87,32,12,0x3c5c3c
3446,12447,13817,0,87,32,12,0x3c61bc
3447,12448,13817,0,87,32,12,0x3c673c
3448,12449,13817,0,87,32,12,0x3c6cbc
3449,12450,13817,4,87,32,1,0x3c723c
3450,12451,13817,5,87,32,9,0x3c7278
3451,12452,13817,1,87,32,3,0x3c72ac
3452,12453,13817,0,87,32,1,0x3c731c
3453,12454,13817,0,87,32,1,0x3c75a4
3454,12455,13817,0,87,32,1,0x3c7888
3455,12456,13817,0,87,32,7,0x3c7bc4
3456,12457,13817,0,87,32,12,0x3c8004
3457,12458,13817,0,87,32,12,0x3c8584
3458,12459,13817,0,87,32,12,0x3c8b04
3459,12460,13817,0,87,32,12,0x3c9084
3460,12461,13817,0,87,32,12,0x3c9604
3461,12462,13817,0,87,32,12,0x3c9b84
3462,12463,13817,0,87,32,12,0x3ca104
3463,12464,13817,0,87,32,12,0x3ca684
3464,12465,13817,2,87,32,12,0x3cac04
3465,12466,14219,4,87,32,7,0x3cb184
3466,12467,14219,1,87,32,9,0x3cb5fc
3467,12468,14219,0,87,32,7,0x3cb9f0
3468,12469,14219,0,87,32,7,0x3cbe4c
3469,12470,14219,0,87,32,7,0x3cc2b0
3470,12471,14219,0,87,32,7,0x3cc70c
3471,12472,14219,0,87,32,7,0x3ccb7c
3472,12473,14219,0,87,32,7,0x3cd038
3473,12474,14219,0,87,32,7,0x3cd4fc
3474,12475,14219,0,87,32,7,0x3cd9d4
3475,12476,14219,0,87,32,7,0x3cdeb8
3476,12477,14219,0,87,32,7,0x3ce390
3477,12478,14219,0,87,32,7,0x3ce864
3478,12479,14219,0,87,32,7,0x3cecfc
3479,12480,14219,0,87,32,7,0x3cf194
3480,12481,14219,0,87,32,7,0x3cf610
3481,12482,14219,0,87,32,7,0x3cfad4
3482,12483,14219,0,87,32,7,0x3cff7c
3483,12484,14219,0,87,32,7,0x3d03d0
3484,12485,14219,0,87,32,12,0x3d086c
3485,12486,14219,0,87,32,12,0x3d0dec
3486,12487,14219,0,87,32,12,0x3d136c
3487,12488,14219,0,87,32,12,0x3d18ec
3488,12489,14219,0,87,32,12,0x3d1e6c
3489,12490,14219,0,87,32,12,0x3d23ec
3490,12491,14219,0,87,32,12,0x3d296c
3491,12492,14219,0,87,32,12,0x3d2eec
3492,12493,14219,0,87,32,12,0x3d346c
3493,12494,14219,0,87,32,12,0x3d39ec
3494,12495,14219,0,87,32,12,0x3d3f6c
3495,12496,14219,0,87,32,12,0x3d44ec
3496,12497,14219,2,87,32,12,0x3d4a6c
3497,12498,5559,0,87,32,12,0x3d4fec
3498,12499,5559,0,87,32,12,0x3d556c
3499,12500,5559,0,87,32,12,0x3d5aec
3500,12501,5559,0,87,32,12,0x3d606c
3501,12502,5559,0,87,32,12,0x3d65ec
3502,12503,5559,0,87,32,12,0x3d6b6c
3503,12504,5559,0,87,32,12,0x3d70ec
3504,12505,5559,0,87,32,12,0x3d766c
3505,12506,5559,0,87,32,12,0x3d7bec
3506,12507,5559,0,87,32,12,0x3d816c
3507,12508,5559,0,87,32,12,0x3d86ec
3508,12509,5559,0,87,32,12,0x3d8c6c
3509,12510,5559,0,87,32,12,0x3d91ec
3510,12511,5559,0,87,32,12,0x3d976c
3511,12512,5559,0,87,32,12,0x3d9cec
3512,12513,5559,0,87,32,12,0x3da26c
3513,12514,5559,0,87,32,12,0x3da7ec
3514,12515,5559,0,87,32,12,0x3dad6c
3515,12516,5559,0,87,32,12,0x3db2ec
3516,12517,5559,0,87,32,12,0x3db86c
3517,12518,5559,0,87,32,12,0x3dbdec
3518,12519,5559,0,87,32,12,0x3dc36c
3519,12520,5559,0,87,32,12,0x3dc8ec
3520,12521,5559,0,87,32,12,0x3dce6c
3521,12522,5559,0,87,32,12,0x3dd3ec
3522,12523,5559,0,87,32,12,0x3dd96c
3523,12524,5559,0,87,32,12,0x3ddeec
3524,12525,5559,0,87,32,12,0x3de46c
3525,12526,5559,0,87,32,12,0x3de9ec
3526,12527,5559,0,87,32,12,0x3def6c
3527,12528,5559,0,87,32,12,0x3df4ec
3528,12529,5559,0,87,32,12,0x3dfa6c
3529,12530,5559,0,87,32,12,0x3dffec
3530,12531,5559,0,87,32,12,0x3e056c
3531,12532,5559,0,87,32,12,0x3e0aec
3532,12533,5559,0,87,32,12,0x3e106c
3533,12534,5559,0,87,32,12,0x3e15ec
3534,12535,5559,0,87,32,12,0x3e1b6c
3535,12536,5559,0,87,32,12,0x3e20ec
3536,12537,5559,0,87,32,12,0x3e266c
3537,12538,5559,0,87,32,12,0x3e2bec
3538,12539,5559,0,87,32,12,0x3e316c
3539,12540,5559,0,87,32,12,0x3e36ec
3540,12541,5559,0,87,32,12,0x3e3c6c
3541,12542,5559,0,87,32,12,0x3e41ec
3542,12543,5559,0,87,32,12,0x3e476c
3543,12544,5559,0,87,32,12,0x3e4cec
3544,12545,5559,0,87,32,12,0x3e526c
3545,12546,5559,0,87,32,12,0x3e57ec
3546,12547,5559,0,87,32,12,0x3e5d6c
3547,12548,5559,0,87,32,12,0x3e62ec
3548,12549,5559,0,87,32,12,0x3e686c
3549,12550,5559,0,87,32,12,0x3e6dec
3550,12551,5559,0,87,32,12,0x3e736c
3551,12552,5559,0,87,32,12,0x3e78ec
3552,12553,5559,0,87,32,12,0x3e7e6c
3553,12554,5559,0,87,32,12,0x3e83ec
3554,12555,5559,0,87,32,12,0x3e896c
3555,12556,5559,0,87,32,12,0x3e8eec
3556,12557,5559,0,87,32,12,0x3e946c
3557,12558,5559,0,87,32,12,0x3e99ec
3558,12559,5559,0,87,32,12,0x3e9f6c
3559,12560,5559,0,87,32,12,0x3ea4ec
3560,12561,5559,0,87,32,12,0x3eaa6c
3561,12562,5559,0,87,32,12,0x3eafec
3562,12563,5559,0,87,32,12,0x3eb56c
3563,12564,5559,0,87,32,12,0x3ebaec
3564,12565,5559,0,87,32,12,0x3ec06c
3565,12566,5559,2,87,32,12,0x3ec5ec
3566,12567,14219,0,87,32,12,0x3ecb6c
3567,12568,14219,0,87,32,12,0x3ed0ec
3568,12569,14219,0,87,32,12,0x3ed66c
3569,12570,14219,0,87,32,12,0x3edbec
3570,12571,14219,0,87,32,12,0x3ee16c
3571,12572,14219,0,87,32,12,0x3ee6ec
3572,12573,14219,0,87,32,12,0x3eec6c
3573,12574,14219,0,87,32,12,0x3ef1ec
3574,12575,14219,0,87,32,12,0x3ef76c
3575,12576,14219,0,87,32,12,0x3efcec
3576,12577,14219,0,87,32,12,0x3f026c
3577,12578,14219,0,87,32,12,0x3f07ec
3578,12579,14219,0,87,32,12,0x3f0d6c
3579,12580,14219,0,87,32,12,0x3f12ec
3580,12581,14219,0,87,32,12,0x3f186c
3581,12582,14219,0,87,32,12,0x3f1dec
3582,12583,14219,2,87,32,12,0x3f236c
3583,12584,5127,0,87,32,12,0x3f28ec
3584,12585,5127,0,87,32,12,0x3f2e6c
3585,12586,5127,0,87,32,12,0x3f33ec
3586,12587,5127,0,87,32,12,0x3f396c
3587,12588,5127,0,87,32,12,0x3f3eec
3588,12589,5127,0,87,32,12,0x3f446c
3589,12590,5127,0,87,32,12,0x3f49ec
3590,12591,5127,2,87,32,12,0x3f4f6c
3591,12592,5311,0,87,32,12,0x3f54ec
3592,12593,5311,0,87,32,12,0x3f5a6c
3593,12594,5311,0,87,32,12,0x3f5fec
3594,12595,5311,0,87,32,12,0x3f656c
3595,12596,5311,0,87,32,12,0x3f6aec
3596,12597,5311,0,87,32,12,0x3f706c
3597,12598,5311,0,87,32,12,0x3f75ec
3598,12599,5311,0,87,32,12,0x3f7b6c
3599,12600,5311,0,87,32,12,0x3f80ec
3600,12601,5311,0,87,32,12,0x3f866c
3601,12602,5311,0,87,32,12,0x3f8bec
3602,12603,5311,0,87,32,12,0x3f916c
3603,12604,5311,0,87,32,12,0x3f96ec
3604,12605,5311,0,87,32,12,0x3f9c6c
3605,12606,5311,0,87,32,12,0x3fa1ec
3606,12607,5311,0,87,32,12,0x3fa76c
3607,12608,5311,0,87,32,12,0x3facec
3608,12609,5311,0,87,32,12,0x3fb26c
3609,12610,5311,0,87,32,12,0x3fb7ec
3610,12611,5311,0,87,32,12,0x3fbd6c
3611,12612,5311,0,87,32,12,0x3fc2ec
3612,12613,5311,0,87,32,12,0x3fc86c
3613,12614,5311,0,87,32,12,0x3fcdec
3614,12615,5311,0,87,32,12,0x3fd36c
3615,12616,5311,0,87,32,12,0x3fd8ec
3616,12617,5311,0,87,32,12,0x3fde6c
3617,12618,5311,0,87,32,12,0x3fe3ec
3618,12619,5311,0,87,32,12,0x3fe96c
3619,12620,5311,0,87,32,12,0x3feeec
3620,12621,5311,0,87,32,12,0x3ff46c
3621,12622,5311,0,87,32,12,0x3ff9ec
3622,12623,5311,0,87,32,12,0x3fff6c
3623,12624,5311,0,87,32,12,0x4004ec
3624,12625,5311,0,87,32,12,0x400a6c
3625,12626,5311,0,87,32,12,0x400fec
3626,12627,5311,0,87,32,12,0x40156c
3627,12628,5311,0,87,32,12,0x401aec
3628,12629,5311,0,87,32,12,0x40206c
3629,12630,5311,0,87,32,12,0x4025ec
3630,12631,5311,2,87,32,12,0x402b6c
3631,12632,12084,0,87,32,12,0x4030ec
3632,12633,12084,0,87,32,12,0x40366c
3633,12634,12084,0,87,32,12,0x403bec
3634,12635,12084,0,87,32,12,0x40416c
3635,12636,12084,0,87,32,12,0x4046ec
3636,12637,12084,0,87,32,12,0x404c6c
3637,12638,12084,0,87,32,12,0x4051ec
3638,12639,12084,0,87,32,12,0x40576c
3639,12640,12084,0,87,32,12,0x405cec
3640,12641,12084,0,87,32,12,0x40626c
3641,12642,12084,0,87,32,12,0x4067ec
3642,12643,12084,0,87,32,12,0x406d6c
3643,12644,12084,0,87,32,12,0x4072ec
3644,12645,12084,0,87,32,12,0x40786c
3645,12646,12084,0,87,32,12,0x407dec
3646,12647,12084,0,87,32,12,0x40836c
3647,12648,12084,0,87,32,12,0x4088ec
3648,12649,12084,0,87,32,12,0x408e6c
3649,12650,12084,0,87,32,12,0x4093ec
3650,12651,12084,0,87,32,12,0x40996c
3651,12652,12084,0,87,32,12,0x409eec
3652,12653,12084,0,87,32,12,0x40a46c
3653,12654,12084,0,87,32,12,0x40a9ec
3654,12655,12084,0,87,32,12,0x40af6c
3655,12656,12084,0,87,32,12,0x40b4ec
3656,12657,12084,0,87,32,12,0x40ba6c
3657,12658,12084,0,87,32,12,0x40bfec
3658,12659,12084,0,87,32,12,0x40c56c
3659,12660,12084,0,87,32,12,0x40caec
3660,12661,12084,0,87,32,12,0x40d06c
3661,12662,12084,0,87,32,12,0x40d5ec
3662,12663,12084,0,87,32,12,0x40db6c
3663,12664,12084,0,87,32,12,0x40e0ec
3664,12665,12084,0,87,32,12,0x40e66c
3665,12666,12084,2,87,32,12,0x40ebec
3666,12667,12268,0,87,32,12,0x40f16c
3667,12668,12268,0,87,32,12,0x40f6ec
3668,12669,12268,0,87,32,12,0x40fc6c
3669,12670,12268,0,87,32,12,0x4101ec
3670,12671,12268,0,87,32,12,0x41076c
3671,12672,12268,0,87,32,12,0x410cec
3672,12673,12268,0,87,32,12,0x41126c
3673,12674,12268,0,87,32,12,0x4117ec
3674,12675,12268,0,87,32,12,0x411d6c
3675,12676,12268,0,87,32,12,0x4122ec
3676,12677,12268,0,87,32,12,0x41286c
3677,12678,12268,0,87,32,12,0x412dec
3678,12679,12268,0,87,32,12,0x41336c
3679,12680,12268,0,87,32,12,0x4138ec
3680,12681,12268,0,87,32,12,0x413e6c
3681,12682,12268,0,87,32,12,0x4143ec
3682,12683,12268,0,87,32,12,0x41496c
3683,12684,12268,0,87,32,12,0x414eec
3684,12685,12268,0,87,32,12,0x41546c
3685,12686,12268,0,87,32,12,0x4159ec
3686,12687,12268,0,87,32,12,0x415f6c
3687,12688,12268,0,87,32,12,0x4164ec
3688,12689,12268,2,87,32,12,0x416a6c
3689,12690,11261,0,87,32,12,0x416fec
3690,12691,11261,0,87,32,12,0x41756c
3691,12692,11261,0,87,32,12,0x417aec
3692,12693,11261,0,87,32,12,0x41806c
3693,12694,11261,0,87,32,12,0x4185ec
3694,12695,11261,0,87,32,12,0x418b6c
3695,12696,11261,0,87,32,12,0x4190ec
3696,12697,11261,0,87,32,12,0x41966c
3697,12698,11261,0,87,32,12,0x419bec
3698,12699,11261,0,87,32,12,0x41a16c
3699,12700,11261,0,87,32,12,0x41a6ec
3700,12701,11261,0,87,32,12,0x41ac6c
3701,12702,11261,0,87,32,12,0x41b1ec
3702,12703,11261,0,87,32,12,0x41b76c
3703,12704,11261,0,87,32,12,0x41bcec
3704,12705,11261,0,87,32,12,0x41c26c
3705,12706,11261,0,87,32,12,0x41c7ec
3706,12707,11261,0,87,32,12,0x41cd6c
3707,12708,11261,0,87,32,12,0x41d2ec
3708,12709,11261,0,87,32,12,0x41d86c
3709,12710,11261,0,87,32,12,0x41ddec
3710,12711,11261,0,87,32,12,0x41e36c
3711,12712,11261,0,87,32,12,0x41e8ec
3712,12713,11261,0,87,32,12,0x41ee6c
3713,12714,11261,0,87,32,12,0x41f3ec
3714,12715,11261,0,87,32,12,0x41f96c
3715,12716,11261,0,87,32,12,0x41feec
3716,12717,11261,2,87,32,12,0x42046c
3717,12718,995,0,87,32,12,0x4209ec
3718,12719,995,0,87,32,12,0x420f6c
3719,12720,995,0,87,32,12,0x4214ec
3720,12721,995,0,87,32,12,0x421a6c
3721,12722,995,0,87,32,12,0x421fec
3722,12723,995,0,87,32,12,0x42256c
3723,12724,995,0,87,32,12,0x422aec
3724,12725,995,0,87,32,12,0x42306c
3725,12726,995,0,87,32,12,0x4235ec
3726,12727,995,0,87,32,12,0x423b6c
3727,12728,995,0,87,32,12,0x4240ec
3728,12729,995,0,87,32,12,0x42466c
3729,12730,995,0,87,32,12,0x424bec
3730,12731,995,0,87,32,12,0x42516c
3731,12732,995,0,87,32,12,0x4256ec
3732,12733,995,0,87,32,12,0x425c6c
3733,12734,995,0,87,32,12,0x4261ec
3734,12735,995,0,87,32,12,0x42676c
3735,12736,995,0,87,32,12,0x426cec
3736,12737,995,0,87,32,12,0x42726c
3737,12738,995,0,87,32,12,0x4277ec
3738,12739,995,0,87,32,12,0x427d6c
3739,12740,995,0,87,32,12,0x4282ec
3740,12741,995,0,87,32,12,0x42886c
3741,12742,995,2,87,32,12,0x428dec
3742,12743,8337,0,87,32,12,0x42936c
3743,12744,8337,0,87,32,12,0x4298ec
3744,12745,8337,0,87,32,12,0x429e6c
3745,12746,8337,0,87,32,12,0x42a3ec
3746,12747,8337,0,87,32,12,0x42a96c
3747,12748,8337,0,87,32,12,0x42aeec
3748,12749,8337,0,87,32,12,0x42b46c
3749,12750,8337,0,87,32,12,0x42b9ec
3750,12751,8337,0,87,32,12,0x42bf6c
3751,12752,8337,0,87,32,12,0x42c4ec
3752,12753,8337,0,87,32,12,0x42ca6c
3753,12754,8337,0,87,32,12,0x42cfec
3754,12755,8337,0,87,32,12,0x42d56c
3755,12756,8337,0,87,32,12,0x42daec
3756,12757,8337,0,87,32,12,0x42e06c
3757,12758,8337,0,87,32,12,0x42e5ec
3758,12759,8337,0,87,32,12,0x42eb6c
3759,12760,8337,0,87,32,12,0x42f0ec
3760,12761,8337,0,87,32,12,0x42f66c
3761,12762,8337,2,87,32,12,0x42fbec
3762,12763,4549,0,87,32,12,0x43016c
3763,12764,4549,0,87,32,12,0x4306ec
3764,12765,4549,0,87,32,12,0x430c6c
3765,12766,4549,0,87,32,12,0x4311ec
3766,12767,4549,0,87,32,12,0x43176c
3767,12768,4549,0,87,32,12,0x431cec
3768,12769,4549,0,87,32,12,0x43226c
3769,12770,4549,0,87,32,12,0x4327ec
3770,12771,4549,0,87,32,12,0x432d6c
3771,12772,4549,0,87,32,12,0x4332ec
3772,12773,4549,0,87,32,12,0x43386c
3773,12774,4549,0,87,32,12,0x433dec
3774,12775,4549,0,87,32,12,0x43436c
3775,12776,4549,0,87,32,12,0x4348ec
3776,12777,4549,0,87,32,12,0x434e6c
3777,12778,4549,0,87,32,12,0x4353ec
3778,12779,4549,0,87,32,12,0x43596c
3779,12780,4549,0,87,32,12,0x435eec
3780,12781,4549,0,87,32,12,0x43646c
3781,12782,4549,0,87,32,12,0x4369ec
3782,12783,4549,0,87,32,12,0x436f6c
3783,12784,4549,0,87,32,12,0x4374ec
3784,12785,4549,0,87,32,12,0x437a6c
3785,12786,4549,0,87,32,12,0x437fec
3786,12787,4549,0,87,32,12,0x43856c
3787,12788,4549,0,87,32,12,0x438aec
3788,12789,4549,0,87,32,12,0x43906c
3789,12790,4549,0,87,32,12,0x4395ec
3790,12791,4549,0,87,32,12,0x439b6c
3791,12792,4549,0,87,32,12,0x43a0ec
3792,12793,4549,0,87,32,12,0x43a66c
3793,12794,4549,0,87,32,12,0x43abec
3794,12795,4549,0,87,32,12,0x43b16c
3795,12796,4549,0,87,32,12,0x43b6ec
3796,12797,4549,0,87,32,12,0x43bc6c
3797,12798,4549,0,87,32,12,0x43c1ec
3798,12799,4549,0,87,32,12,0x43c76c
3799,12800,4549,0,87,32,12,0x43ccec
3800,12801,4549,0,87,32,12,0x43d26c
3801,12802,4549,2,87,32,12,0x43d7ec
3802,12803,14379,0,87,32,12,0x43dd6c
3803,12804,14379,0,87,32,12,0x43e2ec
3804,12805,14379,0,87,32,12,0x43e86c
3805,12806,14379,0,87,32,12,0x43edec
3806,12807,14379,0,87,32,12,0x43f36c
3807,12808,14379,0,87,32,12,0x43f8ec
3808,12809,14379,0,87,32,12,0x43fe6c
3809,12810,14379,0,87,32,12,0x4403ec
3810,12811,14379,0,87,32,12,0x44096c
3811,12812,14379,0,87,32,12,0x440eec
3812,12813,14379,0,87,32,12,0x44146c
3813,12814,14379,0,87,32,12,0x4419ec
3814,12815,14379,0,87,32,12,0x441f6c
3815,12816,14379,0,87,32,12,0x4424ec
3816,12817,14379,0,87,32,12,0x442a6c
3817,12818,14379,0,87,32,12,0x442fec
3818,12819,14379,0,87,32,12,0x44356c
3819,12820,14379,0,87,32,12,0x443aec
3820,12821,14379,0,87,32,12,0x44406c
3821,12822,14379,0,87,32,12,0x4445ec
3822,12823,14379,0,87,32,12,0x444b6c
3823,12824,14379,0,87,32,12,0x4450ec
3824,12825,14379,0,87,32,12,0x44566c
3825,12826,14379,0,87,32,12,0x445bec
3826,12827,14379,2,87,32,12,0x44616c
3827,12828,18657,0,128,32,7,0x4466ec
3828,12829,18657,0,128,32,7,0x446854
3829,12830,18657,0,128,32,7,0x446aa8
3830,12831,18657,0,128,32,7,0x446d54
3831,12832,18657,0,128,32,7,0x447070
3832,12833,18657,0,128,32,7,0x447398
3833,12834,18657,0,128,32,7,0x447728
3834,12835,18657,0,128,32,7,0x447b14
3835,12836,18657,0,128,32,7,0x447f10
3836,12837,18657,0,128,32,7,0x448310
3837,12838,18657,0,128,32,7,0x448698
3838,12839,18657,0,128,32,7,0x44896c
3839,12840,18657,0,128,32,7,0x448bf4
3840,12841,18657,0,128,32,7,0x448de0
3841,12842,18657,0,128,32,7,0x448f2c
3842,12843,18657,0,128,32,7,0x44903c
3843,12844,18657,0,128,32,7,0x4491a0
3844,12845,18657,0,128,32,7,0x4493f0
3845,12846,18657,0,128,32,7,0x449698
3846,12847,18657,0,128,32,7,0x4499b4
3847,12848,18657,0,128,32,7,0x449cdc
3848,12849,18657,0,128,32,7,0x44a06c
3849,12850,18657,0,128,32,7,0x44a458
3850,12851,18657,0,128,32,7,0x44a854
3851,12852,18657,0,128,32,7,0x44ac54
3852,12853,18657,0,128,32,7,0x44afdc
3853,12854,18657,0,128,32,7,0x44b2b0
3854,12855,18657,0,128,32,7,0x44b538
3855,12856,18657,0,128,32,7,0x44b724
3856,12857,18657,2,128,32,7,0x44b870
3857,12858,6137,0,98,32,7,0x44b980
3858,12859,6137,0,98,32,7,0x44bde8
3859,12860,6137,0,98,32,7,0x44c260
3860,12861,6137,2,98,32,7,0x44c6e4
3861,12862,5562,0,98,32,7,0x44cb50
3862,12863,5562,0,98,32,7,0x44cfbc
3863,12864,5562,0,98,32,7,0x44d434
3864,12865,5562,2,98,32,7,0x44d8bc
3865,12866,6128,0,87,32,7,0x44dd28
3866,12867,6128,0,87,32,7,0x44e0a8
3867,12868,6128,0,87,32,7,0x44e428
3868,12869,6128,0,87,32,7,0x44e7a8
3869,12870,6128,0,87,32,7,0x44eb20
3870,12871,6128,0,87,32,7,0x44eeac
3871,12872,6128,0,87,32,7,0x44f238
3872,12873,6128,0,87,32,7,0x44f5c4
3873,12874,6128,0,87,32,7,0x44f964
3874,12875,6128,0,87,32,7,0x44fd04
3875,12876,6128,2,87,32,7,0x4500a4
3876,12877,20481,0,87,32,12,0x4503dc
3877,12878,20481,0,87,32,12,0x45095c
3878,12879,20481,0,87,32,12,0x450edc
3879,12880,20481,0,87,32,7,0x45145c
3880,12881,20481,0,87,32,12,0x4519d0
3881,12882,20481,0,87,32,12,0x451f50
3882,12883,20481,0,87,32,7,0x4524d0
3883,12884,20481,0,87,32,12,0x452a50
3884,12885,20481,0,87,32,7,0x452fd0
3885,12886,20481,0,87,32,7,0x453534
3886,12887,20481,0,87,32,12,0x453aa8
3887,12888,20481,0,87,32,12,0x454028
3888,12889,20481,0,87,32,12,0x4545a8
3889,12890,20481,0,87,32,12,0x454b28
3890,12891,20481,0,87,32,12,0x4550a8
3891,12892,20481,0,87,32,12,0x455628
3892,12893,20481,0,87,32,12,0x455ba8
3893,12894,20481,0,87,32,12,0x456128
3894,12895,20481,0,87,32,12,0x4566a8
3895,12896,20481,0,87,32,12,0x456c28
3896,12897,20481,0,87,32,12,0x4571a8
3897,12898,20481,0,87,32,12,0x457728
3898,12899,20481,0,87,32,12,0x457ca8
3899,12900,20481,0,87,32,12,0x458228
3900,12901,20481,0,87,32,12,0x4587a8
3901,12902,20481,0,87,32,12,0x458d28
3902,12903,20481,0,87,32,12,0x4592a8
3903,12904,20481,0,87,32,12,0x459828
3904,12905,20481,0,87,32,12,0x459da8
3905,12906,20481,0,87,32,12,0x45a328
3906,12907,20481,0,87,32,12,0x45a8a8
3907,12908,20481,0,87,32,12,0x45ae28
3908,12909,20481,0,87,32,12,0x45b3a8
3909,12910,20481,0,87,32,12,0x45b928
3910,12911,20481,0,87,32,12,0x45bea8
3911,12912,20481,0,87,32,12,0x45c428
3912,12913,20481,0,87,32,12,0x45c9a8
3913,12914,20481,0,87,32,12,0x45cf28
3914,12915,20481,0,87,32,12,0x45d4a8
3915,12916,20481,0,87,32,12,0x45da28
3916,12917,20481,0,87,32,12,0x45dfa8
3917,12918,20481,0,87,32,12,0x45e528
3918,12919,20481,0,87,32,12,0x45eaa8
3919,12920,20481,0,87,32,12,0x45f028
3920,12921,20481,0,87,32,12,0x45f5a8
3921,12922,20481,0,87,32,12,0x45fb28
3922,12923,20481,0,87,32,12,0x4600a8
3923,12924,20481,0,87,32,12,0x460628
3924,12925,20481,0,87,32,12,0x460ba8
3925,12926,20481,0,87,32,7,0x461128
3926,12927,20481,0,87,32,7,0x461624
3927,12928,20481,0,87,32,7,0x461af0
3928,12929,20481,0,87,32,12,0x462020
3929,12930,20481,0,87,32,1,0x4625a0
3930,12931,20481,0,87,32,12,0x462b1c
3931,12932,20481,0,87,32,1,0x46309c
3932,12933,20481,0,87,32,12,0x463524
3933,12934,20481,0,87,32,12,0x463aa4
3934,12935,20481,0,87,32,12,0x464024
3935,12936,20481,0,87,32,12,0x4645a4
3936,12937,20481,0,87,32,12,0x464b24
3937,12938,20481,0,87,32,12,0x4650a4
3938,12939,20481,0,87,32,12,0x465624
3939,12940,20481,0,87,32,12,0x465ba4
3940,12941,20481,0,87,32,12,0x466124
3941,12942,20481,0,87,32,12,0x4666a4
3942,12943,20481,0,87,32,12,0x466c24
3943,12944,20481,2,87,32,12,0x4671a4
3944,12945,1153,4,87,32,7,0x467724
3945,12946,1153,5,87,32,3,0x467c00
3946,12947,1153,5,87,32,3,0x467e84
3947,12948,1153,5,87,32,3,0x468194
3948,12949,1153,5,87,32,9,0x4684d0
3949,12950,1153,5,87,32,3,0x46892c
3950,12951,1153,5,87,32,3,0x468c84
3951,12952,1153,5,87,32,9,0x468fc8
3952,12953,1153,5,87,32,3,0x469374
3953,12954,1153,5,87,32,3,0x4697d8
3954,12955,1153,1,87,32,9,0x469ce4
3955,12956,1153,0,87,32,12,0x46a1e4
3956,12957,1153,0,87,32,12,0x46a764
3957,12958,1153,0,87,32,12,0x46ace4
3958,12959,1153,0,87,32,12,0x46b264
3959,12960,1153,0,87,32,12,0x46b7e4
3960,12961,1153,0,87,32,12,0x46bd64
3961,12962,1153,0,87,32,12,0x46c2e4
3962,12963,1153,0,87,32,7,0x46c864
3963,12964,1153,0,87,32,7,0x46cd9c
3964,12965,1153,0,87,32,7,0x46d2b8
3965,12966,1153,0,87,32,7,0x46d75c
3966,12967,1153,0,87,32,7,0x46dbec
3967,12968,1153,0,87,32,7,0x46e070
3968,12969,1153,0,87,32,7,0x46e288
3969,12970,1153,0,87,32,7,0x46e4a4
3970,12971,1153,0,87,32,7,0x46e6c8
3971,12972,1153,0,87,32,7,0x46e900
3972,12973,1153,0,87,32,1,0x46eb98
3973,12974,1153,0,87,32,1,0x46ee0c
3974,12975,1153,2,87,32,7,0x46ef44
3975,12976,20934,0,87,32,12,0x46f248
3976,12977,20934,0,87,32,12,0x46f7c8
3977,12978,20934,0,87,32,12,0x46fd48
3978,12979,20934,0,87,32,12,0x4702c8
3979,12980,20934,0,87,32,12,0x470848
3980,12981,20934,0,87,32,12,0x470dc8
3981,12982,20934,0,87,32,12,0x471348
3982,12983,20934,0,87,32,12,0x4718c8
3983,12984,20934,0,87,32,12,0x471e48
3984,12985,20934,0,87,32,12,0x4723c8
3985,12986,20934,0,87,32,12,0x472948
3986,12987,20934,0,87,32,12,0x472ec8
3987,12988,20934,0,87,32,12,0x473448
3988,12989,20934,0,87,32,12,0x4739c8
3989,12990,20934,0,87,32,12,0x473f48
3990,12991,20934,0,87,32,12,0x4744c8
3991,12992,20934,0,87,32,12,0x474a48
3992,12993,20934,0,87,32,12,0x474fc8
3993,12994,20934,0,87,32,12,0x475548
3994,12995,20934,0,87,32,12,0x475ac8
3995,12996,20934,0,87,32,12,0x476048
3996,12997,20934,0,87,32,12,0x4765c8
3997,12998,20934,0,87,32,12,0x476b48
3998,12999,20934,0,87,32,12,0x4770c8
3999,13000,20934,0,87,32,12,0x477648
4000,13001,20934,0,87,32,12,0x477bc8
4001,13002,20934,0,87,32,12,0x478148
4002,13003,20934,0,87,32,12,0x4786c8
4003,13004,20934,0,87,32,12,0x478c48
4004,13005,20934,0,87,32,12,0x4791c8
4005,13006,20934,0,87,32,12,0x479748
4006,13007,20934,0,87,32,12,0x479cc8
4007,13008,20934,0,87,32,12,0x47a248
4008,13009,20934,0,87,32,12,0x47a7c8
4009,13010,20934,0,87,32,12,0x47ad48
4010,13011,20934,0,87,32,12,0x47b2c8
4011,13012,20934,0,87,32,12,0x47b848
4012,13013,20934,0,87,32,12,0x47bdc8
4013,13014,20934,0,87,32,12,0x47c348
4014,13015,20934,0,87,32,12,0x47c8c8
4015,13016,20934,0,87,32,12,0x47ce48
4016,13017,20934,0,87,32,12,0x47d3c8
4017,13018,20934,0,87,32,12,0x47d948
4018,13019,20934,0,87,32,12,0x47dec8
4019,13020,20934,0,87,32,12,0x47e448
4020,13021,20934,0,87,32,12,0x47e9c8
4021,13022,20934,0,87,32,12,0x47ef48
4022,13023,20934,0,87,32,12,0x47f4c8
4023,13024,20934,0,87,32,12,0x47fa48
4024,13025,20934,0,87,32,12,0x47ffc8
4025,13026,20934,0,87,32,12,0x480548
4026,13027,20934,0,87,32,12,0x480ac8
4027,13028,20934,0,87,32,12,0x481048
4028,13029,20934,0,87,32,12,0x4815c8
4029,13030,20934,0,87,32,12,0x481b48
4030,13031,20934,0,87,32,12,0x4820c8
4031,13032,20934,0,87,32,12,0x482648
4032,13033,20934,0,87,32,12,0x482bc8
4033,13034,20934,0,87,32,12,0x483148
4034,13035,20934,0,87,32,12,0x4836c8
4035,13036,20934,0,87,32,12,0x483c48
4036,13037,20934,0,87,32,12,0x4841c8
4037,13038,20934,0,87,32,12,0x484748
4038,13039,20934,0,87,32,7,0x484cc8
4039,13040,20934,0,87,32,7,0x485200
4040,13041,20934,0,87,32,7,0x485694
4041,13042,20934,0,87,32,7,0x485aa4
4042,13043,20934,0,87,32,7,0x485eb8
4043,13044,20934,0,87,32,1,0x4862bc
4044,13045,20934,0,87,32,7,0x486834
4045,13046,20934,0,87,32,7,0x486cb4
4046,13047,20934,0,87,32,7,0x48714c
4047,13048,20934,0,87,32,12,0x487614
4048,13049,20934,0,87,32,12,0x487b94
4049,13050,20934,0,87,32,7,0x488114
4050,13051,20934,0,87,32,7,0x4885a4
4051,13052,20934,0,87,32,1,0x488870
4052,13053,20934,2,87,32,1,0x488a50
4053,13054,20097,0,87,32,12,0x488d68
4054,13055,20097,0,87,32,12,0x4892e8
4055,13056,20097,0,87,32,12,0x489868
4056,13057,20097,0,87,32,12,0x489de8
4057,13058,20097,0,87,32,12,0x48a368
4058,13059,20097,0,87,32,12,0x48a8e8
4059,13060,20097,0,87,32,12,0x48ae68
4060,13061,20097,0,87,32,12,0x48b3e8
4061,13062,20097,0,87,32,12,0x48b968
4062,13063,20097,0,87,32,12,0x48bee8
4063,13064,20097,0,87,32,12,0x48c468
4064,13065,20097,0,87,32,12,0x48c9e8
4065,13066,20097,0,87,32,12,0x48cf68
4066,13067,20097,0,87,32,12,0x48d4e8
4067,13068,20097,0,87,32,12,0x48da68
4068,13069,20097,0,87,32,12,0x48dfe8
4069,13070,20097,0,87,32,12,0x48e568
4070,13071,20097,0,87,32,12,0x48eae8
4071,13072,20097,0,87,32,12,0x48f068
4072,13073,20097,0,87,32,12,0x48f5e8
4073,13074,20097,0,87,32,12,0x48fb68
4074,13075,20097,0,87,32,12,0x4900e8
4075,13076,20097,0,87,32,12,0x490668
4076,13077,20097,0,87,32,12,0x490be8
4077,13078,20097,0,87,32,12,0x491168
4078,13079,20097,0,87,32,12,0x4916e8
4079,13080,20097,0,87,32,12,0x491c68
4080,13081,20097,0,87,32,12,0x4921e8
4081,13082,20097,0,87,32,12,0x492768
4082,13083,20097,0,87,32,12,0x492ce8
4083,13084,20097,0,87,32,12,0x493268
4084,13085,20097,0,87,32,12,0x4937e8
4085,13086,20097,0,87,32,12,0x493d68
4086,13087,20097,0,87,32,12,0x4942e8
4087,13088,20097,0,87,32,12,0x494868
4088,13089,20097,0,87,32,12,0x494de8
4089,13090,20097,0,87,32,12,0x495368
4090,13091,20097,0,87,32,12,0x4958e8
4091,13092,20097,0,87,32,12,0x495e68
4092,13093,20097,0,87,32,12,0x4963e8
4093,13094,20097,0,87,32,12,0x496968
4094,13095,20097,0,87,32,12,0x496ee8
4095,13096,20097,0,87,32,12,0x497468
4096,13097,20097,0,87,32,12,0x4979e8
4097,13098,20097,0,87,32,12,0x497f68
4098,13099,20097,2,87,32,12,0x4984e8
4099,13100,9204,0,87,32,7,0x498a68
4100,13101,9204,0,87,32,7,0x498f04
4101,13102,9204,0,87,32,7,0x499388
4102,13103,9204,0,87,32,7,0x499788
4103,13104,9204,0,87,32,7,0x499bac
4104,13105,9204,0,87,32,12,0x49a078
4105,13106,9204,0,87,32,12,0x49a5f8
4106,13107,9204,0,87,32,12,0x49ab78
4107,13108,9204,0,87,32,12,0x49b0f8
4108,13109,9204,0,87,32,12,0x49b678
4109,13110,9204,0,87,32,7,0x49bbf8
4110,13111,9204,0,87,32,12,0x49c160
4111,13112,9204,0,87,32,7,0x49c6e0
4112,13113,9204,0,87,32,7,0x49cc4c
4113,13114,9204,0,87,32,12,0x49d18c
4114,13115,9204,0,87,32,7,0x49d70c
4115,13116,9204,0,87,32,7,0x49dc78
4116,13117,9204,0,87,32,12,0x49e1cc
4117,13118,9204,0,87,32,7,0x49e74c
4118,13119,9204,2,87,32,12,0x49ec6c
4119,13120,1473,0,87,32,7,0x49f1ec
4120,13121,1473,0,87,32,7,0x49f6f4
4121,13122,1473,0,87,32,1,0x49fbdc
4122,13123,1473,0,87,32,1,0x4a00dc
4123,13124,1473,0,87,32,1,0x4a05dc
4124,13125,1473,0,87,32,1,0x4a0b24
4125,13126,1473,0,87,32,7,0x4a1098
4126,13127,1473,0,87,32,7,0x4a15d0
4127,13128,1473,0,87,32,12,0x4a1b24
4128,13129,1473,0,87,32,12,0x4a20a4
4129,13130,1473,0,87,32,12,0x4a2624
4130,13131,1473,0,87,32,12,0x4a2ba4
4131,13132,1473,0,87,32,12,0x4a3124
4132,13133,1473,0,87,32,12,0x4a36a4
4133,13134,1473,0,87,32,12,0x4a3c24
4134,13135,1473,0,87,32,12,0x4a41a4
4135,13136,1473,0,87,32,12,0x4a4724
4136,13137,1473,0,87,32,12,0x4a4ca4
4137,13138,1473,0,87,32,12,0x4a5224
4138,13139,1473,0,87,32,12,0x4a57a4
4139,13140,1473,0,87,32,7,0x4a5d24
4140,13141,1473,0,87,32,7,0x4a6238
4141,13142,1473,0,87,32,7,0x4a66f0
4142,13143,1473,0,87,32,7,0x4a6c24
4143,13144,1473,0,87,32,7,0x4a716c
4144,13145,1473,0,87,32,7,0x4a7694
4145,13146,1473,2,87,32,7,0x4a7bd8
4146,13147,16472,4,87,32,12,0x4a8118
4147,13148,16472,1,87,32,9,0x4a8698
4148,13149,16472,0,87,32,12,0x4a8b1c
4149,13150,16472,0,87,32,12,0x4a909c
4150,13151,16472,0,87,32,12,0x4a961c
4151,13152,16472,0,87,32,12,0x4a9b9c
4152,13153,16472,0,87,32,12,0x4aa11c
4153,13154,16472,0,87,32,12,0x4aa69c
4154,13155,16472,0,87,32,12,0x4aac1c
4155,13156,16472,0,87,32,7,0x4ab19c
4156,13157,16472,0,87,32,7,0x4ab6b8
4157,13158,16472,0,87,32,7,0x4abab8
4158,13159,16472,0,87,32,7,0x4abf24
4159,13160,16472,0,87,32,12,0x4ac4a0
4160,13161,16472,0,87,32,7,0x4aca20
4161,13162,16472,0,87,32,12,0x4ace90
4162,13163,16472,0,87,32,12,0x4ad410
4163,13164,16472,0,87,32,12,0x4ad990
4164,13165,16472,0,87,32,7,0x4adf10
4165,13166,16472,0,87,32,7,0x4ae48c
4166,13167,16472,0,87,32,7,0x4ae9ec
4167,13168,16472,0,87,32,12,0x4aef5c
4168,13169,16472,0,87,32,12,0x4af4dc
4169,13170,16472,0,87,32,12,0x4afa5c
4170,13171,16472,0,87,32,12,0x4affdc
4171,13172,16472,0,87,32,12,0x4b055c
4172,13173,16472,0,87,32,12,0x4b0adc
4173,13174,16472,0,87,32,12,0x4b105c
4174,13175,16472,0,87,32,12,0x4b15dc
4175,13176,16472,0,87,32,12,0x4b1b5c
4176,13177,16472,0,87,32,12,0x4b20dc
4177,13178,16472,0,87,32,12,0x4b265c
4178,13179,16472,0,87,32,12,0x4b2bdc
4179,13180,16472,0,87,32,12,0x4b315c
4180,13181,16472,0,87,32,12,0x4b36dc
4181,13182,16472,0,87,32,7,0x4b3c5c
4182,13183,16472,0,87,32,7,0x4b4198
4183,13184,16472,0,87,32,7,0x4b4530
4184,13185,16472,0,87,32,1,0x4b47f0
4185,13186,16472,2,87,32,1,0x4b4b30
4186,13187,20910,0,87,32,12,0x4b5004
4187,13188,20910,0,87,32,12,0x4b5584
4188,13189,20910,0,87,32,12,0x4b5b04
4189,13190,20910,0,87,32,12,0x4b6084
4190,13191,20910,0,87,32,12,0x4b6604
4191,13192,20910,0,87,32,12,0x4b6b84
4192,13193,20910,0,87,32,12,0x4b7104
4193,13194,20910,0,87,32,12,0x4b7684
4194,13195,20910,0,87,32,12,0x4b7c04
4195,13196,20910,0,87,32,12,0x4b8184
4196,13197,20910,0,87,32,12,0x4b8704
4197,13198,20910,0,87,32,12,0x4b8c84
4198,13199,20910,0,87,32,12,0x4b9204
4199,13200,20910,0,87,32,12,0x4b9784
4200,13201,20910,0,87,32,12,0x4b9d04
4201,13202,20910,0,87,32,12,0x4ba284
4202,13203,20910,0,87,32,12,0x4ba804
4203,13204,20910,0,87,32,12,0x4bad84
4204,13205,20910,0,87,32,12,0x4bb304
4205,13206,20910,0,87,32,12,0x4bb884
4206,13207,20910,0,87,32,12,0x4bbe04
4207,13208,20910,0,87,32,12,0x4bc384
4208,13209,20910,0,87,32,12,0x4bc904
4209,13210,20910,0,87,32,12,0x4bce84
4210,13211,20910,0,87,32,12,0x4bd404
4211,13212,20910,0,87,32,12,0x4bd984
4212,13213,20910,0,87,32,12,0x4bdf04
4213,13214,20910,0,87,32,12,0x4be484
4214,13215,20910,0,87,32,12,0x4bea04
4215,13216,20910,0,87,32,12,0x4bef84
4216,13217,20910,0,87,32,12,0x4bf504
4217,13218,20910,0,87,32,12,0x4bfa84
4218,13219,20910,0,87,32,12,0x4c0004
4219,13220,20910,0,87,32,12,0x4c0584
4220,13221,20910,0,87,32,12,0x4c0b04
4221,13222,20910,0,87,32,12,0x4c1084
4222,13223,20910,0,87,32,12,0x4c1604
4223,13224,20910,0,87,32,12,0x4c1b84
4224,13225,20910,2,87,32,12,0x4c2104
4225,13226,10946,0,87,32,7,0x4c2684
4226,13227,10946,0,87,32,7,0x4c2b70
4227,13228,10946,0,87,32,12,0x4c30a4
4228,13229,10946,0,87,32,12,0x4c3624
4229,13230,10946,0,87,32,12,0x4c3ba4
4230,13231,10946,0,87,32,12,0x4c4124
4231,13232,10946,0,87,32,12,0x4c46a4
4232,13233,10946,0,87,32,12,0x4c4c24
4233,13234,10946,0,87,32,12,0x4c51a4
4234,13235,10946,0,87,32,12,0x4c5724
4235,13236,10946,0,87,32,7,0x4c5ca4
4236,13237,10946,0,87,32,12,0x4c61e0
4237,13238,10946,0,87,32,12,0x4c6760
4238,13239,10946,0,87,32,12,0x4c6ce0
4239,13240,10946,0,87,32,12,0x4c7260
4240,13241,10946,0,87,32,7,0x4c77e0
4241,13242,10946,0,87,32,12,0x4c7d50
4242,13243,10946,0,87,32,12,0x4c82d0
4243,13244,10946,0,87,32,12,0x4c8850
4244,13245,10946,0,87,32,12,0x4c8dd0
4245,13246,10946,0,87,32,12,0x4c9350
4246,13247,10946,0,87,32,12,0x4c98d0
4247,13248,10946,0,87,32,12,0x4c9e50
4248,13249,10946,0,87,32,12,0x4ca3d0
4249,13250,10946,0,87,32,12,0x4ca950
4250,13251,10946,0,87,32,12,0x4caed0
4251,13252,10946,0,87,32,12,0x4cb450
4252,13253,10946,0,87,32,12,0x4cb9d0
4253,13254,10946,0,87,32,12,0x4cbf50
4254,13255,10946,0,87,32,12,0x4cc4d0
4255,13256,10946,0,87,32,12,0x4cca50
4256,13257,10946,0,87,32,12,0x4ccfd0
4257,13258,10946,0,87,32,12,0x4cd550
4258,13259,10946,0,87,32,12,0x4cdad0
4259,13260,10946,0,87,32,12,0x4ce050
4260,13261,10946,0,87,32,12,0x4ce5d0
4261,13262,10946,0,87,32,12,0x4ceb50
4262,13263,10946,0,87,32,12,0x4cf0d0
4263,13264,10946,0,87,32,12,0x4cf650
4264,13265,10946,0,87,32,12,0x4cfbd0
4265,13266,10946,0,87,32,12,0x4d0150
4266,13267,10946,0,87,32,7,0x4d06d0
4267,13268,10946,0,87,32,12,0x4d0c34
4268,13269,10946,0,87,32,7,0x4d11b4
4269,13270,10946,0,87,32,7,0x4d1704
4270,13271,10946,0,87,32,7,0x4d1bac
4271,13272,10946,0,87,32,7,0x4d1fc8
4272,13273,10946,0,87,32,7,0x4d2370
4273,13274,10946,0,87,32,7,0x4d27c0
4274,13275,10946,2,87,32,7,0x4d2c14
4275,13276,13924,0,87,32,12,0x4d30a4
4276,13277,13924,0,87,32,12,0x4d3624
4277,13278,13924,0,87,32,12,0x4d3ba4
4278,13279,13924,0,87,32,12,0x4d4124
4279,13280,13924,0,87,32,12,0x4d46a4
4280,13281,13924,0,87,32,12,0x4d4c24
4281,13282,13924,0,87,32,12,0x4d51a4
4282,13283,13924,0,87,32,12,0x4d5724
4283,13284,13924,0,87,32,12,0x4d5ca4
4284,13285,13924,0,87,32,12,0x4d6224
4285,13286,13924,0,87,32,12,0x4d67a4
4286,13287,13924,0,87,32,12,0x4d6d24
4287,13288,13924,0,87,32,12,0x4d72a4
4288,13289,13924,0,87,32,12,0x4d7824
4289,13290,13924,0,87,32,12,0x4d7da4
4290,13291,13924,0,87,32,12,0x4d8324
4291,13292,13924,0,87,32,12,0x4d88a4
4292,13293,13924,0,87,32,12,0x4d8e24
4293,13294,13924,0,87,32,12,0x4d93a4
4294,13295,13924,0,87,32,12,0x4d9924
4295,13296,13924,0,87,32,12,0x4d9ea4
4296,13297,13924,0,87,32,12,0x4da424
4297,13298,13924,0,87,32,12,0x4da9a4
4298,13299,13924,0,87,32,12,0x4daf24
4299,13300,13924,0,87,32,12,0x4db4a4
4300,13301,13924,0,87,32,12,0x4dba24
4301,13302,13924,0,87,32,12,0x4dbfa4
4302,13303,13924,0,87,32,12,0x4dc524
4303,13304,13924,0,87,32,12,0x4dcaa4
4304,13305,13924,0,87,32,12,0x4dd024
4305,13306,13924,0,87,32,12,0x4dd5a4
4306,13307,13924,0,87,32,12,0x4ddb24
4307,13308,13924,0,87,32,12,0x4de0a4
4308,13309,13924,0,87,32,12,0x4de624
4309,13310,13924,0,87,32,12,0x4deba4
4310,13311,13924,0,87,32,12,0x4df124
4311,13312,13924,0,87,32,12,0x4df6a4
4312,13313,13924,0,87,32,12,0x4dfc24
4313,13314,13924,2,87,32,1,0x4e01a4
4314,13315,5964,0,156,45,7,0x4e06cc
4315,13316,5964,0,156,45,7,0x4e0e10
4316,13317,5964,0,156,45,7,0x4e1568
4317,13318,5964,2,156,45,7,0x4e1cac
4318,13319,6067,0,128,32,7,0x4e2400
4319,13320,6067,0,128,32,7,0x4e24fc
4320,13321,6067,0,128,32,7,0x4e2658
4321,13322,6067,0,128,32,7,0x4e288c
4322,13323,6067,0,128,32,7,0x4e2c1c
4323,13324,6067,0,128,32,7,0x4e2f58
4324,13325,6067,0,128,32,7,0x4e3244
4325,13326,6067,0,128,32,7,0x4e3490
4326,13327,6067,0,128,32,7,0x4e35c4
4327,13328,6067,0,128,32,7,0x4e3694
4328,13329,6067,0,128,32,7,0x4e3790
4329,13330,6067,0,128,32,7,0x4e38ec
4330,13331,6067,0,128,32,7,0x4e3b20
4331,13332,6067,0,128,32,7,0x4e3eb0
4332,13333,6067,0,128,32,7,0x4e41ec
4333,13334,6067,0,128,32,7,0x4e44d8
4334,13335,6067,0,128,32,7,0x4e4724
4335,13336,6067,2,128,32,7,0x4e4858
4336,13337,6021,0,87,32,12,0x4e4928
4337,13338,6021,0,87,32,12,0x4e4ea8
4338,13339,6021,0,87,32,12,0x4e5428
4339,13340,6021,0,87,32,12,0x4e59a8
4340,13341,6021,0,87,32,12,0x4e5f28
4341,13342,6021,0,87,32,12,0x4e64a8
4342,13343,6021,0,87,32,12,0x4e6a28
4343,13344,6021,0,87,32,12,0x4e6fa8
4344,13345,6021,0,87,32,12,0x4e7528
4345,13346,6021,0,87,32,12,0x4e7aa8
4346,13347,6021,0,87,32,12,0x4e8028
4347,13348,6021,0,87,32,12,0x4e85a8
4348,13349,6021,0,87,32,12,0x4e8b28
4349,13350,6021,0,87,32,12,0x4e90a8
4350,13351,6021,0,87,32,12,0x4e9628
4351,13352,6021,0,87,32,12,0x4e9ba8
4352,13353,6021,0,87,32,12,0x4ea128
4353,13354,6021,0,87,32,12,0x4ea6a8
4354,13355,6021,0,87,32,12,0x4eac28
4355,13356,6021,0,87,32,12,0x4eb1a8
4356,13357,6021,0,87,32,7,0x4eb728
4357,13358,6021,0,87,32,7,0x4ebbb4
4358,13359,6021,0,87,32,7,0x4ebfe0
4359,13360,6021,0,87,32,7,0x4ec3d8
4360,13361,6021,0,87,32,7,0x4ec788
4361,13362,6021,0,87,32,7,0x4ecbb0
4362,13363,6021,0,87,32,7,0x4ecfd0
4363,13364,6021,0,87,32,7,0x4ed464
4364,13365,6021,0,87,32,7,0x4ed8c4
4365,13366,6021,0,87,32,7,0x4edd08
4366,13367,6021,0,87,32,7,0x4ee0f4
4367,13368,6021,0,87,32,1,0x4ee3d0
4368,13369,6021,0,87,32,7,0x4ee718
4369,13370,6021,2,87,32,7,0x4ee94c
4370,13371,20210,0,87,32,12,0x4eeb64
4371,13372,20210,0,87,32,12,0x4ef0e4
4372,13373,20210,0,87,32,12,0x4ef664
4373,13374,20210,0,87,32,12,0x4efbe4
4374,13375,20210,0,87,32,12,0x4f0164
4375,13376,20210,0,87,32,12,0x4f06e4
4376,13377,20210,0,87,32,12,0x4f0c64
4377,13378,20210,0,87,32,12,0x4f11e4
4378,13379,20210,0,87,32,12,0x4f1764
4379,13380,20210,0,87,32,12,0x4f1ce4
4380,13381,20210,0,87,32,12,0x4f2264
4381,13382,20210,0,87,32,12,0x4f27e4
4382,13383,20210,0,87,32,12,0x4f2d64
4383,13384,20210,0,87,32,12,0x4f32e4
4384,13385,20210,0,87,32,12,0x4f3864
4385,13386,20210,0,87,32,12,0x4f3de4
4386,13387,20210,0,87,32,12,0x4f4364
4387,13388,20210,0,87,32,12,0x4f48e4
4388,13389,20210,0,87,32,12,0x4f4e64
4389,13390,20210,0,87,32,12,0x4f53e4
4390,13391,20210,0,87,32,12,0x4f5964
4391,13392,20210,0,87,32,12,0x4f5ee4
4392,13393,20210,0,87,32,12,0x4f6464
4393,13394,20210,0,87,32,12,0x4f69e4
4394,13395,20210,0,87,32,12,0x4f6f64
4395,13396,20210,0,87,32,12,0x4f74e4
4396,13397,20210,0,87,32,12,0x4f7a64
4397,13398,20210,0,87,32,12,0x4f7fe4
4398,13399,20210,0,87,32,12,0x4f8564
4399,13400,20210,0,87,32,12,0x4f8ae4
4400,13401,20210,0,87,32,12,0x4f9064
4401,13402,20210,0,87,32,12,0x4f95e4
4402,13403,20210,0,87,32,12,0x4f9b64
4403,13404,20210,0,87,32,12,0x4fa0e4
4404,13405,20210,0,87,32,12,0x4fa664
4405,13406,20210,0,87,32,12,0x4fabe4
4406,13407,20210,0,87,32,12,0x4fb164
4407,13408,20210,0,87,32,12,0x4fb6e4
4408,13409,20210,0,87,32,12,0x4fbc64
4409,13410,20210,0,87,32,12,0x4fc1e4
4410,13411,20210,0,87,32,12,0x4fc764
4411,13412,20210,0,87,32,12,0x4fcce4
4412,13413,20210,0,87,32,12,0x4fd264
4413,13414,20210,0,87,32,12,0x4fd7e4
4414,13415,20210,0,87,32,12,0x4fdd64
4415,13416,20210,0,87,32,12,0x4fe2e4
4416,13417,20210,0,87,32,12,0x4fe864
4417,13418,20210,0,87,32,12,0x4fede4
4418,13419,20210,0,87,32,12,0x4ff364
4419,13420,20210,0,87,32,12,0x4ff8e4
4420,13421,20210,0,87,32,12,0x4ffe64
4421,13422,20210,0,87,32,12,0x5003e4
4422,13423,20210,0,87,32,12,0x500964
4423,13424,20210,0,87,32,12,0x500ee4
4424,13425,20210,0,87,32,12,0x501464
4425,13426,20210,0,87,32,12,0x5019e4
4426,13427,20210,0,87,32,12,0x501f64
4427,13428,20210,0,87,32,12,0x5024e4
4428,13429,20210,0,87,32,12,0x502a64
4429,13430,20210,0,87,32,12,0x502fe4
4430,13431,20210,0,87,32,12,0x503564
4431,13432,20210,0,87,32,12,0x503ae4
4432,13433,20210,0,87,32,12,0x504064
4433,13434,20210,0,87,32,12,0x5045e4
4434,13435,20210,0,87,32,12,0x504b64
4435,13436,20210,0,87,32,12,0x5050e4
4436,13437,20210,0,87,32,12,0x505664
4437,13438,20210,0,87,32,12,0x505be4
4438,13439,20210,0,87,32,12,0x506164
4439,13440,20210,0,87,32,12,0x5066e4
4440,13441,20210,2,87,32,12,0x506c64
4441,13442,1551,0,87,32,12,0x5071e4
4442,13443,1551,0,87,32,12,0x507764
4443,13444,1551,0,87,32,12,0x507ce4
4444,13445,1551,0,87,32,12,0x508264
4445,13446,1551,0,87,32,12,0x5087e4
4446,13447,1551,0,87,32,12,0x508d64
4447,13448,1551,0,87,32,12,0x5092e4
4448,13449,1551,0,87,32,12,0x509864
4449,13450,1551,0,87,32,12,0x509de4
4450,13451,1551,0,87,32,12,0x50a364
4451,13452,1551,0,87,32,12,0x50a8e4
4452,13453,1551,0,87,32,12,0x50ae64
4453,13454,1551,0,87,32,12,0x50b3e4
4454,13455,1551,0,87,32,12,0x50b964
4455,13456,1551,0,87,32,12,0x50bee4
4456,13457,1551,0,87,32,12,0x50c464
4457,13458,1551,0,87,32,12,0x50c9e4
4458,13459,1551,0,87,32,12,0x50cf64
4459,13460,1551,0,87,32,12,0x50d4e4
4460,13461,1551,0,87,32,12,0x50da64
4461,13462,1551,0,87,32,12,0x50dfe4
4462,13463,1551,0,87,32,12,0x50e564
4463,13464,1551,0,87,32,12,0x50eae4
4464,13465,1551,0,87,32,12,0x50f064
4465,13466,1551,0,87,32,12,0x50f5e4
4466,13467,1551,0,87,32,12,0x50fb64
4467,13468,1551,0,87,32,12,0x5100e4
4468,13469,1551,0,87,32,12,0x510664
4469,13470,1551,0,87,32,12,0x510be4
4470,13471,1551,0,87,32,12,0x511164
4471,13472,1551,0,87,32,12,0x5116e4
4472,13473,1551,0,87,32,12,0x511c64
4473,13474,1551,0,87,32,12,0x5121e4
4474,13475,1551,0,87,32,12,0x512764
4475,13476,1551,0,87,32,12,0x512ce4
4476,13477,1551,0,87,32,12,0x513264
4477,13478,1551,0,87,32,12,0x5137e4
4478,13479,1551,0,87,32,12,0x513d64
4479,13480,1551,0,87,32,12,0x5142e4
4480,13481,1551,0,87,32,12,0x514864
4481,13482,1551,0,87,32,12,0x514de4
4482,13483,1551,0,87,32,12,0x515364
4483,13484,1551,0,87,32,12,0x5158e4
4484,13485,1551,0,87,32,12,0x515e64
4485,13486,1551,0,87,32,12,0x5163e4
4486,13487,1551,2,87,32,12,0x516964
4487,13488,5814,0,87,32,12,0x516ee4
4488,13489,5814,0,87,32,12,0x517464
4489,13490,5814,0,87,32,12,0x5179e4
4490,13491,5814,0,87,32,12,0x517f64
4491,13492,5814,0,87,32,12,0x5184e4
4492,13493,5814,0,87,32,12,0x518a64
4493,13494,5814,0,87,32,12,0x518fe4
4494,13495,5814,0,87,32,12,0x519564
4495,13496,5814,0,87,32,12,0x519ae4
4496,13497,5814,0,87,32,12,0x51a064
4497,13498,5814,0,87,32,12,0x51a5e4
4498,13499,5814,0,87,32,12,0x51ab64
4499,13500,5814,0,87,32,12,0x51b0e4
4500,13501,5814,0,87,32,12,0x51b664
4501,13502,5814,0,87,32,12,0x51bbe4
4502,13503,5814,0,87,32,12,0x51c164
4503,13504,5814,0,87,32,12,0x51c6e4
4504,13505,5814,0,87,32,12,0x51cc64
4505,13506,5814,0,87,32,12,0x51d1e4
4506,13507,5814,0,87,32,12,0x51d764
4507,13508,5814,0,87,32,12,0x51dce4
4508,13509,5814,0,87,32,12,0x51e264
4509,13510,5814,0,87,32,12,0x51e7e4
4510,13511,5814,0,87,32,12,0x51ed64
4511,13512,5814,0,87,32,12,0x51f2e4
4512,13513,5814,0,87,32,12,0x51f864
4513,13514,5814,0,87,32,12,0x51fde4
4514,13515,5814,0,87,32,12,0x520364
4515,13516,5814,0,87,32,12,0x5208e4
4516,13517,5814,0,87,32,12,0x520e64
4517,13518,5814,0,87,32,12,0x5213e4
4518,13519,5814,0,87,32,12,0x521964
4519,13520,5814,0,87,32,12,0x521ee4
4520,13521,5814,0,87,32,12,0x522464
4521,13522,5814,0,87,32,12,0x5229e4
4522,13523,5814,0,87,32,12,0x522f64
4523,13524,5814,0,87,32,12,0x5234e4
4524,13525,5814,0,87,32,12,0x523a64
4525,13526,5814,0,87,32,12,0x523fe4
4526,13527,5814,0,87,32,12,0x524564
4527,13528,5814,0,87,32,12,0x524ae4
4528,13529,5814,0,87,32,12,0x525064
4529,13530,5814,0,87,32,12,0x5255e4
4530,13531,5814,2,87,32,12,0x525b64
4531,13532,9503,0,87,32,12,0x5260e4
4532,13533,9503,0,87,32,12,0x526664
4533,13534,9503,0,87,32,12,0x526be4
4534,13535,9503,0,87,32,12,0x527164
4535,13536,9503,0,87,32,12,0x5276e4
4536,13537,9503,0,87,32,7,0x527c64
4537,13538,9503,0,87,32,7,0x5281ac
4538,13539,9503,0,87,32,7,0x5285e0
4539,13540,9503,0,87,32,7,0x528914
4540,13541,9503,0,87,32,7,0x528b98
4541,13542,9503,0,87,32,7,0x528ddc
4542,13543,9503,0,87,32,7,0x52905c
4543,13544,9503,0,87,32,7,0x529328
4544,13545,9503,0,87,32,7,0x5297cc
4545,13546,9503,0,87,32,7,0x529cf0
4546,13547,9503,0,87,32,12,0x52a230
4547,13548,9503,0,87,32,12,0x52a7b0
4548,13549,9503,0,87,32,12,0x52ad30
4549,13550,9503,0,87,32,12,0x52b2b0
4550,13551,9503,0,87,32,12,0x52b830
4551,13552,9503,0,87,32,7,0x52bdb0
4552,13553,9503,2,87,32,12,0x52c250
4553,13554,4951,0,87,32,7,0x52c7d0
4554,13555,4951,0,87,32,12,0x52cbf0
4555,13556,4951,0,87,32,7,0x52d170
4556,13557,4951,0,87,32,12,0x52d670
4557,13558,4951,0,87,32,1,0x52dbf0
4558,13559,4951,0,87,32,1,0x52e10c
4559,13560,4951,0,87,32,1,0x52e564
4560,13561,4951,0,87,32,1,0x52ea1c
4561,13562,4951,0,87,32,1,0x52ed84
4562,13563,4951,0,87,32,1,0x52f0b8
4563,13564,4951,0,87,32,1,0x52f494
4564,13565,4951,0,87,32,12,0x52f900
4565,13566,4951,0,87,32,12,0x52fe80
4566,13567,4951,0,87,32,1,0x530400
4567,13568,4951,0,87,32,12,0x530974
4568,13569,4951,0,87,32,12,0x530ef4
4569,13570,4951,0,87,32,12,0x531474
4570,13571,4951,0,87,32,12,0x5319f4
4571,13572,4951,0,87,32,12,0x531f74
4572,13573,4951,0,87,32,12,0x5324f4
4573,13574,4951,0,87,32,12,0x532a74
4574,13575,4951,0,87,32,12,0x532ff4
4575,13576,4951,0,87,32,12,0x533574
4576,13577,4951,0,87,32,12,0x533af4
4577,13578,4951,0,87,32,12,0x534074
4578,13579,4951,0,87,32,12,0x5345f4
4579,13580,4951,0,87,32,12,0x534b74
4580,13581,4951,0,87,32,12,0x5350f4
4581,13582,4951,0,87,32,12,0x535674
4582,13583,4951,0,87,32,12,0x535bf4
4583,13584,4951,0,87,32,12,0x536174
4584,13585,4951,0,87,32,12,0x5366f4
4585,13586,4951,0,87,32,12,0x536c74
4586,13587,4951,0,87,32,12,0x5371f4
4587,13588,4951,0,87,32,12,0x537774
4588,13589,4951,0,87,32,12,0x537cf4
4589,13590,4951,0,87,32,12,0x538274
4590,13591,4951,0,87,32,12,0x5387f4
4591,13592,4951,0,87,32,12,0x538d74
4592,13593,4951,0,87,32,12,0x5392f4
4593,13594,4951,2,87,32,12,0x539874
4594,13595,11846,0,87,32,12,0x539df4
4595,13596,11846,0,87,32,12,0x53a374
4596,13597,11846,0,87,32,12,0x53a8f4
4597,13598,11846,0,87,32,12,0x53ae74
4598,13599,11846,0,87,32,12,0x53b3f4
4599,13600,11846,0,87,32,12,0x53b974
4600,13601,11846,0,87,32,12,0x53bef4
4601,13602,11846,0,87,32,12,0x53c474
4602,13603,11846,0,87,32,12,0x53c9f4
4603,13604,11846,0,87,32,12,0x53cf74
4604,13605,11846,0,87,32,12,0x53d4f4
4605,13606,11846,0,87,32,12,0x53da74
4606,13607,11846,0,87,32,12,0x53dff4
4607,13608,11846,0,87,32,12,0x53e574
4608,13609,11846,0,87,32,12,0x53eaf4
4609,13610,11846,0,87,32,12,0x53f074
4610,13611,11846,0,87,32,12,0x53f5f4
4611,13612,11846,0,87,32,12,0x53fb74
4612,13613,11846,0,87,32,12,0x5400f4
4613,13614,11846,0,87,32,12,0x540674
4614,13615,11846,0,87,32,12,0x540bf4
4615,13616,11846,0,87,32,12,0x541174
4616,13617,11846,0,87,32,12,0x5416f4
4617,13618,11846,0,87,32,12,0x541c74
4618,13619,11846,0,87,32,12,0x5421f4
4619,13620,11846,0,87,32,12,0x542774
4620,13621,11846,0,87,32,12,0x542cf4
4621,13622,11846,0,87,32,12,0x543274
4622,13623,11846,0,87,32,12,0x5437f4
4623,13624,11846,0,87,32,12,0x543d74
4624,13625,11846,0,87,32,12,0x5442f4
4625,13626,11846,0,87,32,12,0x544874
4626,13627,11846,0,87,32,12,0x544df4
4627,13628,11846,0,87,32,12,0x545374
4628,13629,11846,0,87,32,12,0x5458f4
4629,13630,11846,0,87,32,12,0x545e74
4630,13631,11846,0,87,32,12,0x5463f4
4631,13632,11846,0,87,32,12,0x546974
4632,13633,11846,0,87,32,12,0x546ef4
4633,13634,11846,0,87,32,12,0x547474
4634,13635,11846,2,87,32,12,0x5479f4
4635,13636,14960,0,87,32,12,0x547f74
4636,13637,14960,0,87,32,12,0x5484f4
4637,13638,14960,0,87,32,12,0x548a74
4638,13639,14960,0,87,32,12,0x548ff4
4639,13640,14960,0,87,32,12,0x549574
4640,13641,14960,0,87,32,12,0x549af4
4641,13642,14960,0,87,32,12,0x54a074
4642,13643,14960,0,87,32,12,0x54a5f4
4643,13644,14960,0,87,32,12,0x54ab74
4644,13645,14960,0,87,32,12,0x54b0f4
4645,13646,14960,0,87,32,12,0x54b674
4646,13647,14960,0,87,32,12,0x54bbf4
4647,13648,14960,0,87,32,12,0x54c174
4648,13649,14960,0,87,32,12,0x54c6f4
4649,13650,14960,0,87,32,12,0x54cc74
4650,13651,14960,0,87,32,12,0x54d1f4
4651,13652,14960,0,87,32,12,0x54d774
4652,13653,14960,0,87,32,12,0x54dcf4
4653,13654,14960,0,87,32,12,0x54e274
4654,13655,14960,0,87,32,12,0x54e7f4
4655,13656,14960,0,87,32,12,0x54ed74
4656,13657,14960,0,87,32,12,0x54f2f4
4657,13658,14960,0,87,32,12,0x54f874
4658,13659,14960,0,87,32,12,0x54fdf4
4659,13660,14960,0,87,32,12,0x550374
4660,13661,14960,2,87,32,12,0x5508f4
4661,13662,6003,0,87,32,12,0x550e74
4662,13663,6003,0,87,32,12,0x5513f4
4663,13664,6003,0,87,32,12,0x551974
4664,13665,6003,0,87,32,12,0x551ef4
4665,13666,6003,0,87,32,12,0x552474
4666,13667,6003,0,87,32,12,0x5529f4
4667,13668,6003,0,87,32,12,0x552f74
4668,13669,6003,0,87,32,12,0x5534f4
4669,13670,6003,0,87,32,12,0x553a74
4670,13671,6003,0,87,32,12,0x553ff4
4671,13672,6003,0,87,32,12,0x554574
4672,13673,6003,0,87,32,12,0x554af4
4673,13674,6003,0,87,32,12,0x555074
4674,13675,6003,0,87,32,12,0x5555f4
4675,13676,6003,0,87,32,12,0x555b74
4676,13677,6003,0,87,32,12,0x5560f4
4677,13678,6003,0,87,32,12,0x556674
4678,13679,6003,0,87,32,12,0x556bf4
4679,13680,6003,0,87,32,12,0x557174
4680,13681,6003,0,87,32,12,0x5576f4
4681,13682,6003,0,87,32,12,0x557c74
4682,13683,6003,0,87,32,12,0x5581f4
4683,13684,6003,0,87,32,12,0x558774
4684,13685,6003,0,87,32,12,0x558cf4
4685,13686,6003,0,87,32,12,0x559274
4686,13687,6003,0,87,32,12,0x5597f4
4687,13688,6003,0,87,32,12,0x559d74
4688,13689,6003,0,87,32,12,0x55a2f4
4689,13690,6003,0,87,32,12,0x55a874
4690,13691,6003,0,87,32,12,0x55adf4
4691,13692,6003,0,87,32,12,0x55b374
4692,13693,6003,0,87,32,12,0x55b8f4
4693,13694,6003,0,87,32,12,0x55be74
4694,13695,6003,0,87,32,12,0x55c3f4
4695,13696,6003,0,87,32,12,0x55c974
4696,13697,6003,0,87,32,12,0x55cef4
4697,13698,6003,0,87,32,12,0x55d474
4698,13699,6003,0,87,32,12,0x55d9f4
4699,13700,6003,0,87,32,12,0x55df74
4700,13701,6003,0,87,32,12,0x55e4f4
4701,13702,6003,0,87,32,12,0x55ea74
4702,13703,6003,0,87,32,12,0x55eff4
4703,13704,6003,0,87,32,12,0x55f574
4704,13705,6003,0,87,32,12,0x55faf4
4705,13706,6003,0,87,32,12,0x560074
4706,13707,6003,0,87,32,12,0x5605f4
4707,13708,6003,0,87,32,12,0x560b74
4708,13709,6003,0,87,32,12,0x5610f4
4709,13710,6003,0,87,32,12,0x561674
4710,13711,6003,0,87,32,12,0x561bf4
4711,13712,6003,0,87,32,12,0x562174
4712,13713,6003,0,87,32,12,0x5626f4
4713,13714,6003,0,87,32,12,0x562c74
4714,13715,6003,0,87,32,12,0x5631f4
4715,13716,6003,0,87,32,12,0x563774
4716,13717,6003,0,87,32,12,0x563cf4
4717,13718,6003,2,87,32,12,0x564274
4718,13719,4456,0,87,32,12,0x5647f4
4719,13720,4456,0,87,32,12,0x564d74
4720,13721,4456,0,87,32,12,0x5652f4
4721,13722,4456,0,87,32,12,0x565874
4722,13723,4456,0,87,32,12,0x565df4
4723,13724,4456,0,87,32,12,0x566374
4724,13725,4456,0,87,32,12,0x5668f4
4725,13726,4456,0,87,32,12,0x566e74
4726,13727,4456,0,87,32,12,0x5673f4
4727,13728,4456,0,87,32,12,0x567974
4728,13729,4456,0,87,32,12,0x567ef4
4729,13730,4456,0,87,32,12,0x568474
4730,13731,4456,0,87,32,12,0x5689f4
4731,13732,4456,0,87,32,12,0x568f74
4732,13733,4456,0,87,32,12,0x5694f4
4733,13734,4456,0,87,32,12,0x569a74
4734,13735,4456,0,87,32,12,0x569ff4
4735,13736,4456,2,87,32,12,0x56a574
4736,13737,5191,0,87,32,12,0x56aaf4
4737,13738,5191,0,87,32,12,0x56b074
4738,13739,5191,0,87,32,12,0x56b5f4
4739,13740,5191,0,87,32,12,0x56bb74
4740,13741,5191,0,87,32,12,0x56c0f4
4741,13742,5191,0,87,32,12,0x56c674
4742,13743,5191,0,87,32,12,0x56cbf4
4743,13744,5191,0,87,32,12,0x56d174
4744,13745,5191,0,87,32,12,0x56d6f4
4745,13746,5191,0,87,32,12,0x56dc74
4746,13747,5191,0,87,32,12,0x56e1f4
4747,13748,5191,0,87,32,12,0x56e774
4748,13749,5191,0,87,32,12,0x56ecf4
4749,13750,5191,0,87,32,12,0x56f274
4750,13751,5191,0,87,32,12,0x56f7f4
4751,13752,5191,0,87,32,12,0x56fd74
4752,13753,5191,0,87,32,12,0x5702f4
4753,13754,5191,0,87,32,12,0x570874
4754,13755,5191,0,87,32,12,0x570df4
4755,13756,5191,0,87,32,12,0x571374
4756,13757,5191,0,87,32,7,0x5718f4
4757,13758,5191,0,87,32,12,0x571e3c
4758,13759,5191,0,87,32,12,0x5723bc
4759,13760,5191,0,87,32,7,0x57293c
4760,13761,5191,0,87,32,12,0x572eb0
4761,13762,5191,0,87,32,12,0x573430
4762,13763,5191,0,87,32,12,0x5739b0
4763,13764,5191,0,87,32,12,0x573f30
4764,13765,5191,0,87,32,12,0x5744b0
4765,13766,5191,0,87,32,12,0x574a30
4766,13767,5191,0,87,32,12,0x574fb0
4767,13768,5191,0,87,32,12,0x575530
4768,13769,5191,0,87,32,12,0x575ab0
4769,13770,5191,0,87,32,12,0x576030
4770,13771,5191,0,87,32,12,0x5765b0
4771,13772,5191,0,87,32,12,0x576b30
4772,13773,5191,2,87,32,12,0x5770b0
4773,13774,11239,0,87,32,12,0x577630
4774,13775,11239,0,87,32,12,0x577bb0
4775,13776,11239,0,87,32,12,0x578130
4776,13777,11239,0,87,32,12,0x5786b0
4777,13778,11239,0,87,32,12,0x578c30
4778,13779,11239,0,87,32,12,0x5791b0
4779,13780,11239,0,87,32,12,0x579730
4780,13781,11239,0,87,32,12,0x579cb0
4781,13782,11239,0,87,32,12,0x57a230
4782,13783,11239,0,87,32,1,0x57a7b0
4783,13784,11239,0,87,32,1,0x57ad2c
4784,13785,11239,0,87,32,1,0x57b25c
4785,13786,11239,0,87,32,12,0x57b7c8
4786,13787,11239,0,87,32,12,0x57bd48
4787,13788,11239,0,87,32,12,0x57c2c8
4788,13789,11239,0,87,32,12,0x57c848
4789,13790,11239,0,87,32,1,0x57cdc8
4790,13791,11239,0,87,32,12,0x57d31c
4791,13792,11239,0,87,32,12,0x57d89c
4792,13793,11239,0,87,32,1,0x57de1c
4793,13794,11239,0,87,32,12,0x57e358
4794,13795,11239,0,87,32,12,0x57e8d8
4795,13796,11239,0,87,32,12,0x57ee58
4796,13797,11239,2,87,32,12,0x57f3d8
4797,13798,18577,0,87,32,12,0x57f958
4798,13799,18577,0,87,32,12,0x57fed8
4799,13800,18577,0,87,32,12,0x580458
4800,13801,18577,0,87,32,12,0x5809d8
4801,13802,18577,0,87,32,12,0x580f58
4802,13803,18577,0,87,32,12,0x5814d8
4803,13804,18577,0,87,32,12,0x581a58
4804,13805,18577,0,87,32,12,0x581fd8
4805,13806,18577,0,87,32,12,0x582558
4806,13807,18577,0,87,32,12,0x582ad8
4807,13808,18577,0,87,32,12,0x583058
4808,13809,18577,0,87,32,12,0x5835d8
4809,13810,18577,0,87,32,12,0x583b58
4810,13811,18577,0,87,32,12,0x5840d8
4811,13812,18577,0,87,32,12,0x584658
4812,13813,18577,0,87,32,12,0x584bd8
4813,13814,18577,0,87,32,12,0x585158
4814,13815,18577,0,87,32,12,0x5856d8
4815,13816,18577,0,87,32,12,0x585c58
4816,13817,18577,0,87,32,12,0x5861d8
4817,13818,18577,0,87,32,12,0x586758
4818,13819,18577,0,87,32,12,0x586cd8
4819,13820,18577,2,87,32,12,0x587258
4820,13821,10871,0,87,32,12,0x5877d8
4821,13822,10871,0,87,32,12,0x587d58
4822,13823,10871,0,87,32,12,0x5882d8
4823,13824,10871,0,87,32,12,0x588858
4824,13825,10871,0,87,32,12,0x588dd8
4825,13826,10871,0,87,32,12,0x589358
4826,13827,10871,0,87,32,12,0x5898d8
4827,13828,10871,0,87,32,12,0x589e58
4828,13829,10871,0,87,32,12,0x58a3d8
4829,13830,10871,0,87,32,12,0x58a958
4830,13831,10871,0,87,32,12,0x58aed8
4831,13832,10871,0,87,32,12,0x58b458
4832,13833,10871,0,87,32,12,0x58b9d8
4833,13834,10871,0,87,32,12,0x58bf58
4834,13835,10871,0,87,32,12,0x58c4d8
4835,13836,10871,0,87,32,12,0x58ca58
4836,13837,10871,0,87,32,12,0x58cfd8
4837,13838,10871,0,87,32,12,0x58d558
4838,13839,10871,2,87,32,12,0x58dad8
4839,13840,2098,0,87,32,12,0x58e058
4840,13841,2098,0,87,32,12,0x58e5d8
4841,13842,2098,0,87,32,12,0x58eb58
4842,13843,2098,0,87,32,12,0x58f0d8
4843,13844,2098,0,87,32,12,0x58f658
4844,13845,2098,0,87,32,12,0x58fbd8
4845,13846,2098,0,87,32,12,0x590158
4846,13847,2098,0,87,32,12,0x5906d8
4847,13848,2098,0,87,32,12,0x590c58
4848,13849,2098,0,87,32,12,0x5911d8
4849,13850,2098,0,87,32,12,0x591758
4850,13851,2098,0,87,32,12,0x591cd8
4851,13852,2098,0,87,32,12,0x592258
4852,13853,2098,0,87,32,12,0x5927d8
4853,13854,2098,0,87,32,12,0x592d58
4854,13855,2098,0,87,32,12,0x5932d8
4855,13856,2098,0,87,32,12,0x593858
4856,13857,2098,0,87,32,12,0x593dd8
4857,13858,2098,0,87,32,12,0x594358
4858,13859,2098,0,87,32,12,0x5948d8
4859,13860,2098,0,87,32,12,0x594e58
4860,13861,2098,0,87,32,12,0x5953d8
4861,13862,2098,0,87,32,12,0x595958
4862,13863,2098,0,87,32,12,0x595ed8
4863,13864,2098,0,87,32,12,0x596458
4864,13865,2098,0,87,32,12,0x5969d8
4865,13866,2098,0,87,32,12,0x596f58
4866,13867,2098,0,87,32,12,0x5974d8
4867,13868,2098,0,87,32,12,0x597a58
4868,13869,2098,0,87,32,12,0x597fd8
4869,13870,2098,0,87,32,12,0x598558
4870,13871,2098,0,87,32,12,0x598ad8
4871,13872,2098,0,87,32,12,0x599058
4872,13873,2098,0,87,32,12,0x5995d8
4873,13874,2098,0,87,32,12,0x599b58
4874,13875,2098,0,87,32,12,0x59a0d8
4875,13876,2098,0,87,32,12,0x59a658
4876,13877,2098,0,87,32,12,0x59abd8
4877,13878,2098,0,87,32,12,0x59b158
4878,13879,2098,2,87,32,12,0x59b6d8
4879,13880,18609,0,87,32,1,0x59bc58
4880,13881,18609,0,87,32,12,0x59c1d4
4881,13882,18609,0,87,32,12,0x59c754
4882,13883,18609,0,87,32,12,0x59ccd4
4883,13884,18609,0,87,32,12,0x59d254
4884,13885,18609,0,87,32,12,0x59d7d4
4885,13886,18609,0,87,32,12,0x59dd54
4886,13887,18609,0,87,32,12,0x59e2d4
4887,13888,18609,0,87,32,12,0x59e854
4888,13889,18609,0,87,32,12,0x59edd4
4889,13890,18609,0,87,32,12,0x59f354
4890,13891,18609,0,87,32,12,0x59f8d4
4891,13892,18609,0,87,32,12,0x59fe54
4892,13893,18609,0,87,32,12,0x5a03d4
4893,13894,18609,0,87,32,12,0x5a0954
4894,13895,18609,0,87,32,12,0x5a0ed4
4895,13896,18609,0,87,32,12,0x5a1454
4896,13897,18609,0,87,32,12,0x5a19d4
4897,13898,18609,0,87,32,12,0x5a1f54
4898,13899,18609,0,87,32,12,0x5a24d4
4899,13900,18609,0,87,32,12,0x5a2a54
4900,13901,18609,0,87,32,12,0x5a2fd4
4901,13902,18609,0,87,32,12,0x5a3554
4902,13903,18609,0,87,32,12,0x5a3ad4
4903,13904,18609,0,87,32,12,0x5a4054
4904,13905,18609,0,87,32,12,0x5a45d4
4905,13906,18609,0,87,32,12,0x5a4b54
4906,13907,18609,0,87,32,12,0x5a50d4
4907,13908,18609,0,87,32,12,0x5a5654
4908,13909,18609,0,87,32,12,0x5a5bd4
4909,13910,18609,0,87,32,12,0x5a6154
4910,13911,18609,0,87,32,12,0x5a66d4
4911,13912,18609,2,87,32,12,0x5a6c54
4912,13913,9620,0,87,32,12,0x5a71d4
4913,13914,9620,0,87,32,12,0x5a7754
4914,13915,9620,0,87,32,12,0x5a7cd4
4915,13916,9620,0,87,32,12,0x5a8254
4916,13917,9620,0,87,32,12,0x5a87d4
4917,13918,9620,0,87,32,12,0x5a8d54
4918,13919,9620,0,87,32,12,0x5a92d4
4919,13920,9620,0,87,32,12,0x5a9854
4920,13921,9620,0,87,32,12,0x5a9dd4
4921,13922,9620,0,87,32,12,0x5aa354
4922,13923,9620,0,87,32,12,0x5aa8d4
4923,13924,9620,0,87,32,12,0x5aae54
4924,13925,9620,0,87,32,12,0x5ab3d4
4925,13926,9620,0,87,32,12,0x5ab954
4926,13927,9620,0,87,32,12,0x5abed4
4927,13928,9620,0,87,32,12,0x5ac454
4928,13929,9620,0,87,32,12,0x5ac9d4
4929,13930,9620,0,87,32,12,0x5acf54
4930,13931,9620,0,87,32,12,0x5ad4d4
4931,13932,9620,0,87,32,12,0x5ada54
4932,13933,9620,0,87,32,12,0x5adfd4
4933,13934,9620,0,87,32,12,0x5ae554
4934,13935,9620,0,87,32,12,0x5aead4
4935,13936,9620,0,87,32,12,0x5af054
4936,13937,9620,0,87,32,12,0x5af5d4
4937,13938,9620,0,87,32,12,0x5afb54
4938,13939,9620,0,87,32,12,0x5b00d4
4939,13940,9620,0,87,32,12,0x5b0654
4940,13941,9620,0,87,32,12,0x5b0bd4
4941,13942,9620,0,87,32,12,0x5b1154
4942,13943,9620,0,87,32,12,0x5b16d4
4943,13944,9620,2,87,32,12,0x5b1c54
4944,13945,1475,0,87,32,12,0x5b21d4
4945,13946,1475,0,87,32,12,0x5b2754
4946,13947,1475,0,87,32,12,0x5b2cd4
4947,13948,1475,0,87,32,12,0x5b3254
4948,13949,1475,0,87,32,7,0x5b37d4
4949,13950,1475,0,87,32,7,0x5b3d4c
4950,13951,1475,0,87,32,7,0x5b42a8
4951,13952,1475,0,87,32,1,0x5b45f8
4952,13953,1475,0,87,32,7,0x5b4a18
4953,13954,1475,0,87,32,1,0x5b4e90
4954,13955,1475,0,87,32,12,0x5b53a0
4955,13956,1475,0,87,32,12,0x5b5920
4956,13957,1475,0,87,32,12,0x5b5ea0
4957,13958,1475,0,87,32,12,0x5b6420
4958,13959,1475,0,87,32,12,0x5b69a0
4959,13960,1475,0,87,32,12,0x5b6f20
4960,13961,1475,0,87,32,12,0x5b74a0
4961,13962,1475,0,87,32,12,0x5b7a20
4962,13963,1475,0,87,32,12,0x5b7fa0
4963,13964,1475,0,87,32,12,0x5b8520
4964,13965,1475,2,87,32,12,0x5b8aa0
4965,13966,20221,0,87,32,12,0x5b9020
4966,13967,20221,0,87,32,12,0x5b95a0
4967,13968,20221,0,87,32,12,0x5b9b20
4968,13969,20221,0,87,32,12,0x5ba0a0
4969,13970,20221,0,87,32,12,0x5ba620
4970,13971,20221,0,87,32,12,0x5baba0
4971,13972,20221,0,87,32,12,0x5bb120
4972,13973,20221,0,87,32,12,0x5bb6a0
4973,13974,20221,0,87,32,12,0x5bbc20
4974,13975,20221,0,87,32,12,0x5bc1a0
4975,13976,20221,0,87,32,12,0x5bc720
4976,13977,20221,0,87,32,12,0x5bcca0
4977,13978,20221,0,87,32,12,0x5bd220
4978,13979,20221,0,87,32,12,0x5bd7a0
4979,13980,20221,0,87,32,12,0x5bdd20
4980,13981,20221,0,87,32,12,0x5be2a0
4981,13982,20221,0,87,32,12,0x5be820
4982,13983,20221,0,87,32,12,0x5beda0
4983,13984,20221,0,87,32,12,0x5bf320
4984,13985,20221,0,87,32,12,0x5bf8a0
4985,13986,20221,0,87,32,12,0x5bfe20
4986,13987,20221,0,87,32,12,0x5c03a0
4987,13988,20221,0,87,32,12,0x5c0920
4988,13989,20221,0,87,32,12,0x5c0ea0
4989,13990,20221,0,87,32,12,0x5c1420
4990,13991,20221,0,87,32,12,0x5c19a0
4991,13992,20221,0,87,32,12,0x5c1f20
4992,13993,20221,0,87,32,12,0x5c24a0
4993,13994,20221,0,87,32,12,0x5c2a20
4994,13995,20221,0,87,32,12,0x5c2fa0
4995,13996,20221,0,87,32,12,0x5c3520
4996,13997,20221,0,87,32,12,0x5c3aa0
4997,13998,20221,0,87,32,12,0x5c4020
4998,13999,20221,0,87,32,12,0x5c45a0
4999,14000,20221,0,87,32,12,0x5c4b20
5000,14001,20221,0,87,32,12,0x5c50a0
5001,14002,20221,0,87,32,12,0x5c5620
5002,14003,20221,0,87,32,12,0x5c5ba0
5003,14004,20221,0,87,32,12,0x5c6120
5004,14005,20221,0,87,32,12,0x5c66a0
5005,14006,20221,0,87,32,12,0x5c6c20
5006,14007,20221,0,87,32,12,0x5c71a0
5007,14008,20221,0,87,32,12,0x5c7720
5008,14009,20221,2,87,32,12,0x5c7ca0
5009,14010,10079,0,87,32,12,0x5c8220
5010,14011,10079,0,87,32,12,0x5c87a0
5011,14012,10079,0,87,32,12,0x5c8d20
5012,14013,10079,0,87,32,12,0x5c92a0
5013,14014,10079,0,87,32,12,0x5c9820
5014,14015,10079,0,87,32,12,0x5c9da0
5015,14016,10079,0,87,32,12,0x5ca320
5016,14017,10079,0,87,32,12,0x5ca8a0
5017,14018,10079,0,87,32,12,0x5cae20
5018,14019,10079,0,87,32,12,0x5cb3a0
5019,14020,10079,0,87,32,12,0x5cb920
5020,14021,10079,0,87,32,12,0x5cbea0
5021,14022,10079,0,87,32,12,0x5cc420
5022,14023,10079,0,87,32,12,0x5cc9a0
5023,14024,10079,0,87,32,12,0x5ccf20
5024,14025,10079,0,87,32,12,0x5cd4a0
5025,14026,10079,0,87,32,1,0x5cda20
5026,14027,10079,0,87,32,1,0x5cdf10
5027,14028,10079,0,87,32,12,0x5ce418
5028,14029,10079,0,87,32,1,0x5ce998
5029,14030,10079,0,87,32,1,0x5ceeb0
5030,14031,10079,0,87,32,1,0x5cf3e0
5031,14032,10079,0,87,32,1,0x5cf958
5032,14033,10079,0,87,32,1,0x5cfe50
5033,14034,10079,0,87,32,1,0x5d0318
5034,14035,10079,2,87,32,1,0x5d07e0
5035,14036,2083,0,87,32,12,0x5d0cbc
5036,14037,2083,0,87,32,12,0x5d123c
5037,14038,2083,0,87,32,12,0x5d17bc
5038,14039,2083,0,87,32,12,0x5d1d3c
5039,14040,2083,0,87,32,12,0x5d22bc
5040,14041,2083,0,87,32,12,0x5d283c
5041,14042,2083,0,87,32,12,0x5d2dbc
5042,14043,2083,0,87,32,12,0x5d333c
5043,14044,2083,0,87,32,12,0x5d38bc
5044,14045,2083,0,87,32,12,0x5d3e3c
5045,14046,2083,0,87,32,12,0x5d43bc
5046,14047,2083,0,87,32,12,0x5d493c
5047,14048,2083,0,87,32,12,0x5d4ebc
5048,14049,2083,0,87,32,12,0x5d543c
5049,14050,2083,0,87,32,12,0x5d59bc
5050,14051,2083,0,87,32,12,0x5d5f3c
5051,14052,2083,0,87,32,7,0x5d64bc
5052,14053,2083,0,87,32,12,0x5d6884
5053,14054,2083,0,87,32,12,0x5d6e04
5054,14055,2083,0,87,32,12,0x5d7384
5055,14056,2083,0,87,32,12,0x5d7904
5056,14057,2083,0,87,32,12,0x5d7e84
5057,14058,2083,0,87,32,12,0x5d8404
5058,14059,2083,0,87,32,12,0x5d8984
5059,14060,2083,0,87,32,12,0x5d8f04
5060,14061,2083,0,87,32,12,0x5d9484
5061,14062,2083,0,87,32,12,0x5d9a04
5062,14063,2083,0,87,32,12,0x5d9f84
5063,14064,2083,0,87,32,12,0x5da504
5064,14065,2083,0,87,32,12,0x5daa84
5065,14066,2083,0,87,32,12,0x5db004
5066,14067,2083,0,87,32,12,0x5db584
5067,14068,2083,0,87,32,12,0x5dbb04
5068,14069,2083,0,87,32,12,0x5dc084
5069,14070,2083,0,87,32,12,0x5dc604
5070,14071,2083,0,87,32,12,0x5dcb84
5071,14072,2083,2,87,32,12,0x5dd104
5072,14073,9761,0,87,32,12,0x5dd684
5073,14074,9761,0,87,32,12,0x5ddc04
5074,14075,9761,0,87,32,12,0x5de184
5075,14076,9761,0,87,32,12,0x5de704
5076,14077,9761,0,87,32,12,0x5dec84
5077,14078,9761,0,87,32,12,0x5df204
5078,14079,9761,0,87,32,12,0x5df784
5079,14080,9761,0,87,32,12,0x5dfd04
5080,14081,9761,0,87,32,12,0x5e0284
5081,14082,9761,0,87,32,12,0x5e0804
5082,14083,9761,0,87,32,12,0x5e0d84
5083,14084,9761,0,87,32,12,0x5e1304
5084,14085,9761,0,87,32,12,0x5e1884
5085,14086,9761,0,87,32,12,0x5e1e04
5086,14087,9761,0,87,32,12,0x5e2384
5087,14088,9761,0,87,32,12,0x5e2904
5088,14089,9761,0,87,32,12,0x5e2e84
5089,14090,9761,0,87,32,12,0x5e3404
5090,14091,9761,0,87,32,12,0x5e3984
5091,14092,9761,0,87,32,12,0x5e3f04
5092,14093,9761,0,87,32,12,0x5e4484
5093,14094,9761,0,87,32,12,0x5e4a04
5094,14095,9761,0,87,32,12,0x5e4f84
5095,14096,9761,0,87,32,12,0x5e5504
5096,14097,9761,0,87,32,12,0x5e5a84
5097,14098,9761,0,87,32,12,0x5e6004
5098,14099,9761,0,87,32,12,0x5e6584
5099,14100,9761,0,87,32,12,0x5e6b04
5100,14101,9761,0,87,32,12,0x5e7084
5101,14102,9761,0,87,32,12,0x5e7604
5102,14103,9761,0,87,32,12,0x5e7b84
5103,14104,9761,0,87,32,12,0x5e8104
5104,14105,9761,4,87,32,12,0x5e8684
5105,14106,9761,3,87,32,3,0x5e8c04
5106,14107,2063,0,87,32,12,0x5e9144
5107,14108,2063,0,87,32,12,0x5e96c4
5108,14109,2063,0,87,32,12,0x5e9c44
5109,14110,2063,0,87,32,12,0x5ea1c4
5110,14111,2063,0,87,32,12,0x5ea744
5111,14112,2063,0,87,32,12,0x5eacc4
5112,14113,2063,0,87,32,12,0x5eb244
5113,14114,2063,0,87,32,12,0x5eb7c4
5114,14115,2063,0,87,32,12,0x5ebd44
5115,14116,2063,0,87,32,12,0x5ec2c4
5116,14117,2063,0,87,32,12,0x5ec844
5117,14118,2063,0,87,32,12,0x5ecdc4
5118,14119,2063,0,87,32,12,0x5ed344
5119,14120,2063,0,87,32,12,0x5ed8c4
5120,14121,2063,0,87,32,12,0x5ede44
5121,14122,2063,0,87,32,12,0x5ee3c4
5122,14123,2063,0,87,32,12,0x5ee944
5123,14124,2063,0,87,32,12,0x5eeec4
5124,14125,2063,0,87,32,12,0x5ef444
5125,14126,2063,2,87,32,12,0x5ef9c4
5126,14127,1153,0,87,32,12,0x5eff44
5127,14128,1153,0,87,32,12,0x5f04c4
5128,14129,1153,0,87,32,7,0x5f0a44
5129,14130,1153,0,87,32,7,0x5f0fa8
5130,14131,1153,0,87,32,7,0x5f1514
5131,14132,1153,0,87,32,7,0x5f1a60
5132,14133,1153,0,87,32,12,0x5f1fd0
5133,14134,1153,0,87,32,12,0x5f2550
5134,14135,1153,0,87,32,12,0x5f2ad0
5135,14136,1153,0,87,32,12,0x5f3050
5136,14137,1153,0,87,32,12,0x5f35d0
5137,14138,1153,0,87,32,12,0x5f3b50
5138,14139,1153,0,87,32,12,0x5f40d0
5139,14140,1153,0,87,32,12,0x5f4650
5140,14141,1153,0,87,32,12,0x5f4bd0
5141,14142,1153,0,87,32,12,0x5f5150
5142,14143,1153,0,87,32,12,0x5f56d0
5143,14144,1153,2,87,32,12,0x5f5c50
5144,14145,12019,0,87,32,12,0x5f61d0
5145,14146,12019,0,87,32,12,0x5f6750
5146,14147,12019,0,87,32,12,0x5f6cd0
5147,14148,12019,0,87,32,12,0x5f7250
5148,14149,12019,0,87,32,12,0x5f77d0
5149,14150,12019,0,87,32,12,0x5f7d50
5150,14151,12019,0,87,32,12,0x5f82d0
5151,14152,12019,0,87,32,12,0x5f8850
5152,14153,12019,0,87,32,12,0x5f8dd0
5153,14154,12019,0,87,32,12,0x5f9350
5154,14155,12019,0,87,32,12,0x5f98d0
5155,14156,12019,0,87,32,12,0x5f9e50
5156,14157,12019,0,87,32,12,0x5fa3d0
5157,14158,12019,0,87,32,12,0x5fa950
5158,14159,12019,0,87,32,12,0x5faed0
5159,14160,12019,0,87,32,12,0x5fb450
5160,14161,12019,0,87,32,12,0x5fb9d0
5161,14162,12019,0,87,32,12,0x5fbf50
5162,14163,12019,0,87,32,12,0x5fc4d0
5163,14164,12019,0,87,32,12,0x5fca50
5164,14165,12019,0,87,32,12,0x5fcfd0
5165,14166,12019,0,87,32,12,0x5fd550
5166,14167,12019,0,87,32,12,0x5fdad0
5167,14168,12019,0,87,32,12,0x5fe050
5168,14169,12019,0,87,32,12,0x5fe5d0
5169,14170,12019,0,87,32,12,0x5feb50
5170,14171,12019,0,87,32,12,0x5ff0d0
5171,14172,12019,0,87,32,12,0x5ff650
5172,14173,12019,0,87,32,12,0x5ffbd0
5173,14174,12019,0,87,32,12,0x600150
5174,14175,12019,0,87,32,12,0x6006d0
5175,14176,12019,0,87,32,12,0x600c50
5176,14177,12019,0,87,32,12,0x6011d0
5177,14178,12019,0,87,32,12,0x601750
5178,14179,12019,0,87,32,12,0x601cd0
5179,14180,12019,0,87,32,12,0x602250
5180,14181,12019,0,87,32,12,0x6027d0
5181,14182,12019,2,87,32,12,0x602d50
5182,14183,10995,0,87,32,12,0x6032d0
5183,14184,10995,0,87,32,12,0x603850
5184,14185,10995,0,87,32,12,0x603dd0
5185,14186,10995,0,87,32,12,0x604350
5186,14187,10995,0,87,32,12,0x6048d0
5187,14188,10995,0,87,32,12,0x604e50
5188,14189,10995,0,87,32,7,0x6053d0
5189,14190,10995,0,87,32,12,0x605944
5190,14191,10995,0,87,32,12,0x605ec4
5191,14192,10995,0,87,32,12,0x606444
5192,14193,10995,0,87,32,12,0x6069c4
5193,14194,10995,0,87,32,12,0x606f44
5194,14195,10995,0,87,32,12,0x6074c4
5195,14196,10995,0,87,32,12,0x607a44
5196,14197,10995,0,87,32,7,0x607fc4
5197,14198,10995,0,87,32,1,0x608504
5198,14199,10995,0,87,32,7,0x608a38
5199,14200,10995,0,87,32,12,0x608f48
5200,14201,10995,0,87,32,12,0x6094c8
5201,14202,10995,0,87,32,12,0x609a48
5202,14203,10995,0,87,32,12,0x609fc8
5203,14204,10995,0,87,32,12,0x60a548
5204,14205,10995,0,87,32,12,0x60aac8
5205,14206,10995,0,87,32,12,0x60b048
5206,14207,10995,0,87,32,12,0x60b5c8
5207,14208,10995,0,87,32,12,0x60bb48
5208,14209,10995,0,87,32,12,0x60c0c8
5209,14210,10995,0,87,32,12,0x60c648
5210,14211,10995,0,87,32,12,0x60cbc8
5211,14212,10995,0,87,32,12,0x60d148
5212,14213,10995,0,87,32,12,0x60d6c8
5213,14214,10995,0,87,32,12,0x60dc48
5214,14215,10995,0,87,32,12,0x60e1c8
5215,14216,10995,0,87,32,12,0x60e748
5216,14217,10995,0,87,32,12,0x60ecc8
5217,14218,10995,0,87,32,12,0x60f248
5218,14219,10995,0,87,32,12,0x60f7c8
5219,14220,10995,0,87,32,12,0x60fd48
5220,14221,10995,0,87,32,12,0x6102c8
5221,14222,10995,0,87,32,12,0x610848
5222,14223,10995,0,87,32,12,0x610dc8
5223,14224,10995,0,87,32,12,0x611348
5224,14225,10995,0,87,32,12,0x6118c8
5225,14226,10995,0,87,32,12,0x611e48
5226,14227,10995,0,87,32,12,0x6123c8
5227,14228,10995,0,87,32,12,0x612948
5228,14229,10995,0,87,32,12,0x612ec8
5229,14230,10995,0,87,32,12,0x613448
5230,14231,10995,0,87,32,12,0x6139c8
5231,14232,10995,0,87,32,12,0x613f48
5232,14233,10995,0,87,32,12,0x6144c8
5233,14234,10995,2,87,32,12,0x614a48
5234,14235,9688,0,87,32,12,0x614fc8
5235,14236,9688,0,87,32,12,0x615548
5236,14237,9688,0,87,32,12,0x615ac8
5237,14238,9688,0,87,32,12,0x616048
5238,14239,9688,0,87,32,12,0x6165c8
5239,14240,9688,0,87,32,12,0x616b48
5240,14241,9688,0,87,32,12,0x6170c8
5241,14242,9688,0,87,32,12,0x617648
5242,14243,9688,0,87,32,7,0x617bc8
5243,14244,9688,0,87,32,12,0x61810c
5244,14245,9688,0,87,32,12,0x61868c
5245,14246,9688,0,87,32,12,0x618c0c
5246,14247,9688,0,87,32,12,0x61918c
5247,14248,9688,0,87,32,12,0x61970c
5248,14249,9688,0,87,32,12,0x619c8c
5249,14250,9688,0,87,32,12,0x61a20c
5250,14251,9688,0,87,32,12,0x61a78c
5251,14252,9688,0,87,32,12,0x61ad0c
5252,14253,9688,0,87,32,12,0x61b28c
5253,14254,9688,0,87,32,12,0x61b80c
5254,14255,9688,0,87,32,12,0x61bd8c
5255,14256,9688,0,87,32,12,0x61c30c
5256,14257,9688,0,87,32,12,0x61c88c
5257,14258,9688,0,87,32,12,0x61ce0c
5258,14259,9688,0,87,32,12,0x61d38c
5259,14260,9688,0,87,32,12,0x61d90c
5260,14261,9688,0,87,32,12,0x61de8c
5261,14262,9688,2,87,32,12,0x61e40c
5262,14263,9751,0,87,32,12,0x61e98c
5263,14264,9751,0,87,32,12,0x61ef0c
5264,14265,9751,0,87,32,12,0x61f48c
5265,14266,9751,0,87,32,12,0x61fa0c
5266,14267,9751,0,87,32,12,0x61ff8c
5267,14268,9751,0,87,32,12,0x62050c
5268,14269,9751,0,87,32,12,0x620a8c
5269,14270,9751,0,87,32,12,0x62100c
5270,14271,9751,0,87,32,12,0x62158c
5271,14272,9751,0,87,32,12,0x621b0c
5272,14273,9751,0,87,32,12,0x62208c
5273,14274,9751,0,87,32,12,0x62260c
5274,14275,9751,0,87,32,12,0x622b8c
5275,14276,9751,0,87,32,12,0x62310c
5276,14277,9751,0,87,32,12,0x62368c
5277,14278,9751,0,87,32,12,0x623c0c
5278,14279,9751,0,87,32,12,0x62418c
5279,14280,9751,0,87,32,12,0x62470c
5280,14281,9751,0,87,32,12,0x624c8c
5281,14282,9751,0,87,32,12,0x62520c
5282,14283,9751,0,87,32,12,0x62578c
5283,14284,9751,0,87,32,12,0x625d0c
5284,14285,9751,0,87,32,12,0x62628c
5285,14286,9751,0,87,32,12,0x62680c
5286,14287,9751,0,87,32,12,0x626d8c
5287,14288,9751,0,87,32,12,0x62730c
5288,14289,9751,0,87,32,12,0x62788c
5289,14290,9751,0,87,32,12,0x627e0c
5290,14291,9751,0,87,32,12,0x62838c
5291,14292,9751,0,87,32,12,0x62890c
5292,14293,9751,0,87,32,12,0x628e8c
5293,14294,9751,0,87,32,12,0x62940c
5294,14295,9751,0,87,32,12,0x62998c
5295,14296,9751,0,87,32,12,0x629f0c
5296,14297,9751,0,87,32,12,0x62a48c
5297,14298,9751,0,87,32,12,0x62aa0c
5298,14299,9751,0,87,32,12,0x62af8c
5299,14300,9751,0,87,32,12,0x62b50c
5300,14301,9751,0,87,32,12,0x62ba8c
5301,14302,9751,0,87,32,12,0x62c00c
5302,14303,9751,0,87,32,12,0x62c58c
5303,14304,9751,0,87,32,12,0x62cb0c
5304,14305,9751,0,87,32,12,0x62d08c
5305,14306,9751,0,87,32,12,0x62d60c
5306,14307,9751,0,87,32,12,0x62db8c
5307,14308,9751,0,87,32,12,0x62e10c
5308,14309,9751,0,87,32,1,0x62e68c
5309,14310,9751,0,87,32,12,0x62ebc4
5310,14311,9751,0,87,32,12,0x62f144
5311,14312,9751,0,87,32,12,0x62f6c4
5312,14313,9751,0,87,32,12,0x62fc44
5313,14314,9751,0,87,32,12,0x6301c4
5314,14315,9751,0,87,32,12,0x630744
5315,14316,9751,0,87,32,12,0x630cc4
5316,14317,9751,0,87,32,12,0x631244
5317,14318,9751,0,87,32,12,0x6317c4
5318,14319,9751,0,87,32,12,0x631d44
5319,14320,9751,0,87,32,12,0x6322c4
5320,14321,9751,0,87,32,12,0x632844
5321,14322,9751,0,87,32,12,0x632dc4
5322,14323,9751,0,87,32,12,0x633344
5323,14324,9751,0,87,32,12,0x6338c4
5324,14325,9751,0,87,32,12,0x633e44
5325,14326,9751,0,87,32,12,0x6343c4
5326,14327,9751,0,87,32,12,0x634944
5327,14328,9751,0,87,32,12,0x634ec4
5328,14329,9751,0,87,32,12,0x635444
5329,14330,9751,0,87,32,12,0x6359c4
5330,14331,9751,0,87,32,12,0x635f44
5331,14332,9751,0,87,32,12,0x6364c4
5332,14333,9751,0,87,32,12,0x636a44
5333,14334,9751,0,87,32,12,0x636fc4
5334,14335,9751,0,87,32,12,0x637544
5335,14336,9751,0,87,32,12,0x637ac4
5336,14337,9751,0,87,32,12,0x638044
5337,14338,9751,0,87,32,12,0x6385c4
5338,14339,9751,0,87,32,12,0x638b44
5339,14340,9751,0,87,32,12,0x6390c4
5340,14341,9751,0,87,32,12,0x639644
5341,14342,9751,0,87,32,12,0x639bc4
5342,14343,9751,0,87,32,12,0x63a144
5343,14344,9751,0,87,32,12,0x63a6c4
5344,14345,9751,0,87,32,12,0x63ac44
5345,14346,9751,0,87,32,12,0x63b1c4
5346,14347,9751,0,87,32,12,0x63b744
5347,14348,9751,0,87,32,12,0x63bcc4
5348,14349,9751,0,87,32,12,0x63c244
5349,14350,9751,0,87,32,12,0x63c7c4
5350,14351,9751,0,87,32,12,0x63cd44
5351,14352,9751,0,87,32,12,0x63d2c4
5352,14353,9751,0,87,32,12,0x63d844
5353,14354,9751,0,87,32,12,0x63ddc4
5354,14355,9751,0,87,32,12,0x63e344
5355,14356,9751,0,87,32,12,0x63e8c4
5356,14357,9751,0,87,32,12,0x63ee44
5357,14358,9751,0,87,32,12,0x63f3c4
5358,14359,9751,0,87,32,12,0x63f944
5359,14360,9751,0,87,32,12,0x63fec4
5360,14361,9751,0,87,32,12,0x640444
5361,14362,9751,0,87,32,12,0x6409c4
5362,14363,9751,0,87,32,12,0x640f44
5363,14364,9751,0,87,32,12,0x6414c4
5364,14365,9751,0,87,32,12,0x641a44
5365,14366,9751,0,87,32,12,0x641fc4
5366,14367,9751,0,87,32,12,0x642544
5367,14368,9751,0,87,32,12,0x642ac4
5368,14369,9751,0,87,32,12,0x643044
5369,14370,9751,0,87,32,12,0x6435c4
5370,14371,9751,0,87,32,12,0x643b44
5371,14372,9751,0,87,32,12,0x6440c4
5372,14373,9751,0,87,32,12,0x644644
5373,14374,9751,0,87,32,12,0x644bc4
5374,14375,9751,0,87,32,12,0x645144
5375,14376,9751,0,87,32,12,0x6456c4
5376,14377,9751,0,87,32,12,0x645c44
5377,14378,9751,0,87,32,12,0x6461c4
5378,14379,9751,0,87,32,12,0x646744
5379,14380,9751,0,87,32,12,0x646cc4
5380,14381,9751,0,87,32,12,0x647244
5381,14382,9751,0,87,32,12,0x6477c4
5382,14383,9751,2,87,32,12,0x647d44
5383,14384,9347,0,87,32,12,0x6482c4
5384,14385,9347,0,87,32,12,0x648844
5385,14386,9347,0,87,32,12,0x648dc4
5386,14387,9347,0,87,32,12,0x649344
5387,14388,9347,0,87,32,12,0x6498c4
5388,14389,9347,0,87,32,12,0x649e44
5389,14390,9347,0,87,32,12,0x64a3c4
5390,14391,9347,0,87,32,12,0x64a944
5391,14392,9347,0,87,32,12,0x64aec4
5392,14393,9347,0,87,32,12,0x64b444
5393,14394,9347,0,87,32,12,0x64b9c4
5394,14395,9347,0,87,32,12,0x64bf44
5395,14396,9347,0,87,32,12,0x64c4c4
5396,14397,9347,0,87,32,12,0x64ca44
5397,14398,9347,0,87,32,12,0x64cfc4
5398,14399,9347,0,87,32,12,0x64d544
5399,14400,9347,0,87,32,12,0x64dac4
5400,14401,9347,0,87,32,12,0x64e044
5401,14402,9347,0,87,32,12,0x64e5c4
5402,14403,9347,0,87,32,12,0x64eb44
5403,14404,9347,0,87,32,12,0x64f0c4
5404,14405,9347,0,87,32,12,0x64f644
5405,14406,9347,2,87,32,12,0x64fbc4
5406,14407,10478,0,87,32,12,0x650144
5407,14408,10478,0,87,32,12,0x6506c4
5408,14409,10478,0,87,32,12,0x650c44
5409,14410,10478,0,87,32,12,0x6511c4
5410,14411,10478,0,87,32,12,0x651744
5411,14412,10478,0,87,32,12,0x651cc4
5412,14413,10478,0,87,32,12,0x652244
5413,14414,10478,0,87,32,12,0x6527c4
5414,14415,10478,0,87,32,12,0x652d44
5415,14416,10478,0,87,32,7,0x6532c4
5416,14417,10478,0,87,32,7,0x6537f4
5417,14418,10478,0,87,32,12,0x653d50
5418,14419,10478,0,87,32,7,0x6542d0
5419,14420,10478,0,87,32,7,0x654810
5420,14421,10478,0,87,32,7,0x654ca8
5421,14422,10478,0,87,32,12,0x6551c0
5422,14423,10478,0,87,32,12,0x655740
5423,14424,10478,0,87,32,12,0x655cc0
5424,14425,10478,0,87,32,12,0x656240
5425,14426,10478,0,87,32,12,0x6567c0
5426,14427,10478,0,87,32,12,0x656d40
5427,14428,10478,0,87,32,12,0x6572c0
5428,14429,10478,0,87,32,12,0x657840
5429,14430,10478,0,87,32,12,0x657dc0
5430,14431,10478,0,87,32,12,0x658340
5431,14432,10478,0,87,32,12,0x6588c0
5432,14433,10478,0,87,32,1,0x658e40
5433,14434,10478,0,87,32,12,0x6593b4
5434,14435,10478,0,87,32,1,0x659934
5435,14436,10478,0,87,32,1,0x659e40
5436,14437,10478,0,87,32,12,0x65a354
5437,14438,10478,0,87,32,12,0x65a8d4
5438,14439,10478,0,87,32,12,0x65ae54
5439,14440,10478,0,87,32,12,0x65b3d4
5440,14441,10478,0,87,32,12,0x65b954
5441,14442,10478,0,87,32,12,0x65bed4
5442,14443,10478,0,87,32,12,0x65c454
5443,14444,10478,0,87,32,12,0x65c9d4
5444,14445,10478,0,87,32,12,0x65cf54
5445,14446,10478,0,87,32,12,0x65d4d4
5446,14447,10478,0,87,32,12,0x65da54
5447,14448,10478,0,87,32,12,0x65dfd4
5448,14449,10478,0,87,32,12,0x65e554
5449,14450,10478,0,87,32,12,0x65ead4
5450,14451,10478,0,87,32,12,0x65f054
5451,14452,10478,0,87,32,12,0x65f5d4
5452,14453,10478,0,87,32,12,0x65fb54
5453,14454,10478,0,87,32,12,0x6600d4
5454,14455,10478,0,87,32,12,0x660654
5455,14456,10478,0,87,32,12,0x660bd4
5456,14457,10478,0,87,32,12,0x661154
5457,14458,10478,0,87,32,12,0x6616d4
5458,14459,10478,0,87,32,12,0x661c54
5459,14460,10478,0,87,32,12,0x6621d4
5460,14461,10478,0,87,32,12,0x662754
5461,14462,10478,0,87,32,12,0x662cd4
5462,14463,10478,0,87,32,12,0x663254
5463,14464,10478,0,87,32,12,0x6637d4
5464,14465,10478,0,87,32,12,0x663d54
5465,14466,10478,0,87,32,12,0x6642d4
5466,14467,10478,0,87,32,12,0x664854
5467,14468,10478,0,87,32,12,0x664dd4
5468,14469,10478,0,87,32,12,0x665354
5469,14470,10478,0,87,32,12,0x6658d4
5470,14471,10478,0,87,32,12,0x665e54
5471,14472,10478,0,87,32,12,0x6663d4
5472,14473,10478,0,87,32,12,0x666954
5473,14474,10478,0,87,32,12,0x666ed4
5474,14475,10478,0,87,32,12,0x667454
5475,14476,10478,0,87,32,12,0x6679d4
5476,14477,10478,0,87,32,12,0x667f54
5477,14478,10478,0,87,32,12,0x6684d4
5478,14479,10478,2,87,32,12,0x668a54
5479,14480,6139,4,87,32,12,0x668fd4
5480,14481,6139,1,87,32,3,0x669554
5481,14482,6139,0,87,32,1,0x669ab4
5482,14483,6139,0,87,32,1,0x66a028
5483,14484,6139,0,87,32,1,0x66a540
5484,14485,6139,0,87,32,12,0x66aa98
5485,14486,6139,0,87,32,12,0x66b018
5486,14487,6139,0,87,32,1,0x66b598
5487,14488,6139,0,87,32,1,0x66bac4
5488,14489,6139,0,87,32,7,0x66bf80
5489,14490,6139,0,87,32,12,0x66c4bc
5490,14491,6139,0,87,32,12,0x66ca3c
5491,14492,6139,0,87,32,7,0x66cfbc
5492,14493,6139,0,87,32,1,0x66d4c4
5493,14494,6139,0,87,32,7,0x66d9f0
5494,14495,6139,0,87,32,1,0x66dee4
5495,14496,6139,0,87,32,7,0x66e3b0
5496,14497,6139,0,87,32,7,0x66e888
5497,14498,6139,0,87,32,12,0x66ed98
5498,14499,6139,0,87,32,12,0x66f318
5499,14500,6139,0,87,32,12,0x66f898
5500,14501,6139,0,87,32,12,0x66fe18
5501,14502,6139,0,87,32,12,0x670398
5502,14503,6139,0,87,32,12,0x670918
5503,14504,6139,0,87,32,12,0x670e98
5504,14505,6139,0,87,32,12,0x671418
5505,14506,6139,2,87,32,12,0x671998
5506,14507,9766,4,87,32,12,0x671f18
5507,14508,9766,5,87,32,3,0x672498
5508,14509,9766,5,87,32,3,0x6729d0
5509,14510,9766,1,87,32,3,0x672f08
5510,14511,9766,4,87,32,12,0x673450
5511,14512,9766,5,87,32,3,0x6739d0
5512,14513,9766,5,87,32,3,0x673f08
5513,14514,9766,5,87,32,3,0x674444
5514,14515,9766,5,87,32,3,0x67497c
5515,14516,9766,5,87,32,3,0x674eb4
5516,14517,9766,5,87,32,3,0x6753e4
5517,14518,9766,5,87,32,3,0x67592c
5518,14519,9766,5,87,32,3,0x675e34
5519,14520,9766,5,87,32,3,0x676308
5520,14521,9766,5,87,32,3,0x6767a0
5521,14522,9766,5,87,32,3,0x676c08
5522,14523,9766,5,87,32,3,0x6770ac
5523,14524,9766,5,87,32,3,0x677574
5524,14525,9766,1,87,32,3,0x677a8c
5525,14526,9766,0,87,32,12,0x677fb8
5526,14527,9766,0,87,32,12,0x678538
5527,14528,9766,0,87,32,12,0x678ab8
5528,14529,9766,0,87,32,12,0x679038
5529,14530,9766,0,87,32,12,0x6795b8
5530,14531,9766,0,87,32,12,0x679b38
5531,14532,9766,0,87,32,12,0x67a0b8
5532,14533,9766,0,87,32,12,0x67a638
5533,14534,9766,0,87,32,12,0x67abb8
5534,14535,9766,0,87,32,12,0x67b138
5535,14536,9766,0,87,32,12,0x67b6b8
5536,14537,9766,0,87,32,12,0x67bc38
5537,14538,9766,0,87,32,12,0x67c1b8
5538,14539,9766,0,87,32,12,0x67c738
5539,14540,9766,0,87,32,12,0x67ccb8
5540,14541,9766,0,87,32,12,0x67d238
5541,14542,9766,0,87,32,12,0x67d7b8
5542,14543,9766,0,87,32,12,0x67dd38
5543,14544,9766,0,87,32,12,0x67e2b8
5544,14545,9766,0,87,32,12,0x67e838
5545,14546,9766,0,87,32,12,0x67edb8
5546,14547,9766,0,87,32,12,0x67f338
5547,14548,9766,0,87,32,12,0x67f8b8
5548,14549,9766,0,87,32,12,0x67fe38
5549,14550,9766,0,87,32,12,0x6803b8
5550,14551,9766,2,87,32,12,0x680938
5551,14552,14075,0,87,32,12,0x680eb8
5552,14553,14075,0,87,32,12,0x681438
5553,14554,14075,0,87,32,12,0x6819b8
5554,14555,14075,0,87,32,12,0x681f38
5555,14556,14075,0,87,32,12,0x6824b8
5556,14557,14075,0,87,32,12,0x682a38
5557,14558,14075,0,87,32,12,0x682fb8
5558,14559,14075,0,87,32,12,0x683538
5559,14560,14075,0,87,32,12,0x683ab8
5560,14561,14075,0,87,32,12,0x684038
5561,14562,14075,0,87,32,12,0x6845b8
5562,14563,14075,0,87,32,12,0x684b38
5563,14564,14075,0,87,32,12,0x6850b8
5564,14565,14075,0,87,32,12,0x685638
5565,14566,14075,0,87,32,12,0x685bb8
5566,14567,14075,0,87,32,12,0x686138
5567,14568,14075,0,87,32,12,0x6866b8
5568,14569,14075,0,87,32,12,0x686c38
5569,14570,14075,0,87,32,12,0x6871b8
5570,14571,14075,0,87,32,12,0x687738
5571,14572,14075,0,87,32,12,0x687cb8
5572,14573,14075,0,87,32,12,0x688238
5573,14574,14075,0,87,32,12,0x6887b8
5574,14575,14075,0,87,32,12,0x688d38
5575,14576,14075,2,87,32,12,0x6892b8
5576,14577,15450,0,87,32,12,0x689838
5577,14578,15450,0,87,32,12,0x689db8
5578,14579,15450,0,87,32,1,0x68a338
5579,14580,15450,0,87,32,1,0x68a8a0
5580,14581,15450,0,87,32,1,0x68adfc
5581,14582,15450,0,87,32,1,0x68b2e8
5582,14583,15450,0,87,32,1,0x68b7b0
5583,14584,15450,0,87,32,1,0x68bc58
5584,14585,15450,0,87,32,1,0x68c0ac
5585,14586,15450,0,87,32,1,0x68c4b4
5586,14587,15450,0,87,32,1,0x68c8cc
5587,14588,15450,0,87,32,1,0x68ccc4
5588,14589,15450,0,87,32,1,0x68d080
5589,14590,15450,0,87,32,1,0x68d424
5590,14591,15450,0,87,32,1,0x68d798
5591,14592,15450,0,87,32,1,0x68db24
5592,14593,15450,0,87,32,1,0x68de88
5593,14594,15450,0,87,32,12,0x68e354
5594,14595,15450,0,87,32,12,0x68e8d4
5595,14596,15450,0,87,32,12,0x68ee54
5596,14597,15450,0,87,32,12,0x68f3d4
5597,14598,15450,0,87,32,12,0x68f954
5598,14599,15450,0,87,32,12,0x68fed4
5599,14600,15450,0,87,32,12,0x690454
5600,14601,15450,0,87,32,12,0x6909d4
5601,14602,15450,0,87,32,12,0x690f54
5602,14603,15450,0,87,32,12,0x6914d4
5603,14604,15450,0,87,32,12,0x691a54
5604,14605,15450,0,87,32,12,0x691fd4
5605,14606,15450,0,87,32,12,0x692554
5606,14607,15450,0,87,32,12,0x692ad4
5607,14608,15450,0,87,32,12,0x693054
5608,14609,15450,0,87,32,12,0x6935d4
5609,14610,15450,2,87,32,12,0x693b54
5610,14611,2701,0,87,32,12,0x6940d4
5611,14612,2701,0,87,32,12,0x694654
5612,14613,2701,0,87,32,12,0x694bd4
5613,14614,2701,0,87,32,12,0x695154
5614,14615,2701,0,87,32,12,0x6956d4
5615,14616,2701,0,87,32,12,0x695c54
5616,14617,2701,0,87,32,12,0x6961d4
5617,14618,2701,0,87,32,12,0x696754
5618,14619,2701,0,87,32,12,0x696cd4
5619,14620,2701,0,87,32,12,0x697254
5620,14621,2701,0,87,32,12,0x6977d4
5621,14622,2701,0,87,32,12,0x697d54
5622,14623,2701,0,87,32,12,0x6982d4
5623,14624,2701,0,87,32,12,0x698854
5624,14625,2701,0,87,32,12,0x698dd4
5625,14626,2701,0,87,32,12,0x699354
5626,14627,2701,0,87,32,12,0x6998d4
5627,14628,2701,0,87,32,12,0x699e54
5628,14629,2701,0,87,32,12,0x69a3d4
5629,14630,2701,0,87,32,12,0x69a954
5630,14631,2701,0,87,32,12,0x69aed4
5631,14632,2701,0,87,32,12,0x69b454
5632,14633,2701,0,87,32,12,0x69b9d4
5633,14634,2701,0,87,32,12,0x69bf54
5634,14635,2701,0,87,32,12,0x69c4d4
5635,14636,2701,0,87,32,12,0x69ca54
5636,14637,2701,0,87,32,12,0x69cfd4
5637,14638,2701,0,87,32,12,0x69d554
5638,14639,2701,0,87,32,12,0x69dad4
5639,14640,2701,0,87,32,12,0x69e054
5640,14641,2701,0,87,32,12,0x69e5d4
5641,14642,2701,0,87,32,12,0x69eb54
5642,14643,2701,0,87,32,12,0x69f0d4
5643,14644,2701,0,87,32,12,0x69f654
5644,14645,2701,0,87,32,12,0x69fbd4
5645,14646,2701,0,87,32,12,0x6a0154
5646,14647,2701,0,87,32,12,0x6a06d4
5647,14648,2701,0,87,32,12,0x6a0c54
5648,14649,2701,0,87,32,12,0x6a11d4
5649,14650,2701,2,87,32,12,0x6a1754
5650,14651,4905,0,87,32,12,0x6a1cd4
5651,14652,4905,0,87,32,12,0x6a2254
5652,14653,4905,0,87,32,12,0x6a27d4
5653,14654,4905,0,87,32,12,0x6a2d54
5654,14655,4905,0,87,32,12,0x6a32d4
5655,14656,4905,0,87,32,12,0x6a3854
5656,14657,4905,0,87,32,12,0x6a3dd4
5657,14658,4905,0,87,32,12,0x6a4354
5658,14659,4905,0,87,32,12,0x6a48d4
5659,14660,4905,0,87,32,12,0x6a4e54
5660,14661,4905,2,87,32,12,0x6a53d4
5661,14662,20233,0,87,32,12,0x6a5954
5662,14663,20233,0,87,32,12,0x6a5ed4
5663,14664,20233,0,87,32,12,0x6a6454
5664,14665,20233,0,87,32,12,0x6a69d4
5665,14666,20233,0,87,32,12,0x6a6f54
5666,14667,20233,0,87,32,12,0x6a74d4
5667,14668,20233,0,87,32,12,0x6a7a54
5668,14669,20233,0,87,32,12,0x6a7fd4
5669,14670,20233,0,87,32,12,0x6a8554
5670,14671,20233,0,87,32,12,0x6a8ad4
5671,14672,20233,0,87,32,12,0x6a9054
5672,14673,20233,0,87,32,12,0x6a95d4
5673,14674,20233,0,87,32,12,0x6a9b54
5674,14675,20233,0,87,32,12,0x6aa0d4
5675,14676,20233,2,87,32,12,0x6aa654
5676,14677,17834,0,87,32,12,0x6aabd4
5677,14678,17834,0,87,32,12,0x6ab154
5678,14679,17834,0,87,32,12,0x6ab6d4
5679,14680,17834,0,87,32,12,0x6abc54
5680,14681,17834,0,87,32,12,0x6ac1d4
5681,14682,17834,0,87,32,12,0x6ac754
5682,14683,17834,0,87,32,12,0x6accd4
5683,14684,17834,0,87,32,12,0x6ad254
5684,14685,17834,0,87,32,12,0x6ad7d4
5685,14686,17834,0,87,32,12,0x6add54
5686,14687,17834,0,87,32,12,0x6ae2d4
5687,14688,17834,0,87,32,12,0x6ae854
5688,14689,17834,0,87,32,12,0x6aedd4
5689,14690,17834,0,87,32,12,0x6af354
5690,14691,17834,0,87,32,12,0x6af8d4
5691,14692,17834,0,87,32,12,0x6afe54
5692,14693,17834,0,87,32,12,0x6b03d4
5693,14694,17834,0,87,32,12,0x6b0954
5694,14695,17834,0,87,32,12,0x6b0ed4
5695,14696,17834,0,87,32,12,0x6b1454
5696,14697,17834,0,87,32,12,0x6b19d4
5697,14698,17834,0,87,32,12,0x6b1f54
5698,14699,17834,0,87,32,12,0x6b24d4
5699,14700,17834,0,87,32,12,0x6b2a54
5700,14701,17834,0,87,32,12,0x6b2fd4
5701,14702,17834,2,87,32,12,0x6b3554
5702,14703,18614,0,87,32,12,0x6b3ad4
5703,14704,18614,0,87,32,12,0x6b4054
5704,14705,18614,0,87,32,12,0x6b45d4
5705,14706,18614,0,87,32,12,0x6b4b54
5706,14707,18614,0,87,32,12,0x6b50d4
5707,14708,18614,0,87,32,12,0x6b5654
5708,14709,18614,0,87,32,12,0x6b5bd4
5709,14710,18614,0,87,32,12,0x6b6154
5710,14711,18614,0,87,32,7,0x6b66d4
5711,14712,18614,0,87,32,7,0x6b6bec
5712,14713,18614,0,87,32,7,0x6b70a8
5713,14714,18614,0,87,32,7,0x6b7514
5714,14715,18614,0,87,32,7,0x6b7934
5715,14716,18614,0,87,32,7,0x6b7d54
5716,14717,18614,2,87,32,7,0x6b8160
5717,14718,8852,0,87,32,12,0x6b8578
5718,14719,8852,0,87,32,12,0x6b8af8
5719,14720,8852,0,87,32,12,0x6b9078
5720,14721,8852,0,87,32,12,0x6b95f8
5721,14722,8852,0,87,32,12,0x6b9b78
5722,14723,8852,0,87,32,12,0x6ba0f8
5723,14724,8852,0,87,32,12,0x6ba678
5724,14725,8852,0,87,32,12,0x6babf8
5725,14726,8852,0,87,32,12,0x6bb178
5726,14727,8852,0,87,32,12,0x6bb6f8
5727,14728,8852,0,87,32,12,0x6bbc78
5728,14729,8852,0,87,32,12,0x6bc1f8
5729,14730,8852,2,87,32,12,0x6bc778
5730,14731,9057,0,87,32,12,0x6bccf8
5731,14732,9057,0,87,32,12,0x6bd278
5732,14733,9057,0,87,32,12,0x6bd7f8
5733,14734,9057,0,87,32,12,0x6bdd78
5734,14735,9057,0,87,32,12,0x6be2f8
5735,14736,9057,0,87,32,12,0x6be878
5736,14737,9057,0,87,32,12,0x6bedf8
5737,14738,9057,0,87,32,12,0x6bf378
5738,14739,9057,0,87,32,12,0x6bf8f8
5739,14740,9057,0,87,32,12,0x6bfe78
5740,14741,9057,0,87,32,12,0x6c03f8
5741,14742,9057,0,87,32,12,0x6c0978
5742,14743,9057,0,87,32,12,0x6c0ef8
5743,14744,9057,0,87,32,12,0x6c1478
5744,14745,9057,0,87,32,1,0x6c19f8
5745,14746,9057,0,87,32,1,0x6c1ef0
5746,14747,9057,0,87,32,12,0x6c23a0
5747,14748,9057,0,87,32,12,0x6c2920
5748,14749,9057,0,87,32,12,0x6c2ea0
5749,14750,9057,0,87,32,12,0x6c3420
5750,14751,9057,0,87,32,12,0x6c39a0
5751,14752,9057,0,87,32,12,0x6c3f20
5752,14753,9057,0,87,32,12,0x6c44a0
5753,14754,9057,0,87,32,12,0x6c4a20
5754,14755,9057,0,87,32,12,0x6c4fa0
5755,14756,9057,0,87,32,12,0x6c5520
5756,14757,9057,0,87,32,12,0x6c5aa0
5757,14758,9057,0,87,32,12,0x6c6020
5758,14759,9057,0,87,32,12,0x6c65a0
5759,14760,9057,0,87,32,12,0x6c6b20
5760,14761,9057,0,87,32,12,0x6c70a0
5761,14762,9057,0,87,32,12,0x6c7620
5762,14763,9057,0,87,32,12,0x6c7ba0
5763,14764,9057,0,87,32,12,0x6c8120
5764,14765,9057,2,87,32,12,0x6c86a0
5765,14766,9401,0,87,32,12,0x6c8c20
5766,14767,9401,0,87,32,12,0x6c91a0
5767,14768,9401,0,87,32,12,0x6c9720
5768,14769,9401,0,87,32,12,0x6c9ca0
5769,14770,9401,0,87,32,12,0x6ca220
5770,14771,9401,0,87,32,12,0x6ca7a0
5771,14772,9401,0,87,32,12,0x6cad20
5772,14773,9401,0,87,32,12,0x6cb2a0
5773,14774,9401,0,87,32,12,0x6cb820
5774,14775,9401,0,87,32,12,0x6cbda0
5775,14776,9401,0,87,32,12,0x6cc320
5776,14777,9401,2,87,32,12,0x6cc8a0
5777,14778,10827,0,87,32,12,0x6cce20
5778,14779,10827,0,87,32,12,0x6cd3a0
5779,14780,10827,0,87,32,12,0x6cd920
5780,14781,10827,0,87,32,12,0x6cdea0
5781,14782,10827,0,87,32,12,0x6ce420
5782,14783,10827,0,87,32,12,0x6ce9a0
5783,14784,10827,0,87,32,7,0x6cef20
5784,14785,10827,0,87,32,12,0x6cf284
5785,14786,10827,0,87,32,7,0x6cf804
5786,14787,10827,0,87,32,7,0x6cfd2c
5787,14788,10827,2,87,32,1,0x6d0138
5788,14789,15419,0,87,32,12,0x6d0174
5789,14790,15419,0,87,32,12,0x6d06f4
5790,14791,15419,0,87,32,12,0x6d0c74
5791,14792,15419,0,87,32,12,0x6d11f4
5792,14793,15419,0,87,32,12,0x6d1774
5793,14794,15419,0,87,32,12,0x6d1cf4
5794,14795,15419,0,87,32,12,0x6d2274
5795,14796,15419,0,87,32,12,0x6d27f4
5796,14797,15419,0,87,32,1,0x6d2d74
5797,14798,15419,0,87,32,12,0x6d32e0
5798,14799,15419,0,87,32,12,0x6d3860
5799,14800,15419,0,87,32,12,0x6d3de0
5800,14801,15419,0,87,32,12,0x6d4360
5801,14802,15419,0,87,32,12,0x6d48e0
5802,14803,15419,0,87,32,12,0x6d4e60
5803,14804,15419,0,87,32,12,0x6d53e0
5804,14805,15419,0,87,32,12,0x6d5960
5805,14806,15419,0,87,32,12,0x6d5ee0
5806,14807,15419,0,87,32,12,0x6d6460
5807,14808,15419,0,87,32,12,0x6d69e0
5808,14809,15419,0,87,32,12,0x6d6f60
5809,14810,15419,0,87,32,12,0x6d74e0
5810,14811,15419,2,87,32,12,0x6d7a60
5811,14812,5434,0,87,32,12,0x6d7fe0
5812,14813,5434,0,87,32,12,0x6d8560
5813,14814,5434,0,87,32,12,0x6d8ae0
5814,14815,5434,0,87,32,12,0x6d9060
5815,14816,5434,0,87,32,12,0x6d95e0
5816,14817,5434,0,87,32,12,0x6d9b60
5817,14818,5434,0,87,32,12,0x6da0e0
5818,14819,5434,0,87,32,12,0x6da660
5819,14820,5434,0,87,32,12,0x6dabe0
5820,14821,5434,0,87,32,12,0x6db160
5821,14822,5434,0,87,32,12,0x6db6e0
5822,14823,5434,0,87,32,12,0x6dbc60
5823,14824,5434,0,87,32,12,0x6dc1e0
5824,14825,5434,0,87,32,12,0x6dc760
5825,14826,5434,0,87,32,12,0x6dcce0
5826,14827,5434,0,87,32,12,0x6dd260
5827,14828,5434,0,87,32,12,0x6dd7e0
5828,14829,5434,0,87,32,12,0x6ddd60
5829,14830,5434,0,87,32,12,0x6de2e0
5830,14831,5434,0,87,32,12,0x6de860
5831,14832,5434,0,87,32,12,0x6dede0
5832,14833,5434,0,87,32,12,0x6df360
5833,14834,5434,0,87,32,12,0x6df8e0
5834,14835,5434,2,87,32,12,0x6dfe60
5835,14836,757,0,87,32,12,0x6e03e0
5836,14837,757,0,87,32,12,0x6e0960
5837,14838,757,0,87,32,12,0x6e0ee0
5838,14839,757,0,87,32,12,0x6e1460
5839,14840,757,0,87,32,12,0x6e19e0
5840,14841,757,0,87,32,12,0x6e1f60
5841,14842,757,0,87,32,12,0x6e24e0
5842,14843,757,0,87,32,12,0x6e2a60
5843,14844,757,0,87,32,12,0x6e2fe0
5844,14845,757,0,87,32,12,0x6e3560
5845,14846,757,0,87,32,12,0x6e3ae0
5846,14847,757,0,87,32,12,0x6e4060
5847,14848,757,0,87,32,12,0x6e45e0
5848,14849,757,0,87,32,12,0x6e4b60
5849,14850,757,0,87,32,12,0x6e50e0
5850,14851,757,0,87,32,12,0x6e5660
5851,14852,757,0,87,32,12,0x6e5be0
5852,14853,757,0,87,32,12,0x6e6160
5853,14854,757,0,87,32,12,0x6e66e0
5854,14855,757,0,87,32,12,0x6e6c60
5855,14856,757,0,87,32,12,0x6e71e0
5856,14857,757,0,87,32,12,0x6e7760
5857,14858,757,0,87,32,12,0x6e7ce0
5858,14859,757,0,87,32,12,0x6e8260
5859,14860,757,0,87,32,12,0x6e87e0
5860,14861,757,0,87,32,12,0x6e8d60
5861,14862,757,0,87,32,12,0x6e92e0
5862,14863,757,0,87,32,12,0x6e9860
5863,14864,757,0,87,32,12,0x6e9de0
5864,14865,757,0,87,32,12,0x6ea360
5865,14866,757,0,87,32,12,0x6ea8e0
5866,14867,757,0,87,32,12,0x6eae60
5867,14868,757,0,87,32,12,0x6eb3e0
5868,14869,757,0,87,32,12,0x6eb960
5869,14870,757,0,87,32,12,0x6ebee0
5870,14871,757,0,87,32,12,0x6ec460
5871,14872,757,0,87,32,12,0x6ec9e0
5872,14873,757,0,87,32,12,0x6ecf60
5873,14874,757,0,87,32,12,0x6ed4e0
5874,14875,757,0,87,32,12,0x6eda60
5875,14876,757,0,87,32,12,0x6edfe0
5876,14877,757,0,87,32,12,0x6ee560
5877,14878,757,0,87,32,12,0x6eeae0
5878,14879,757,0,87,32,12,0x6ef060
5879,14880,757,0,87,32,12,0x6ef5e0
5880,14881,757,0,87,32,12,0x6efb60
5881,14882,757,0,87,32,12,0x6f00e0
5882,14883,757,0,87,32,12,0x6f0660
5883,14884,757,0,87,32,12,0x6f0be0
5884,14885,757,0,87,32,12,0x6f1160
5885,14886,757,0,87,32,12,0x6f16e0
5886,14887,757,0,87,32,12,0x6f1c60
5887,14888,757,0,87,32,12,0x6f21e0
5888,14889,757,0,87,32,12,0x6f2760
5889,14890,757,0,87,32,12,0x6f2ce0
5890,14891,757,0,87,32,12,0x6f3260
5891,14892,757,2,87,32,12,0x6f37e0
5892,14893,9394,0,87,32,7,0x6f3d60
5893,14894,9394,0,87,32,7,0x6f4268
5894,14895,9394,0,87,32,7,0x6f473c
5895,14896,9394,0,87,32,7,0x6f4c04
5896,14897,9394,0,87,32,7,0x6f50b4
5897,14898,9394,0,87,32,7,0x6f555c
5898,14899,9394,0,87,32,7,0x6f59e4
5899,14900,9394,0,87,32,7,0x6f5e54
5900,14901,9394,0,87,32,7,0x6f627c
5901,14902,9394,0,87,32,7,0x6f6680
5902,14903,9394,0,87,32,7,0x6f6a64
5903,14904,9394,0,87,32,7,0x6f6e28
5904,14905,9394,0,87,32,7,0x6f7208
5905,14906,9394,0,87,32,7,0x6f75d4
5906,14907,9394,0,87,32,7,0x6f79b8
5907,14908,9394,0,87,32,7,0x6f7d88
5908,14909,9394,0,87,32,7,0x6f8110
5909,14910,9394,0,87,32,7,0x6f8464
5910,14911,9394,0,87,32,7,0x6f87a0
5911,14912,9394,0,87,32,7,0x6f8aac
5912,14913,9394,0,87,32,7,0x6f8da4
5913,14914,9394,0,87,32,7,0x6f90a4
5914,14915,9394,0,87,32,7,0x6f93c0
5915,14916,9394,0,87,32,7,0x6f9700
5916,14917,9394,0,87,32,7,0x6f9a90
5917,14918,9394,0,87,32,7,0x6f9e2c
5918,14919,9394,0,87,32,7,0x6fa200
5919,14920,9394,0,87,32,7,0x6fa5ec
5920,14921,9394,0,87,32,7,0x6fa9dc
5921,14922,9394,0,87,32,7,0x6fae2c
5922,14923,9394,0,87,32,7,0x6fb284
5923,14924,9394,0,87,32,7,0x6fb720
5924,14925,9394,0,87,32,7,0x6fbbcc
5925,14926,9394,0,87,32,7,0x6fc0a4
5926,14927,9394,0,87,32,7,0x6fc58c
5927,14928,9394,0,87,32,7,0x6fca8c
5928,14929,9394,0,87,32,7,0x6fcf98
5929,14930,9394,0,87,32,7,0x6fd4c4
5930,14931,9394,0,87,32,7,0x6fda34
5931,14932,9394,0,87,32,7,0x6fdf8c
5932,14933,9394,0,87,32,7,0x6fe504
5933,14934,9394,0,87,32,7,0x6fea5c
5934,14935,9394,0,87,32,12,0x6fefd0
5935,14936,9394,0,87,32,12,0x6ff550
5936,14937,9394,0,87,32,12,0x6ffad0
5937,14938,9394,0,87,32,12,0x700050
5938,14939,9394,2,87,32,12,0x7005d0
5939,14940,9810,0,87,32,12,0x700b50
5940,14941,9810,0,87,32,12,0x7010d0
5941,14942,9810,0,87,32,12,0x701650
5942,14943,9810,0,87,32,12,0x701bd0
5943,14944,9810,0,87,32,12,0x702150
5944,14945,9810,0,87,32,12,0x7026d0
5945,14946,9810,0,87,32,12,0x702c50
5946,14947,9810,0,87,32,12,0x7031d0
5947,14948,9810,0,87,32,12,0x703750
5948,14949,9810,0,87,32,12,0x703cd0
5949,14950,9810,0,87,32,12,0x704250
5950,14951,9810,0,87,32,12,0x7047d0
5951,14952,9810,0,87,32,12,0x704d50
5952,14953,9810,0,87,32,12,0x7052d0
5953,14954,9810,0,87,32,12,0x705850
5954,14955,9810,0,87,32,12,0x705dd0
5955,14956,9810,0,87,32,12,0x706350
5956,14957,9810,0,87,32,12,0x7068d0
5957,14958,9810,0,87,32,12,0x706e50
5958,14959,9810,0,87,32,12,0x7073d0
5959,14960,9810,0,87,32,12,0x707950
5960,14961,9810,0,87,32,12,0x707ed0
5961,14962,9810,0,87,32,12,0x708450
5962,14963,9810,0,87,32,12,0x7089d0
5963,14964,9810,0,87,32,12,0x708f50
5964,14965,9810,0,87,32,12,0x7094d0
5965,14966,9810,0,87,32,12,0x709a50
5966,14967,9810,0,87,32,12,0x709fd0
5967,14968,9810,0,87,32,12,0x70a550
5968,14969,9810,0,87,32,12,0x70aad0
5969,14970,9810,0,87,32,12,0x70b050
5970,14971,9810,0,87,32,12,0x70b5d0
5971,14972,9810,0,87,32,12,0x70bb50
5972,14973,9810,0,87,32,12,0x70c0d0
5973,14974,9810,0,87,32,12,0x70c650
5974,14975,9810,0,87,32,12,0x70cbd0
5975,14976,9810,0,87,32,12,0x70d150
5976,14977,9810,0,87,32,12,0x70d6d0
5977,14978,9810,0,87,32,12,0x70dc50
5978,14979,9810,0,87,32,12,0x70e1d0
5979,14980,9810,0,87,32,12,0x70e750
5980,14981,9810,0,87,32,12,0x70ecd0
5981,14982,9810,0,87,32,12,0x70f250
5982,14983,9810,0,87,32,12,0x70f7d0
5983,14984,9810,0,87,32,12,0x70fd50
5984,14985,9810,0,87,32,12,0x7102d0
5985,14986,9810,0,87,32,12,0x710850
5986,14987,9810,0,87,32,12,0x710dd0
5987,14988,9810,0,87,32,12,0x711350
5988,14989,9810,0,87,32,12,0x7118d0
5989,14990,9810,0,87,32,12,0x711e50
5990,14991,9810,0,87,32,12,0x7123d0
5991,14992,9810,0,87,32,12,0x712950
5992,14993,9810,0,87,32,12,0x712ed0
5993,14994,9810,0,87,32,12,0x713450
5994,14995,9810,0,87,32,12,0x7139d0
5995,14996,9810,0,87,32,12,0x713f50
5996,14997,9810,2,87,32,12,0x7144d0
5997,14998,788,0,87,32,12,0x714a50
5998,14999,788,0,87,32,12,0x714fd0
5999,15000,788,0,87,32,12,0x715550
6000,15001,788,0,87,32,12,0x715ad0
6001,15002,788,0,87,32,12,0x716050
6002,15003,788,0,87,32,12,0x7165d0
6003,15004,788,0,87,32,12,0x716b50
6004,15005,788,0,87,32,12,0x7170d0
6005,15006,788,0,87,32,12,0x717650
6006,15007,788,0,87,32,12,0x717bd0
6007,15008,788,0,87,32,12,0x718150
6008,15009,788,0,87,32,12,0x7186d0
6009,15010,788,0,87,32,12,0x718c50
6010,15011,788,0,87,32,12,0x7191d0
6011,15012,788,0,87,32,12,0x719750
6012,15013,788,0,87,32,12,0x719cd0
6013,15014,788,0,87,32,12,0x71a250
6014,15015,788,0,87,32,12,0x71a7d0
6015,15016,788,0,87,32,12,0x71ad50
6016,15017,788,0,87,32,12,0x71b2d0
6017,15018,788,0,87,32,12,0x71b850
6018,15019,788,0,87,32,12,0x71bdd0
6019,15020,788,0,87,32,12,0x71c350
6020,15021,788,0,87,32,12,0x71c8d0
6021,15022,788,0,87,32,12,0x71ce50
6022,15023,788,0,87,32,12,0x71d3d0
6023,15024,788,0,87,32,12,0x71d950
6024,15025,788,0,87,32,12,0x71ded0
6025,15026,788,0,87,32,12,0x71e450
6026,15027,788,0,87,32,12,0x71e9d0
6027,15028,788,0,87,32,12,0x71ef50
6028,15029,788,0,87,32,12,0x71f4d0
6029,15030,788,0,87,32,12,0x71fa50
6030,15031,788,0,87,32,12,0x71ffd0
6031,15032,788,0,87,32,12,0x720550
6032,15033,788,0,87,32,12,0x720ad0
6033,15034,788,0,87,32,12,0x721050
6034,15035,788,0,87,32,12,0x7215d0
6035,15036,788,0,87,32,12,0x721b50
6036,15037,788,0,87,32,12,0x7220d0
6037,15038,788,0,87,32,12,0x722650
6038,15039,788,0,87,32,12,0x722bd0
6039,15040,788,0,87,32,12,0x723150
6040,15041,788,0,87,32,12,0x7236d0
6041,15042,788,0,87,32,12,0x723c50
6042,15043,788,0,87,32,12,0x7241d0
6043,15044,788,0,87,32,12,0x724750
6044,15045,788,0,87,32,12,0x724cd0
6045,15046,788,0,87,32,12,0x725250
6046,15047,788,0,87,32,12,0x7257d0
6047,15048,788,0,87,32,12,0x725d50
6048,15049,788,0,87,32,12,0x7262d0
6049,15050,788,0,87,32,12,0x726850
6050,15051,788,0,87,32,12,0x726dd0
6051,15052,788,0,87,32,12,0x727350
6052,15053,788,0,87,32,12,0x7278d0
6053,15054,788,0,87,32,12,0x727e50
6054,15055,788,0,87,32,12,0x7283d0
6055,15056,788,0,87,32,12,0x728950
6056,15057,788,0,87,32,12,0x728ed0
6057,15058,788,0,87,32,12,0x729450
6058,15059,788,0,87,32,12,0x7299d0
6059,15060,788,0,87,32,12,0x729f50
6060,15061,788,0,87,32,12,0x72a4d0
6061,15062,788,0,87,32,12,0x72aa50
6062,15063,788,0,87,32,12,0x72afd0
6063,15064,788,0,87,32,12,0x72b550
6064,15065,788,0,87,32,12,0x72bad0
6065,15066,788,0,87,32,12,0x72c050
6066,15067,788,0,87,32,12,0x72c5d0
6067,15068,788,0,87,32,12,0x72cb50
6068,15069,788,0,87,32,12,0x72d0d0
6069,15070,788,0,87,32,12,0x72d650
6070,15071,788,0,87,32,12,0x72dbd0
6071,15072,788,0,87,32,12,0x72e150
6072,15073,788,0,87,32,12,0x72e6d0
6073,15074,788,0,87,32,12,0x72ec50
6074,15075,788,0,87,32,12,0x72f1d0
6075,15076,788,0,87,32,12,0x72f750
6076,15077,788,0,87,32,12,0x72fcd0
6077,15078,788,0,87,32,12,0x730250
6078,15079,788,0,87,32,12,0x7307d0
6079,15080,788,0,87,32,12,0x730d50
6080,15081,788,0,87,32,12,0x7312d0
6081,15082,788,0,87,32,12,0x731850
6082,15083,788,0,87,32,12,0x731dd0
6083,15084,788,0,87,32,12,0x732350
6084,15085,788,0,87,32,12,0x7328d0
6085,15086,788,0,87,32,12,0x732e50
6086,15087,788,0,87,32,12,0x7333d0
6087,15088,788,0,87,32,12,0x733950
6088,15089,788,0,87,32,12,0x733ed0
6089,15090,788,0,87,32,12,0x734450
6090,15091,788,0,87,32,12,0x7349d0
6091,15092,788,0,87,32,12,0x734f50
6092,15093,788,0,87,32,12,0x7354d0
6093,15094,788,0,87,32,12,0x735a50
6094,15095,788,0,87,32,12,0x735fd0
6095,15096,788,0,87,32,12,0x736550
6096,15097,788,2,87,32,12,0x736ad0
6097,15098,20135,4,87,32,7,0x737050
6098,15099,20135,5,87,32,9,0x7373e4
6099,15100,20135,5,87,32,9,0x737718
6100,15101,20135,5,87,32,9,0x737a34
6101,15102,20135,5,87,32,9,0x737d6c
6102,15103,20135,1,87,32,9,0x7380b0
6103,15104,20135,0,87,32,7,0x73842c
6104,15105,20135,0,87,32,7,0x7387fc
6105,15106,20135,0,87,32,7,0x738c28
6106,15107,20135,0,87,32,7,0x739074
6107,15108,20135,0,87,32,7,0x739584
6108,15109,20135,0,87,32,12,0x739ac0
6109,15110,20135,0,87,32,12,0x73a040
6110,15111,20135,0,87,32,7,0x73a5c0
6111,15112,20135,0,87,32,12,0x73ab28
6112,15113,20135,0,87,32,12,0x73b0a8
6113,15114,20135,0,87,32,12,0x73b628
6114,15115,20135,0,87,32,12,0x73bba8
6115,15116,20135,0,87,32,12,0x73c128
6116,15117,20135,0,87,32,12,0x73c6a8
6117,15118,20135,0,87,32,12,0x73cc28
6118,15119,20135,0,87,32,12,0x73d1a8
6119,15120,20135,0,87,32,12,0x73d728
6120,15121,20135,0,87,32,12,0x73dca8
6121,15122,20135,0,87,32,12,0x73e228
6122,15123,20135,0,87,32,12,0x73e7a8
6123,15124,20135,0,87,32,12,0x73ed28
6124,15125,20135,0,87,32,12,0x73f2a8
6125,15126,20135,0,87,32,12,0x73f828
6126,15127,20135,0,87,32,12,0x73fda8
6127,15128,20135,2,87,32,12,0x740328
6128,15129,2553,0,87,32,12,0x7408a8
6129,15130,2553,0,87,32,12,0x740e28
6130,15131,2553,0,87,32,12,0x7413a8
6131,15132,2553,0,87,32,12,0x741928
6132,15133,2553,0,87,32,7,0x741ea8
6133,15134,2553,0,87,32,7,0x74230c
6134,15135,2553,0,87,32,7,0x742768
6135,15136,2553,0,87,32,12,0x742cb0
6136,15137,2553,0,87,32,12,0x743230
6137,15138,2553,0,87,32,12,0x7437b0
6138,15139,2553,0,87,32,12,0x743d30
6139,15140,2553,0,87,32,12,0x7442b0
6140,15141,2553,0,87,32,12,0x744830
6141,15142,2553,0,87,32,12,0x744db0
6142,15143,2553,0,87,32,12,0x745330
6143,15144,2553,0,87,32,12,0x7458b0
6144,15145,2553,0,87,32,12,0x745e30
6145,15146,2553,0,87,32,12,0x7463b0
6146,15147,2553,0,87,32,12,0x746930
6147,15148,2553,0,87,32,12,0x746eb0
6148,15149,2553,0,87,32,12,0x747430
6149,15150,2553,0,87,32,12,0x7479b0
6150,15151,2553,0,87,32,12,0x747f30
6151,15152,2553,0,87,32,12,0x7484b0
6152,15153,2553,0,87,32,12,0x748a30
6153,15154,2553,0,87,32,12,0x748fb0
6154,15155,2553,0,87,32,12,0x749530
6155,15156,2553,0,87,32,12,0x749ab0
6156,15157,2553,0,87,32,12,0x74a030
6157,15158,2553,0,87,32,12,0x74a5b0
6158,15159,2553,0,87,32,12,0x74ab30
6159,15160,2553,0,87,32,12,0x74b0b0
6160,15161,2553,0,87,32,12,0x74b630
6161,15162,2553,0,87,32,12,0x74bbb0
6162,15163,2553,0,87,32,12,0x74c130
6163,15164,2553,0,87,32,12,0x74c6b0
6164,15165,2553,0,87,32,12,0x74cc30
6165,15166,2553,0,87,32,12,0x74d1b0
6166,15167,2553,0,87,32,12,0x74d730
6167,15168,2553,0,87,32,12,0x74dcb0
6168,15169,2553,2,87,32,12,0x74e230
6169,15170,5925,0,87,32,1,0x74e7b0
6170,15171,5925,0,87,32,1,0x74ec1c
6171,15172,5925,0,87,32,1,0x74f0ac
6172,15173,5925,0,87,32,1,0x74f488
6173,15174,5925,0,87,32,1,0x74f87c
6174,15175,5925,0,87,32,1,0x74fd3c
6175,15176,5925,0,87,32,1,0x7501c4
6176,15177,5925,0,87,32,1,0x750658
6177,15178,5925,0,87,32,1,0x750ad0
6178,15179,5925,0,87,32,1,0x750f88
6179,15180,5925,0,87,32,1,0x751444
6180,15181,5925,0,87,32,1,0x7518d0
6181,15182,5925,0,87,32,1,0x751cf4
6182,15183,5925,0,87,32,1,0x752028
6183,15184,5925,0,87,32,1,0x7522e0
6184,15185,5925,0,87,32,1,0x75252c
6185,15186,5925,0,87,32,1,0x7528e8
6186,15187,5925,0,87,32,1,0x752d3c
6187,15188,5925,0,87,32,1,0x75326c
6188,15189,5925,0,87,32,1,0x75377c
6189,15190,5925,0,87,32,1,0x753bec
6190,15191,5925,0,87,32,1,0x754008
6191,15192,5925,0,87,32,1,0x7543fc
6192,15193,5925,0,87,32,1,0x754814
6193,15194,5925,2,87,32,1,0x754af4
6194,15195,20593,0,87,32,12,0x754e7c
6195,15196,20593,0,87,32,12,0x7553fc
6196,15197,20593,0,87,32,12,0x75597c
6197,15198,20593,0,87,32,12,0x755efc
6198,15199,20593,0,87,32,12,0x75647c
6199,15200,20593,0,87,32,12,0x7569fc
6200,15201,20593,0,87,32,12,0x756f7c
6201,15202,20593,0,87,32,12,0x7574fc
6202,15203,20593,0,87,32,12,0x757a7c
6203,15204,20593,0,87,32,12,0x757ffc
6204,15205,20593,0,87,32,12,0x75857c
6205,15206,20593,0,87,32,12,0x758afc
6206,15207,20593,0,87,32,12,0x75907c
6207,15208,20593,0,87,32,12,0x7595fc
6208,15209,20593,0,87,32,12,0x759b7c
6209,15210,20593,0,87,32,12,0x75a0fc
6210,15211,20593,0,87,32,12,0x75a67c
6211,15212,20593,0,87,32,12,0x75abfc
6212,15213,20593,0,87,32,12,0x75b17c
6213,15214,20593,0,87,32,12,0x75b6fc
6214,15215,20593,0,87,32,12,0x75bc7c
6215,15216,20593,0,87,32,12,0x75c1fc
6216,15217,20593,0,87,32,12,0x75c77c
6217,15218,20593,0,87,32,12,0x75ccfc
6218,15219,20593,0,87,32,12,0x75d27c
6219,15220,20593,0,87,32,12,0x75d7fc
6220,15221,20593,0,87,32,12,0x75dd7c
6221,15222,20593,0,87,32,12,0x75e2fc
6222,15223,20593,0,87,32,12,0x75e87c
6223,15224,20593,0,87,32,12,0x75edfc
6224,15225,20593,0,87,32,12,0x75f37c
6225,15226,20593,0,87,32,12,0x75f8fc
6226,15227,20593,0,87,32,12,0x75fe7c
6227,15228,20593,0,87,32,12,0x7603fc
6228,15229,20593,0,87,32,12,0x76097c
6229,15230,20593,0,87,32,12,0x760efc
6230,15231,20593,0,87,32,12,0x76147c
6231,15232,20593,0,87,32,12,0x7619fc
6232,15233,20593,0,87,32,12,0x761f7c
6233,15234,20593,0,87,32,12,0x7624fc
6234,15235,20593,0,87,32,12,0x762a7c
6235,15236,20593,0,87,32,12,0x762ffc
6236,15237,20593,0,87,32,12,0x76357c
6237,15238,20593,0,87,32,12,0x763afc
6238,15239,20593,0,87,32,12,0x76407c
6239,15240,20593,0,87,32,12,0x7645fc
6240,15241,20593,2,87,32,12,0x764b7c
6241,15242,9659,0,87,32,12,0x7650fc
6242,15243,9659,0,87,32,12,0x76567c
6243,15244,9659,0,87,32,12,0x765bfc
6244,15245,9659,0,87,32,12,0x76617c
6245,15246,9659,0,87,32,12,0x7666fc
6246,15247,9659,0,87,32,12,0x766c7c
6247,15248,9659,0,87,32,12,0x7671fc
6248,15249,9659,0,87,32,12,0x76777c
6249,15250,9659,0,87,32,12,0x767cfc
6250,15251,9659,0,87,32,12,0x76827c
6251,15252,9659,0,87,32,12,0x7687fc
6252,15253,9659,0,87,32,12,0x768d7c
6253,15254,9659,0,87,32,12,0x7692fc
6254,15255,9659,0,87,32,12,0x76987c
6255,15256,9659,0,87,32,12,0x769dfc
6256,15257,9659,0,87,32,12,0x76a37c
6257,15258,9659,0,87,32,12,0x76a8fc
6258,15259,9659,0,87,32,12,0x76ae7c
6259,15260,9659,0,87,32,12,0x76b3fc
6260,15261,9659,0,87,32,12,0x76b97c
6261,15262,9659,0,87,32,12,0x76befc
6262,15263,9659,0,87,32,12,0x76c47c
6263,15264,9659,0,87,32,12,0x76c9fc
6264,15265,9659,0,87,32,12,0x76cf7c
6265,15266,9659,0,87,32,12,0x76d4fc
6266,15267,9659,0,87,32,12,0x76da7c
6267,15268,9659,0,87,32,12,0x76dffc
6268,15269,9659,0,87,32,12,0x76e57c
6269,15270,9659,0,87,32,12,0x76eafc
6270,15271,9659,0,87,32,12,0x76f07c
6271,15272,9659,0,87,32,12,0x76f5fc
6272,15273,9659,0,87,32,12,0x76fb7c
6273,15274,9659,0,87,32,12,0x7700fc
6274,15275,9659,0,87,32,12,0x77067c
6275,15276,9659,0,87,32,12,0x770bfc
6276,15277,9659,0,87,32,12,0x77117c
6277,15278,9659,0,87,32,12,0x7716fc
6278,15279,9659,0,87,32,12,0x771c7c
6279,15280,9659,0,87,32,12,0x7721fc
6280,15281,9659,0,87,32,12,0x77277c
6281,15282,9659,0,87,32,12,0x772cfc
6282,15283,9659,0,87,32,12,0x77327c
6283,15284,9659,0,87,32,12,0x7737fc
6284,15285,9659,0,87,32,12,0x773d7c
6285,15286,9659,0,87,32,12,0x7742fc
6286,15287,9659,0,87,32,12,0x77487c
6287,15288,9659,0,87,32,12,0x774dfc
6288,15289,9659,0,87,32,12,0x77537c
6289,15290,9659,0,87,32,12,0x7758fc
6290,15291,9659,0,87,32,12,0x775e7c
6291,15292,9659,0,87,32,12,0x7763fc
6292,15293,9659,0,87,32,12,0x77697c
6293,15294,9659,0,87,32,12,0x776efc
6294,15295,9659,0,87,32,12,0x77747c
6295,15296,9659,0,87,32,12,0x7779fc
6296,15297,9659,0,87,32,12,0x777f7c
6297,15298,9659,0,87,32,12,0x7784fc
6298,15299,9659,0,87,32,12,0x778a7c
6299,15300,9659,0,87,32,12,0x778ffc
6300,15301,9659,0,87,32,12,0x77957c
6301,15302,9659,0,87,32,12,0x779afc
6302,15303,9659,0,87,32,12,0x77a07c
6303,15304,9659,0,87,32,12,0x77a5fc
6304,15305,9659,0,87,32,12,0x77ab7c
6305,15306,9659,0,87,32,12,0x77b0fc
6306,15307,9659,0,87,32,12,0x77b67c
6307,15308,9659,0,87,32,12,0x77bbfc
6308,15309,9659,0,87,32,12,0x77c17c
6309,15310,9659,0,87,32,12,0x77c6fc
6310,15311,9659,0,87,32,12,0x77cc7c
6311,15312,9659,0,87,32,12,0x77d1fc
6312,15313,9659,0,87,32,12,0x77d77c
6313,15314,9659,0,87,32,12,0x77dcfc
6314,15315,9659,0,87,32,12,0x77e27c
6315,15316,9659,0,87,32,12,0x77e7fc
6316,15317,9659,0,87,32,12,0x77ed7c
6317,15318,9659,0,87,32,12,0x77f2fc
6318,15319,9659,0,87,32,12,0x77f87c
6319,15320,9659,0,87,32,12,0x77fdfc
6320,15321,9659,0,87,32,12,0x78037c
6321,15322,9659,0,87,32,12,0x7808fc
6322,15323,9659,0,87,32,12,0x780e7c
6323,15324,9659,0,87,32,12,0x7813fc
6324,15325,9659,0,87,32,12,0x78197c
6325,15326,9659,0,87,32,12,0x781efc
6326,15327,9659,0,87,32,12,0x78247c
6327,15328,9659,0,87,32,12,0x7829fc
6328,15329,9659,0,87,32,12,0x782f7c
6329,15330,9659,0,87,32,12,0x7834fc
6330,15331,9659,0,87,32,12,0x783a7c
6331,15332,9659,2,87,32,12,0x783ffc
6332,15333,13728,0,87,32,12,0x78457c
6333,15334,13728,0,87,32,1,0x784afc
6334,15335,13728,0,87,32,1,0x785050
6335,15336,13728,0,87,32,1,0x78557c
6336,15337,13728,0,87,32,1,0x785a50
6337,15338,13728,0,87,32,1,0x785efc
6338,15339,13728,0,87,32,1,0x7863bc
6339,15340,13728,0,87,32,1,0x78683c
6340,15341,13728,0,87,32,1,0x786c74
6341,15342,13728,0,87,32,1,0x787068
6342,15343,13728,0,87,32,1,0x7873f4
6343,15344,13728,0,87,32,1,0x78779c
6344,15345,13728,0,87,32,1,0x787b28
6345,15346,13728,0,87,32,1,0x787f18
6346,15347,13728,0,87,32,1,0x788394
6347,15348,13728,0,87,32,1,0x7887bc
6348,15349,13728,0,87,32,1,0x788c10
6349,15350,13728,0,87,32,1,0x7890e8
6350,15351,13728,0,87,32,12,0x78962c
6351,15352,13728,0,87,32,12,0x789bac
6352,15353,13728,0,87,32,12,0x78a12c
6353,15354,13728,0,87,32,7,0x78a6ac
6354,15355,13728,0,87,32,12,0x78ab88
6355,15356,13728,0,87,32,12,0x78b108
6356,15357,13728,0,87,32,12,0x78b688
6357,15358,13728,0,87,32,12,0x78bc08
6358,15359,13728,0,87,32,12,0x78c188
6359,15360,13728,0,87,32,1,0x78c708
6360,15361,13728,0,87,32,1,0x78cc54
6361,15362,13728,0,87,32,12,0x78d1c4
6362,15363,13728,0,87,32,12,0x78d744
6363,15364,13728,0,87,32,12,0x78dcc4
6364,15365,13728,0,87,32,12,0x78e244
6365,15366,13728,0,87,32,12,0x78e7c4
6366,15367,13728,0,87,32,12,0x78ed44
6367,15368,13728,0,87,32,12,0x78f2c4
6368,15369,13728,0,87,32,12,0x78f844
6369,15370,13728,0,87,32,12,0x78fdc4
6370,15371,13728,0,87,32,12,0x790344
6371,15372,13728,0,87,32,12,0x7908c4
6372,15373,13728,0,87,32,12,0x790e44
6373,15374,13728,0,87,32,12,0x7913c4
6374,15375,13728,0,87,32,12,0x791944
6375,15376,13728,0,87,32,12,0x791ec4
6376,15377,13728,0,87,32,12,0x792444
6377,15378,13728,0,87,32,12,0x7929c4
6378,15379,13728,0,87,32,12,0x792f44
6379,15380,13728,0,87,32,12,0x7934c4
6380,15381,13728,0,87,32,1,0x793a44
6381,15382,13728,0,87,32,12,0x793fb8
6382,15383,13728,0,87,32,1,0x794538
6383,15384,13728,0,87,32,12,0x794a8c
6384,15385,13728,0,87,32,12,0x79500c
6385,15386,13728,0,87,32,12,0x79558c
6386,15387,13728,0,87,32,12,0x795b0c
6387,15388,13728,0,87,32,12,0x79608c
6388,15389,13728,0,87,32,12,0x79660c
6389,15390,13728,0,87,32,12,0x796b8c
6390,15391,13728,0,87,32,12,0x79710c
6391,15392,13728,0,87,32,12,0x79768c
6392,15393,13728,0,87,32,12,0x797c0c
6393,15394,13728,0,87,32,12,0x79818c
6394,15395,13728,2,87,32,12,0x79870c
6395,15396,12019,0,87,32,12,0x798c8c
6396,15397,12019,0,87,32,12,0x79920c
6397,15398,12019,0,87,32,12,0x79978c
6398,15399,12019,0,87,32,12,0x799d0c
6399,15400,12019,0,87,32,12,0x79a28c
6400,15401,12019,0,87,32,12,0x79a80c
6401,15402,12019,0,87,32,12,0x79ad8c
6402,15403,12019,0,87,32,12,0x79b30c
6403,15404,12019,0,87,32,12,0x79b88c
6404,15405,12019,0,87,32,12,0x79be0c
6405,15406,12019,0,87,32,12,0x79c38c
6406,15407,12019,0,87,32,12,0x79c90c
6407,15408,12019,0,87,32,12,0x79ce8c
6408,15409,12019,0,87,32,12,0x79d40c
6409,15410,12019,0,87,32,12,0x79d98c
6410,15411,12019,0,87,32,12,0x79df0c
6411,15412,12019,0,87,32,12,0x79e48c
6412,15413,12019,0,87,32,12,0x79ea0c
6413,15414,12019,0,87,32,12,0x79ef8c
6414,15415,12019,0,87,32,12,0x79f50c
6415,15416,12019,0,87,32,12,0x79fa8c
6416,15417,12019,0,87,32,12,0x7a000c
6417,15418,12019,0,87,32,12,0x7a058c
6418,15419,12019,0,87,32,12,0x7a0b0c
6419,15420,12019,0,87,32,12,0x7a108c
6420,15421,12019,0,87,32,12,0x7a160c
6421,15422,12019,0,87,32,12,0x7a1b8c
6422,15423,12019,0,87,32,12,0x7a210c
6423,15424,12019,0,87,32,12,0x7a268c
6424,15425,12019,0,87,32,12,0x7a2c0c
6425,15426,12019,0,87,32,12,0x7a318c
6426,15427,12019,0,87,32,12,0x7a370c
6427,15428,12019,0,87,32,12,0x7a3c8c
6428,15429,12019,0,87,32,12,0x7a420c
6429,15430,12019,0,87,32,12,0x7a478c
6430,15431,12019,0,87,32,12,0x7a4d0c
6431,15432,12019,0,87,32,12,0x7a528c
6432,15433,12019,0,87,32,12,0x7a580c
6433,15434,12019,0,87,32,12,0x7a5d8c
6434,15435,12019,0,87,32,12,0x7a630c
6435,15436,12019,0,87,32,12,0x7a688c
6436,15437,12019,0,87,32,12,0x7a6e0c
6437,15438,12019,0,87,32,12,0x7a738c
6438,15439,12019,0,87,32,12,0x7a790c
6439,15440,12019,0,87,32,12,0x7a7e8c
6440,15441,12019,0,87,32,12,0x7a840c
6441,15442,12019,0,87,32,12,0x7a898c
6442,15443,12019,0,87,32,12,0x7a8f0c
6443,15444,12019,0,87,32,12,0x7a948c
6444,15445,12019,0,87,32,12,0x7a9a0c
6445,15446,12019,0,87,32,12,0x7a9f8c
6446,15447,12019,0,87,32,12,0x7aa50c
6447,15448,12019,0,87,32,12,0x7aaa8c
6448,15449,12019,0,87,32,12,0x7ab00c
6449,15450,12019,0,87,32,12,0x7ab58c
6450,15451,12019,0,87,32,12,0x7abb0c
6451,15452,12019,0,87,32,12,0x7ac08c
6452,15453,12019,0,87,32,12,0x7ac60c
6453,15454,12019,0,87,32,12,0x7acb8c
6454,15455,12019,0,87,32,12,0x7ad10c
6455,15456,12019,0,87,32,12,0x7ad68c
6456,15457,12019,0,87,32,12,0x7adc0c
6457,15458,12019,0,87,32,12,0x7ae18c
6458,15459,12019,0,87,32,12,0x7ae70c
6459,15460,12019,2,87,32,12,0x7aec8c
6460,15461,13473,0,87,32,12,0x7af20c
6461,15462,13473,0,87,32,12,0x7af78c
6462,15463,13473,0,87,32,12,0x7afd0c
6463,15464,13473,0,87,32,12,0x7b028c
6464,15465,13473,0,87,32,12,0x7b080c
6465,15466,13473,0,87,32,12,0x7b0d8c
6466,15467,13473,0,87,32,12,0x7b130c
6467,15468,13473,0,87,32,12,0x7b188c
6468,15469,13473,0,87,32,12,0x7b1e0c
6469,15470,13473,0,87,32,12,0x7b238c
6470,15471,13473,0,87,32,1,0x7b290c
6471,15472,13473,0,87,32,12,0x7b2e54
6472,15473,13473,0,87,32,12,0x7b33d4
6473,15474,13473,0,87,32,1,0x7b3954
6474,15475,13473,0,87,32,12,0x7b3e98
6475,15476,13473,0,87,32,12,0x7b4418
6476,15477,13473,0,87,32,12,0x7b4998
6477,15478,13473,0,87,32,12,0x7b4f18
6478,15479,13473,0,87,32,12,0x7b5498
6479,15480,13473,0,87,32,12,0x7b5a18
6480,15481,13473,0,87,32,12,0x7b5f98
6481,15482,13473,0,87,32,12,0x7b6518
6482,15483,13473,0,87,32,12,0x7b6a98
6483,15484,13473,0,87,32,12,0x7b7018
6484,15485,13473,0,87,32,12,0x7b7598
6485,15486,13473,0,87,32,12,0x7b7b18
6486,15487,13473,0,87,32,12,0x7b8098
6487,15488,13473,0,87,32,12,0x7b8618
6488,15489,13473,0,87,32,12,0x7b8b98
6489,15490,13473,0,87,32,12,0x7b9118
6490,15491,13473,0,87,32,12,0x7b9698
6491,15492,13473,0,87,32,12,0x7b9c18
6492,15493,13473,0,87,32,12,0x7ba198
6493,15494,13473,0,87,32,12,0x7ba718
6494,15495,13473,0,87,32,12,0x7bac98
6495,15496,13473,0,87,32,12,0x7bb218
6496,15497,13473,0,87,32,12,0x7bb798
6497,15498,13473,0,87,32,12,0x7bbd18
6498,15499,13473,2,87,32,12,0x7bc298
6499,15500,2717,0,87,32,12,0x7bc818
6500,15501,2717,4,87,32,12,0x7bcd98
6501,15502,2717,1,87,32,9,0x7bd318
6502,15503,2717,0,87,32,12,0x7bd860
6503,15504,2717,0,87,32,12,0x7bdde0
6504,15505,2717,0,87,32,12,0x7be360
6505,15506,2717,0,87,32,12,0x7be8e0
6506,15507,2717,0,87,32,12,0x7bee60
6507,15508,2717,0,87,32,12,0x7bf3e0
6508,15509,2717,0,87,32,12,0x7bf960
6509,15510,2717,0,87,32,12,0x7bfee0
6510,15511,2717,0,87,32,12,0x7c0460
6511,15512,2717,0,87,32,12,0x7c09e0
6512,15513,2717,0,87,32,12,0x7c0f60
6513,15514,2717,0,87,32,12,0x7c14e0
6514,15515,2717,0,87,32,12,0x7c1a60
6515,15516,2717,0,87,32,12,0x7c1fe0
6516,15517,2717,0,87,32,12,0x7c2560
6517,15518,2717,0,87,32,12,0x7c2ae0
6518,15519,2717,0,87,32,12,0x7c3060
6519,15520,2717,0,87,32,12,0x7c35e0
6520,15521,2717,0,87,32,12,0x7c3b60
6521,15522,2717,0,87,32,12,0x7c40e0
6522,15523,2717,0,87,32,12,0x7c4660
6523,15524,2717,0,87,32,12,0x7c4be0
6524,15525,2717,0,87,32,12,0x7c5160
6525,15526,2717,0,87,32,12,0x7c56e0
6526,15527,2717,0,87,32,12,0x7c5c60
6527,15528,2717,0,87,32,12,0x7c61e0
6528,15529,2717,0,87,32,12,0x7c6760
6529,15530,2717,0,87,32,12,0x7c6ce0
6530,15531,2717,0,87,32,12,0x7c7260
6531,15532,2717,0,87,32,12,0x7c77e0
6532,15533,2717,0,87,32,12,0x7c7d60
6533,15534,2717,0,87,32,12,0x7c82e0
6534,15535,2717,0,87,32,12,0x7c8860
6535,15536,2717,0,87,32,12,0x7c8de0
6536,15537,2717,0,87,32,12,0x7c9360
6537,15538,2717,0,87,32,12,0x7c98e0
6538,15539,2717,0,87,32,12,0x7c9e60
6539,15540,2717,0,87,32,12,0x7ca3e0
6540,15541,2717,0,87,32,12,0x7ca960
6541,15542,2717,0,87,32,12,0x7caee0
6542,15543,2717,0,87,32,12,0x7cb460
6543,15544,2717,0,87,32,12,0x7cb9e0
6544,15545,2717,0,87,32,12,0x7cbf60
6545,15546,2717,0,87,32,12,0x7cc4e0
6546,15547,2717,0,87,32,12,0x7cca60
6547,15548,2717,0,87,32,12,0x7ccfe0
6548,15549,2717,0,87,32,12,0x7cd560
6549,15550,2717,0,87,32,12,0x7cdae0
6550,15551,2717,0,87,32,12,0x7ce060
6551,15552,2717,0,87,32,12,0x7ce5e0
6552,15553,2717,0,87,32,12,0x7ceb60
6553,15554,2717,0,87,32,12,0x7cf0e0
6554,15555,2717,0,87,32,12,0x7cf660
6555,15556,2717,2,87,32,12,0x7cfbe0
6556,15557,20071,0,87,32,12,0x7d0160
6557,15558,20071,0,87,32,12,0x7d06e0
6558,15559,20071,0,87,32,12,0x7d0c60
6559,15560,20071,0,87,32,12,0x7d11e0
6560,15561,20071,0,87,32,12,0x7d1760
6561,15562,20071,0,87,32,12,0x7d1ce0
6562,15563,20071,0,87,32,12,0x7d2260
6563,15564,20071,0,87,32,12,0x7d27e0
6564,15565,20071,0,87,32,12,0x7d2d60
6565,15566,20071,0,87,32,12,0x7d32e0
6566,15567,20071,0,87,32,12,0x7d3860
6567,15568,20071,0,87,32,12,0x7d3de0
6568,15569,20071,0,87,32,12,0x7d4360
6569,15570,20071,0,87,32,12,0x7d48e0
6570,15571,20071,0,87,32,12,0x7d4e60
6571,15572,20071,0,87,32,12,0x7d53e0
6572,15573,20071,0,87,32,12,0x7d5960
6573,15574,20071,0,87,32,12,0x7d5ee0
6574,15575,20071,0,87,32,12,0x7d6460
6575,15576,20071,0,87,32,12,0x7d69e0
6576,15577,20071,0,87,32,12,0x7d6f60
6577,15578,20071,0,87,32,12,0x7d74e0
6578,15579,20071,0,87,32,12,0x7d7a60
6579,15580,20071,0,87,32,12,0x7d7fe0
6580,15581,20071,0,87,32,12,0x7d8560
6581,15582,20071,0,87,32,12,0x7d8ae0
6582,15583,20071,0,87,32,12,0x7d9060
6583,15584,20071,0,87,32,12,0x7d95e0
6584,15585,20071,0,87,32,12,0x7d9b60
6585,15586,20071,0,87,32,12,0x7da0e0
6586,15587,20071,0,87,32,12,0x7da660
6587,15588,20071,0,87,32,12,0x7dabe0
6588,15589,20071,0,87,32,12,0x7db160
6589,15590,20071,0,87,32,12,0x7db6e0
6590,15591,20071,2,87,32,12,0x7dbc60
6591,15592,20305,0,87,32,12,0x7dc1e0
6592,15593,20305,0,87,32,12,0x7dc760
6593,15594,20305,0,87,32,12,0x7dcce0
6594,15595,20305,0,87,32,12,0x7dd260
6595,15596,20305,0,87,32,12,0x7dd7e0
6596,15597,20305,0,87,32,12,0x7ddd60
6597,15598,20305,0,87,32,12,0x7de2e0
6598,15599,20305,0,87,32,12,0x7de860
6599,15600,20305,0,87,32,12,0x7dede0
6600,15601,20305,0,87,32,7,0x7df360
6601,15602,20305,0,87,32,12,0x7df8d8
6602,15603,20305,0,87,32,12,0x7dfe58
6603,15604,20305,0,87,32,12,0x7e03d8
6604,15605,20305,0,87,32,12,0x7e0958
6605,15606,20305,0,87,32,12,0x7e0ed8
6606,15607,20305,0,87,32,12,0x7e1458
6607,15608,20305,0,87,32,12,0x7e19d8
6608,15609,20305,0,87,32,12,0x7e1f58
6609,15610,20305,0,87,32,12,0x7e24d8
6610,15611,20305,0,87,32,12,0x7e2a58
6611,15612,20305,0,87,32,12,0x7e2fd8
6612,15613,20305,0,87,32,12,0x7e3558
6613,15614,20305,0,87,32,12,0x7e3ad8
6614,15615,20305,0,87,32,12,0x7e4058
6615,15616,20305,0,87,32,12,0x7e45d8
6616,15617,20305,0,87,32,12,0x7e4b58
6617,15618,20305,0,87,32,12,0x7e50d8
6618,15619,20305,0,87,32,12,0x7e5658
6619,15620,20305,0,87,32,12,0x7e5bd8
6620,15621,20305,0,87,32,12,0x7e6158
6621,15622,20305,0,87,32,7,0x7e66d8
6622,15623,20305,0,87,32,7,0x7e6c48
6623,15624,20305,0,87,32,7,0x7e7128
6624,15625,20305,0,87,32,7,0x7e74ec
6625,15626,20305,0,87,32,7,0x7e78ac
6626,15627,20305,2,87,32,7,0x7e7bdc
6627,15628,16455,0,87,32,12,0x7e7e48
6628,15629,16455,0,87,32,12,0x7e83c8
6629,15630,16455,0,87,32,12,0x7e8948
6630,15631,16455,0,87,32,12,0x7e8ec8
6631,15632,16455,0,87,32,12,0x7e9448
6632,15633,16455,0,87,32,12,0x7e99c8
6633,15634,16455,0,87,32,12,0x7e9f48
6634,15635,16455,0,87,32,12,0x7ea4c8
6635,15636,16455,0,87,32,12,0x7eaa48
6636,15637,16455,0,87,32,12,0x7eafc8
6637,15638,16455,0,87,32,12,0x7eb548
6638,15639,16455,0,87,32,12,0x7ebac8
6639,15640,16455,0,87,32,12,0x7ec048
6640,15641,16455,0,87,32,12,0x7ec5c8
6641,15642,16455,0,87,32,12,0x7ecb48
6642,15643,16455,0,87,32,12,0x7ed0c8
6643,15644,16455,0,87,32,12,0x7ed648
6644,15645,16455,0,87,32,12,0x7edbc8
6645,15646,16455,0,87,32,12,0x7ee148
6646,15647,16455,0,87,32,12,0x7ee6c8
6647,15648,16455,0,87,32,12,0x7eec48
6648,15649,16455,0,87,32,12,0x7ef1c8
6649,15650,16455,0,87,32,12,0x7ef748
6650,15651,16455,0,87,32,12,0x7efcc8
6651,15652,16455,0,87,32,12,0x7f0248
6652,15653,16455,0,87,32,12,0x7f07c8
6653,15654,16455,0,87,32,12,0x7f0d48
6654,15655,16455,0,87,32,12,0x7f12c8
6655,15656,16455,0,87,32,12,0x7f1848
6656,15657,16455,0,87,32,12,0x7f1dc8
6657,15658,16455,0,87,32,12,0x7f2348
6658,15659,16455,0,87,32,12,0x7f28c8
6659,15660,16455,0,87,32,12,0x7f2e48
6660,15661,16455,0,87,32,12,0x7f33c8
6661,15662,16455,0,87,32,12,0x7f3948
6662,15663,16455,0,87,32,12,0x7f3ec8
6663,15664,16455,0,87,32,12,0x7f4448
6664,15665,16455,0,87,32,12,0x7f49c8
6665,15666,16455,0,87,32,12,0x7f4f48
6666,15667,16455,0,87,32,12,0x7f54c8
6667,15668,16455,0,87,32,12,0x7f5a48
6668,15669,16455,0,87,32,12,0x7f5fc8
6669,15670,16455,0,87,32,12,0x7f6548
6670,15671,16455,0,87,32,12,0x7f6ac8
6671,15672,16455,0,87,32,12,0x7f7048
6672,15673,16455,0,87,32,12,0x7f75c8
6673,15674,16455,0,87,32,12,0x7f7b48
6674,15675,16455,0,87,32,12,0x7f80c8
6675,15676,16455,0,87,32,12,0x7f8648
6676,15677,16455,0,87,32,12,0x7f8bc8
6677,15678,16455,0,87,32,12,0x7f9148
6678,15679,16455,0,87,32,12,0x7f96c8
6679,15680,16455,0,87,32,12,0x7f9c48
6680,15681,16455,0,87,32,12,0x7fa1c8
6681,15682,16455,2,87,32,12,0x7fa748
6682,15683,14997,0,87,32,12,0x7facc8
6683,15684,14997,0,87,32,12,0x7fb248
6684,15685,14997,0,87,32,12,0x7fb7c8
6685,15686,14997,0,87,32,12,0x7fbd48
6686,15687,14997,0,87,32,12,0x7fc2c8
6687,15688,14997,0,87,32,12,0x7fc848
6688,15689,14997,0,87,32,12,0x7fcdc8
6689,15690,14997,0,87,32,12,0x7fd348
6690,15691,14997,0,87,32,12,0x7fd8c8
6691,15692,14997,0,87,32,12,0x7fde48
6692,15693,14997,0,87,32,12,0x7fe3c8
6693,15694,14997,0,87,32,12,0x7fe948
6694,15695,14997,0,87,32,12,0x7feec8
6695,15696,14997,0,87,32,12,0x7ff448
6696,15697,14997,0,87,32,12,0x7ff9c8
6697,15698,14997,0,87,32,12,0x800000
6698,15699,14997,0,87,32,12,0x800580
6699,15700,14997,0,87,32,12,0x800b00
6700,15701,14997,0,87,32,12,0x801080
6701,15702,14997,0,87,32,12,0x801600
6702,15703,14997,0,87,32,12,0x801b80
6703,15704,14997,0,87,32,12,0x802100
6704,15705,14997,0,87,32,12,0x802680
6705,15706,14997,0,87,32,12,0x802c00
6706,15707,14997,0,87,32,12,0x803180
6707,15708,14997,0,87,32,12,0x803700
6708,15709,14997,0,87,32,12,0x803c80
6709,15710,14997,0,87,32,12,0x804200
6710,15711,14997,0,87,32,12,0x804780
6711,15712,14997,0,87,32,12,0x804d00
6712,15713,14997,0,87,32,12,0x805280
6713,15714,14997,0,87,32,12,0x805800
6714,15715,14997,0,87,32,12,0x805d80
6715,15716,14997,0,87,32,12,0x806300
6716,15717,14997,2,87,32,12,0x806880
6717,15718,859,0,87,32,7,0x806e00
6718,15719,859,0,87,32,7,0x80719c
6719,15720,859,0,87,32,7,0x807598
6720,15721,859,0,87,32,7,0x807998
6721,15722,859,0,87,32,7,0x807d68
6722,15723,859,0,87,32,7,0x808168
6723,15724,859,0,87,32,7,0x80855c
6724,15725,859,0,87,32,7,0x808978
6725,15726,859,0,87,32,7,0x808dc4
6726,15727,859,0,87,32,7,0x809284
6727,15728,859,0,87,32,7,0x80975c
6728,15729,859,0,87,32,12,0x809c7c
6729,15730,859,0,87,32,12,0x80a1fc
6730,15731,859,0,87,32,12,0x80a77c
6731,15732,859,0,87,32,12,0x80acfc
6732,15733,859,0,87,32,12,0x80b27c
6733,15734,859,0,87,32,12,0x80b7fc
6734,15735,859,0,87,32,12,0x80bd7c
6735,15736,859,0,87,32,12,0x80c2fc
6736,15737,859,0,87,32,12,0x80c87c
6737,15738,859,0,87,32,12,0x80cdfc
6738,15739,859,0,87,32,12,0x80d37c
6739,15740,859,0,87,32,12,0x80d8fc
6740,15741,859,0,87,32,12,0x80de7c
6741,15742,859,0,87,32,12,0x80e3fc
6742,15743,859,0,87,32,12,0x80e97c
6743,15744,859,0,87,32,12,0x80eefc
6744,15745,859,0,87,32,12,0x80f47c
6745,15746,859,0,87,32,12,0x80f9fc
6746,15747,859,0,87,32,12,0x80ff7c
6747,15748,859,0,87,32,12,0x8104fc
6748,15749,859,0,87,32,12,0x810a7c
6749,15750,859,0,87,32,12,0x810ffc
6750,15751,859,0,87,32,12,0x81157c
6751,15752,859,0,87,32,12,0x811afc
6752,15753,859,0,87,32,12,0x81207c
6753,15754,859,0,87,32,12,0x8125fc
6754,15755,859,0,87,32,12,0x812b7c
6755,15756,859,0,87,32,12,0x8130fc
6756,15757,859,0,87,32,12,0x81367c
6757,15758,859,0,87,32,12,0x813bfc
6758,15759,859,0,87,32,12,0x81417c
6759,15760,859,2,87,32,12,0x8146fc
6760,15761,784,0,87,32,12,0x814c7c
6761,15762,784,0,87,32,12,0x8151fc
6762,15763,784,0,87,32,12,0x81577c
6763,15764,784,0,87,32,12,0x815cfc
6764,15765,784,0,87,32,12,0x81627c
6765,15766,784,0,87,32,12,0x8167fc
6766,15767,784,0,87,32,12,0x816d7c
6767,15768,784,0,87,32,12,0x8172fc
6768,15769,784,0,87,32,12,0x81787c
6769,15770,784,0,87,32,12,0x817dfc
6770,15771,784,0,87,32,12,0x81837c
6771,15772,784,0,87,32,12,0x8188fc
6772,15773,784,0,87,32,12,0x818e7c
6773,15774,784,0,87,32,12,0x8193fc
6774,15775,784,0,87,32,12,0x81997c
6775,15776,784,0,87,32,12,0x819efc
6776,15777,784,0,87,32,12,0x81a47c
6777,15778,784,0,87,32,12,0x81a9fc
6778,15779,784,0,87,32,12,0x81af7c
6779,15780,784,0,87,32,12,0x81b4fc
6780,15781,784,0,87,32,12,0x81ba7c
6781,15782,784,0,87,32,12,0x81bffc
6782,15783,784,2,87,32,7,0x81c57c
6783,15784,784,0,87,32,12,0x81cae0
6784,15785,784,0,87,32,12,0x81d060
6785,15786,784,0,87,32,12,0x81d5e0
6786,15787,784,0,87,32,12,0x81db60
6787,15788,784,0,87,32,12,0x81e0e0
6788,15789,784,0,87,32,12,0x81e660
6789,15790,784,0,87,32,12,0x81ebe0
6790,15791,784,0,87,32,12,0x81f160
6791,15792,784,0,87,32,12,0x81f6e0
6792,15793,784,0,87,32,12,0x81fc60
6793,15794,784,0,87,32,12,0x8201e0
6794,15795,784,0,87,32,12,0x820760
6795,15796,784,0,87,32,12,0x820ce0
6796,15797,784,0,87,32,12,0x821260
6797,15798,784,0,87,32,12,0x8217e0
6798,15799,784,0,87,32,12,0x821d60
6799,15800,784,0,87,32,12,0x8222e0
6800,15801,784,0,87,32,12,0x822860
6801,15802,784,0,87,32,12,0x822de0
6802,15803,784,0,87,32,12,0x823360
6803,15804,784,0,87,32,12,0x8238e0
6804,15805,784,0,87,32,12,0x823e60
6805,15806,784,0,87,32,12,0x8243e0
6806,15807,784,0,87,32,12,0x824960
6807,15808,784,0,87,32,12,0x824ee0
6808,15809,784,0,87,32,12,0x825460
6809,15810,784,0,87,32,12,0x8259e0
6810,15811,784,0,87,32,12,0x825f60
6811,15812,784,0,87,32,12,0x8264e0
6812,15813,784,0,87,32,12,0x826a60
6813,15814,784,0,87,32,12,0x826fe0
6814,15815,784,0,87,32,12,0x827560
6815,15816,784,0,87,32,12,0x827ae0
6816,15817,784,0,87,32,12,0x828060
6817,15818,784,0,87,32,12,0x8285e0
6818,15819,784,0,87,32,12,0x828b60
6819,15820,784,0,87,32,12,0x8290e0
6820,15821,784,0,87,32,12,0x829660
6821,15822,784,0,87,32,12,0x829be0
6822,15823,784,0,87,32,12,0x82a160
6823,15824,784,0,87,32,12,0x82a6e0
6824,15825,784,0,87,32,12,0x82ac60
6825,15826,784,0,87,32,12,0x82b1e0
6826,15827,784,0,87,32,12,0x82b760
6827,15828,784,0,87,32,12,0x82bce0
6828,15829,784,0,87,32,12,0x82c260
6829,15830,784,0,87,32,12,0x82c7e0
6830,15831,784,0,87,32,12,0x82cd60
6831,15832,784,0,87,32,12,0x82d2e0
6832,15833,784,0,87,32,12,0x82d860
6833,15834,784,2,87,32,12,0x82dde0
6834,15835,5836,0,87,32,12,0x82e360
6835,15836,5836,0,87,32,12,0x82e8e0
6836,15837,5836,0,87,32,12,0x82ee60
6837,15838,5836,0,87,32,12,0x82f3e0
6838,15839,5836,0,87,32,12,0x82f960
6839,15840,5836,0,87,32,12,0x82fee0
6840,15841,5836,0,87,32,12,0x830460
6841,15842,5836,0,87,32,12,0x8309e0
6842,15843,5836,0,87,32,12,0x830f60
6843,15844,5836,0,87,32,12,0x8314e0
6844,15845,5836,0,87,32,12,0x831a60
6845,15846,5836,0,87,32,12,0x831fe0
6846,15847,5836,0,87,32,12,0x832560
6847,15848,5836,0,87,32,12,0x832ae0
6848,15849,5836,0,87,32,12,0x833060
6849,15850,5836,0,87,32,12,0x8335e0
6850,15851,5836,0,87,32,12,0x833b60
6851,15852,5836,0,87,32,12,0x8340e0
6852,15853,5836,0,87,32,12,0x834660
6853,15854,5836,0,87,32,12,0x834be0
6854,15855,5836,0,87,32,12,0x835160
6855,15856,5836,0,87,32,12,0x8356e0
6856,15857,5836,0,87,32,12,0x835c60
6857,15858,5836,0,87,32,12,0x8361e0
6858,15859,5836,0,87,32,12,0x836760
6859,15860,5836,0,87,32,12,0x836ce0
6860,15861,5836,0,87,32,12,0x837260
6861,15862,5836,0,87,32,12,0x8377e0
6862,15863,5836,0,87,32,12,0x837d60
6863,15864,5836,0,87,32,12,0x8382e0
6864,15865,5836,0,87,32,12,0x838860
6865,15866,5836,0,87,32,12,0x838de0
6866,15867,5836,0,87,32,12,0x839360
6867,15868,5836,0,87,32,12,0x8398e0
6868,15869,5836,0,87,32,12,0x839e60
6869,15870,5836,0,87,32,12,0x83a3e0
6870,15871,5836,0,87,32,12,0x83a960
6871,15872,5836,0,87,32,12,0x83aee0
6872,15873,5836,0,87,32,12,0x83b460
6873,15874,5836,2,87,32,12,0x83b9e0
6874,15875,1563,0,87,32,12,0x83bf60
6875,15876,1563,0,87,32,12,0x83c4e0
6876,15877,1563,0,87,32,12,0x83ca60
6877,15878,1563,0,87,32,12,0x83cfe0
6878,15879,1563,0,87,32,12,0x83d560
6879,15880,1563,0,87,32,12,0x83dae0
6880,15881,1563,0,87,32,12,0x83e060
6881,15882,1563,0,87,32,12,0x83e5e0
6882,15883,1563,0,87,32,12,0x83eb60
6883,15884,1563,0,87,32,12,0x83f0e0
6884,15885,1563,0,87,32,12,0x83f660
6885,15886,1563,0,87,32,12,0x83fbe0
6886,15887,1563,0,87,32,12,0x840160
6887,15888,1563,0,87,32,12,0x8406e0
6888,15889,1563,0,87,32,12,0x840c60
6889,15890,1563,0,87,32,12,0x8411e0
6890,15891,1563,0,87,32,12,0x841760
6891,15892,1563,0,87,32,12,0x841ce0
6892,15893,1563,0,87,32,12,0x842260
6893,15894,1563,0,87,32,12,0x8427e0
6894,15895,1563,0,87,32,12,0x842d60
6895,15896,1563,0,87,32,12,0x8432e0
6896,15897,1563,0,87,32,12,0x843860
6897,15898,1563,0,87,32,12,0x843de0
6898,15899,1563,0,87,32,12,0x844360
6899,15900,1563,0,87,32,12,0x8448e0
6900,15901,1563,0,87,32,12,0x844e60
6901,15902,1563,0,87,32,12,0x8453e0
6902,15903,1563,0,87,32,12,0x845960
6903,15904,1563,0,87,32,12,0x845ee0
6904,15905,1563,0,87,32,12,0x846460
6905,15906,1563,0,87,32,12,0x8469e0
6906,15907,1563,2,87,32,12,0x846f60
6907,15908,15003,0,87,32,12,0x8474e0
6908,15909,15003,0,87,32,12,0x847a60
6909,15910,15003,0,87,32,12,0x847fe0
6910,15911,15003,0,87,32,12,0x848560
6911,15912,15003,0,87,32,12,0x848ae0
6912,15913,15003,0,87,32,12,0x849060
6913,15914,15003,0,87,32,12,0x8495e0
6914,15915,15003,0,87,32,12,0x849b60
6915,15916,15003,0,87,32,1,0x84a0e0
6916,15917,15003,0,87,32,12,0x84a4c0
6917,15918,15003,0,87,32,12,0x84aa40
6918,15919,15003,0,87,32,12,0x84afc0
6919,15920,15003,0,87,32,12,0x84b540
6920,15921,15003,0,87,32,12,0x84bac0
6921,15922,15003,0,87,32,12,0x84c040
6922,15923,15003,0,87,32,12,0x84c5c0
6923,15924,15003,0,87,32,12,0x84cb40
6924,15925,15003,0,87,32,12,0x84d0c0
6925,15926,15003,0,87,32,12,0x84d640
6926,15927,15003,0,87,32,12,0x84dbc0
6927,15928,15003,0,87,32,12,0x84e140
6928,15929,15003,0,87,32,12,0x84e6c0
6929,15930,15003,0,87,32,12,0x84ec40
6930,15931,15003,0,87,32,12,0x84f1c0
6931,15932,15003,0,87,32,12,0x84f740
6932,15933,15003,0,87,32,12,0x84fcc0
6933,15934,15003,0,87,32,12,0x850240
6934,15935,15003,0,87,32,12,0x8507c0
6935,15936,15003,0,87,32,12,0x850d40
6936,15937,15003,0,87,32,12,0x8512c0
6937,15938,15003,0,87,32,12,0x851840
6938,15939,15003,0,87,32,12,0x851dc0
6939,15940,15003,0,87,32,12,0x852340
6940,15941,15003,0,87,32,12,0x8528c0
6941,15942,15003,0,87,32,12,0x852e40
6942,15943,15003,0,87,32,12,0x8533c0
6943,15944,15003,0,87,32,12,0x853940
6944,15945,15003,0,87,32,12,0x853ec0
6945,15946,15003,0,87,32,12,0x854440
6946,15947,15003,0,87,32,12,0x8549c0
6947,15948,15003,0,87,32,7,0x854f40
6948,15949,15003,0,87,32,12,0x8554bc
6949,15950,15003,0,87,32,12,0x855a3c
6950,15951,15003,0,87,32,12,0x855fbc
6951,15952,15003,0,87,32,12,0x85653c
6952,15953,15003,0,87,32,12,0x856abc
6953,15954,15003,0,87,32,12,0x85703c
6954,15955,15003,0,87,32,7,0x8575bc
6955,15956,15003,0,87,32,12,0x857b2c
6956,15957,15003,0,87,32,12,0x8580ac
6957,15958,15003,0,87,32,7,0x85862c
6958,15959,15003,0,87,32,7,0x858b84
6959,15960,15003,0,87,32,12,0x8590c8
6960,15961,15003,0,87,32,12,0x859648
6961,15962,15003,0,87,32,1,0x859bc8
6962,15963,15003,0,87,32,12,0x85a134
6963,15964,15003,0,87,32,12,0x85a6b4
6964,15965,15003,0,87,32,12,0x85ac34
6965,15966,15003,0,87,32,12,0x85b1b4
6966,15967,15003,2,87,32,12,0x85b734
6967,15968,12386,0,87,32,7,0x85bcb4
6968,15969,12386,0,87,32,7,0x85c1a0
6969,15970,12386,0,87,32,7,0x85c670
6970,15971,12386,0,87,32,7,0x85cb44
6971,15972,12386,0,87,32,7,0x85cfdc
6972,15973,12386,0,87,32,7,0x85d460
6973,15974,12386,0,87,32,7,0x85d8d4
6974,15975,12386,0,87,32,7,0x85dd6c
6975,15976,12386,0,87,32,7,0x85e1dc
6976,15977,12386,0,87,32,7,0x85e640
6977,15978,12386,0,87,32,7,0x85eb24
6978,15979,12386,0,87,32,7,0x85efb0
6979,15980,12386,0,87,32,12,0x85f4e8
6980,15981,12386,0,87,32,12,0x85fa68
6981,15982,12386,0,87,32,7,0x85ffe8
6982,15983,12386,0,87,32,7,0x860564
6983,15984,12386,0,87,32,7,0x860abc
6984,15985,12386,0,87,32,12,0x86102c
6985,15986,12386,0,87,32,12,0x8615ac
6986,15987,12386,0,87,32,12,0x861b2c
6987,15988,12386,0,87,32,12,0x8620ac
6988,15989,12386,0,87,32,12,0x86262c
6989,15990,12386,0,87,32,12,0x862bac
6990,15991,12386,0,87,32,12,0x86312c
6991,15992,12386,0,87,32,12,0x8636ac
6992,15993,12386,0,87,32,12,0x863c2c
6993,15994,12386,0,87,32,12,0x8641ac
6994,15995,12386,0,87,32,12,0x86472c
6995,15996,12386,0,87,32,12,0x864cac
6996,15997,12386,0,87,32,12,0x86522c
6997,15998,12386,0,87,32,12,0x8657ac
6998,15999,12386,0,87,32,12,0x865d2c
6999,16000,12386,0,87,32,12,0x8662ac
7000,16001,12386,0,87,32,12,0x86682c
7001,16002,12386,0,87,32,12,0x866dac
7002,16003,12386,0,87,32,12,0x86732c
7003,16004,12386,0,87,32,12,0x8678ac
7004,16005,12386,0,87,32,12,0x867e2c
7005,16006,12386,0,87,32,12,0x8683ac
7006,16007,12386,0,87,32,12,0x86892c
7007,16008,12386,0,87,32,12,0x868eac
7008,16009,12386,0,87,32,12,0x86942c
7009,16010,12386,0,87,32,12,0x8699ac
7010,16011,12386,0,87,32,12,0x869f2c
7011,16012,12386,0,87,32,12,0x86a4ac
7012,16013,12386,0,87,32,12,0x86aa2c
7013,16014,12386,0,87,32,12,0x86afac
7014,16015,12386,0,87,32,12,0x86b52c
7015,16016,12386,0,87,32,12,0x86baac
7016,16017,12386,0,87,32,12,0x86c02c
7017,16018,12386,0,87,32,12,0x86c5ac
7018,16019,12386,0,87,32,12,0x86cb2c
7019,16020,12386,0,87,32,12,0x86d0ac
7020,16021,12386,0,87,32,12,0x86d62c
7021,16022,12386,0,87,32,12,0x86dbac
7022,16023,12386,0,87,32,12,0x86e12c
7023,16024,12386,0,87,32,12,0x86e6ac
7024,16025,12386,0,87,32,12,0x86ec2c
7025,16026,12386,0,87,32,12,0x86f1ac
7026,16027,12386,0,87,32,12,0x86f72c
7027,16028,12386,0,87,32,12,0x86fcac
7028,16029,12386,0,87,32,12,0x87022c
7029,16030,12386,0,87,32,12,0x8707ac
7030,16031,12386,0,87,32,12,0x870d2c
7031,16032,12386,0,87,32,12,0x8712ac
7032,16033,12386,0,87,32,12,0x87182c
7033,16034,12386,0,87,32,12,0x871dac
7034,16035,12386,0,87,32,12,0x87232c
7035,16036,12386,0,87,32,12,0x8728ac
7036,16037,12386,0,87,32,12,0x872e2c
7037,16038,12386,0,87,32,12,0x8733ac
7038,16039,12386,0,87,32,12,0x87392c
7039,16040,12386,2,87,32,12,0x873eac
7040,16041,9520,0,87,32,12,0x87442c
7041,16042,9520,0,87,32,12,0x8749ac
7042,16043,9520,0,87,32,12,0x874f2c
7043,16044,9520,0,87,32,12,0x8754ac
7044,16045,9520,0,87,32,12,0x875a2c
7045,16046,9520,0,87,32,12,0x875fac
7046,16047,9520,0,87,32,12,0x87652c
7047,16048,9520,0,87,32,12,0x876aac
7048,16049,9520,0,87,32,12,0x87702c
7049,16050,9520,0,87,32,12,0x8775ac
7050,16051,9520,0,87,32,12,0x877b2c
7051,16052,9520,0,87,32,12,0x8780ac
7052,16053,9520,0,87,32,12,0x87862c
7053,16054,9520,0,87,32,12,0x878bac
7054,16055,9520,0,87,32,12,0x87912c
7055,16056,9520,0,87,32,12,0x8796ac
7056,16057,9520,0,87,32,12,0x879c2c
7057,16058,9520,0,87,32,12,0x87a1ac
7058,16059,9520,0,87,32,12,0x87a72c
7059,16060,9520,0,87,32,12,0x87acac
7060,16061,9520,0,87,32,12,0x87b22c
7061,16062,9520,0,87,32,12,0x87b7ac
7062,16063,9520,0,87,32,12,0x87bd2c
7063,16064,9520,0,87,32,12,0x87c2ac
7064,16065,9520,0,87,32,12,0x87c82c
7065,16066,9520,0,87,32,12,0x87cdac
7066,16067,9520,0,87,32,12,0x87d32c
7067,16068,9520,0,87,32,12,0x87d8ac
7068,16069,9520,0,87,32,12,0x87de2c
7069,16070,9520,2,87,32,12,0x87e3ac
7070,16071,9550,0,128,32,7,0x87e92c
7071,16072,9550,0,128,32,7,0x87ea1c
7072,16073,9550,0,128,32,7,0x87eb6c
7073,16074,9550,0,128,32,7,0x87ed28
7074,16075,9550,0,128,32,7,0x87ef64
7075,16076,9550,0,128,32,7,0x87f20c
7076,16077,9550,0,128,32,7,0x87f578
7077,16078,9550,0,128,32,7,0x87f8f4
7078,16079,9550,0,128,32,7,0x87fc40
7079,16080,9550,0,128,32,7,0x87fff8
7080,16081,9550,0,128,32,7,0x880398
7081,16082,9550,0,128,32,7,0x8807a4
7082,16083,9550,0,128,32,7,0x880b80
7083,16084,9550,0,128,32,7,0x880f70
7084,16085,9550,0,128,32,7,0x88132c
7085,16086,9550,0,128,32,7,0x8816cc
7086,16087,9550,0,128,32,7,0x881a08
7087,16088,9550,0,128,32,7,0x881d78
7088,16089,9550,0,128,32,7,0x882190
7089,16090,9550,0,128,32,7,0x8825cc
7090,16091,9550,0,128,32,7,0x882978
7091,16092,9550,0,128,32,7,0x882d04
7092,16093,9550,0,128,32,7,0x88301c
7093,16094,9550,0,128,32,7,0x8832a0
7094,16095,9550,0,128,32,7,0x8834a0
7095,16096,9550,0,128,32,1,0x8835f4
7096,16097,9550,0,128,32,7,0x8836d8
7097,16098,9550,0,128,32,7,0x8837c8
7098,16099,9550,0,128,32,7,0x883918
7099,16100,9550,0,128,32,7,0x883ad4
7100,16101,9550,0,128,32,7,0x883d10
7101,16102,9550,0,128,32,7,0x883fb8
7102,16103,9550,0,128,32,7,0x884324
7103,16104,9550,0,128,32,7,0x8846a0
7104,16105,9550,0,128,32,7,0x8849ec
7105,16106,9550,0,128,32,7,0x884da4
7106,16107,9550,0,128,32,7,0x885144
7107,16108,9550,0,128,32,7,0x885554
7108,16109,9550,0,128,32,7,0x885930
7109,16110,9550,0,128,32,7,0x885d20
7110,16111,9550,0,128,32,7,0x8860dc
7111,16112,9550,0,128,32,7,0x88647c
7112,16113,9550,0,128,32,7,0x8867b8
7113,16114,9550,0,128,32,7,0x886b28
7114,16115,9550,0,128,32,7,0x886f40
7115,16116,9550,0,128,32,7,0x88737c
7116,16117,9550,0,128,32,7,0x887728
7117,16118,9550,0,128,32,7,0x887ab4
7118,16119,9550,0,128,32,7,0x887dcc
7119,16120,9550,0,128,32,7,0x888050
7120,16121,9550,0,128,32,7,0x888250
7121,16122,9550,2,128,32,1,0x8883a4
7122,16123,11003,0,128,32,7,0x888488
7123,16124,11003,0,128,32,7,0x888578
7124,16125,11003,0,128,32,7,0x8886c8
7125,16126,11003,0,128,32,7,0x888884
7126,16127,11003,0,128,32,7,0x888abc
7127,16128,11003,0,128,32,7,0x888d64
7128,16129,11003,0,128,32,7,0x8890d0
7129,16130,11003,0,128,32,7,0x88944c
7130,16131,11003,0,128,32,7,0x889798
7131,16132,11003,0,128,32,7,0x889b50
7132,16133,11003,0,128,32,7,0x889ef0
7133,16134,11003,0,128,32,7,0x88a2fc
7134,16135,11003,0,128,32,7,0x88a6d8
7135,16136,11003,0,128,32,7,0x88aac8
7136,16137,11003,0,128,32,7,0x88ae84
7137,16138,11003,0,128,32,7,0x88b224
7138,16139,11003,0,128,32,7,0x88b560
7139,16140,11003,0,128,32,7,0x88b8d0
7140,16141,11003,0,128,32,7,0x88bce8
7141,16142,11003,0,128,32,7,0x88c218
7142,16143,11003,0,128,32,7,0x88c6c0
7143,16144,11003,0,128,32,7,0x88cafc
7144,16145,11003,4,128,32,7,0x88ce90
7145,16146,11003,5,128,32,9,0x88d1e0
7146,16147,11003,5,128,32,3,0x88d314
7147,16148,11003,1,128,32,3,0x88d390
7148,16149,11003,0,128,32,7,0x88d3c0
7149,16150,11003,0,128,32,7,0x88d65c
7150,16151,11003,0,128,32,7,0x88d908
7151,16152,11003,0,128,32,7,0x88dbb0
7152,16153,11003,0,128,32,7,0x88de7c
7153,16154,11003,0,128,32,7,0x88e168
7154,16155,11003,0,128,32,7,0x88e4a4
7155,16156,11003,0,128,32,1,0x88e7d0
7156,16157,11003,0,128,32,7,0x88eb38
7157,16158,11003,0,128,32,7,0x88edbc
7158,16159,11003,0,128,32,1,0x88ef80
7159,16160,11003,0,128,32,7,0x88f07c
7160,16161,11003,0,128,32,7,0x88f16c
7161,16162,11003,0,128,32,7,0x88f2bc
7162,16163,11003,0,128,32,7,0x88f478
7163,16164,11003,0,128,32,7,0x88f6b0
7164,16165,11003,0,128,32,7,0x88f958
7165,16166,11003,0,128,32,7,0x88fcc4
7166,16167,11003,0,128,32,7,0x890040
7167,16168,11003,0,128,32,7,0x89038c
7168,16169,11003,0,128,32,7,0x890744
7169,16170,11003,0,128,32,7,0x890ae4
7170,16171,11003,0,128,32,7,0x890ef4
7171,16172,11003,0,128,32,7,0x8912d0
7172,16173,11003,0,128,32,7,0x8916c0
7173,16174,11003,0,128,32,7,0x891a7c
7174,16175,11003,0,128,32,7,0x891e1c
7175,16176,11003,0,128,32,7,0x892158
7176,16177,11003,0,128,32,7,0x8924c8
7177,16178,11003,0,128,32,7,0x8928e0
7178,16179,11003,0,128,32,7,0x892e10
7179,16180,11003,0,128,32,7,0x8932b8
7180,16181,11003,0,128,32,7,0x8936f4
7181,16182,11003,4,128,32,7,0x893a88
7182,16183,11003,5,128,32,9,0x893dd8
7183,16184,11003,5,128,32,3,0x893f0c
7184,16185,11003,1,128,32,3,0x893f84
7185,16186,11003,0,128,32,7,0x893fb4
7186,16187,11003,0,128,32,7,0x894250
7187,16188,11003,0,128,32,7,0x8944fc
7188,16189,11003,0,128,32,7,0x8947a4
7189,16190,11003,0,128,32,7,0x894a70
7190,16191,11003,0,128,32,7,0x894d5c
7191,16192,11003,0,128,32,7,0x895098
7192,16193,11003,0,128,32,1,0x8953c4
7193,16194,11003,0,128,32,7,0x89572c
7194,16195,11003,0,128,32,7,0x8959b0
7195,16196,11003,2,128,32,1,0x895b74
7196,16197,11769,4,86,32,7,0x895c70
7197,16198,11769,5,86,32,9,0x896044
7198,16199,11769,1,86,32,9,0x896134
7199,16200,11769,0,86,32,7,0x8962f8
7200,16201,11769,0,86,32,7,0x8965e4
7201,16202,11769,0,86,32,7,0x89690c
7202,16203,11769,4,86,32,7,0x896c94
7203,16204,11769,3,86,32,3,0x897064
7204,16205,13027,4,128,32,7,0x897418
7205,16206,13027,5,128,32,3,0x89788c
7206,16207,13027,5,128,32,3,0x897a30
7207,16208,13027,1,128,32,9,0x897e88
7208,16209,13027,0,128,32,7,0x89829c
7209,16210,13027,0,128,32,7,0x89862c
7210,16211,13027,0,128,32,7,0x898a48
7211,16212,13027,0,128,32,7,0x898ed0
7212,16213,13027,4,128,32,7,0x899334
7213,16214,13027,5,128,32,9,0x89979c
7214,16215,13027,5,128,32,9,0x89984c
7215,16216,13027,5,128,32,9,0x89989c
7216,16217,13027,5,128,32,9,0x8998e0
7217,16218,13027,5,128,32,9,0x899940
7218,16219,13027,5,128,32,9,0x8999ac
7219,16220,13027,3,128,32,9,0x899ab4
7220,16221,21068,0,87,32,12,0x899b8c
7221,16222,21068,0,87,32,12,0x89a10c
7222,16223,21068,0,87,32,12,0x89a68c
7223,16224,21068,0,87,32,12,0x89ac0c
7224,16225,21068,0,87,32,7,0x89b18c
7225,16226,21068,0,87,32,7,0x89b654
7226,16227,21068,0,87,32,7,0x89b9e0
7227,16228,21068,0,87,32,12,0x89bec0
7228,16229,21068,0,87,32,12,0x89c440
7229,16230,21068,0,87,32,12,0x89c9c0
7230,16231,21068,0,87,32,12,0x89cf40
7231,16232,21068,0,87,32,12,0x89d4c0
7232,16233,21068,0,87,32,12,0x89da40
7233,16234,21068,0,87,32,12,0x89dfc0
7234,16235,21068,0,87,32,12,0x89e540
7235,16236,21068,0,87,32,12,0x89eac0
7236,16237,21068,0,87,32,12,0x89f040
7237,16238,21068,0,87,32,12,0x89f5c0
7238,16239,21068,0,87,32,12,0x89fb40
7239,16240,21068,0,87,32,12,0x8a00c0
7240,16241,21068,2,87,32,12,0x8a0640
7241,16242,13027,0,87,32,12,0x8a0bc0
7242,16243,13027,0,87,32,12,0x8a1140
7243,16244,13027,0,87,32,12,0x8a16c0
7244,16245,13027,0,87,32,12,0x8a1c40
7245,16246,13027,0,87,32,12,0x8a21c0
7246,16247,13027,0,87,32,12,0x8a2740
7247,16248,13027,0,87,32,12,0x8a2cc0
7248,16249,13027,0,87,32,12,0x8a3240
7249,16250,13027,0,87,32,12,0x8a37c0
7250,16251,13027,0,87,32,12,0x8a3d40
7251,16252,13027,0,87,32,12,0x8a42c0
7252,16253,13027,0,87,32,12,0x8a4840
7253,16254,13027,0,87,32,12,0x8a4dc0
7254,16255,13027,0,87,32,12,0x8a5340
7255,16256,13027,0,87,32,12,0x8a58c0
7256,16257,13027,0,87,32,12,0x8a5e40
7257,16258,13027,0,87,32,12,0x8a63c0
7258,16259,13027,0,87,32,12,0x8a6940
7259,16260,13027,0,87,32,12,0x8a6ec0
7260,16261,13027,2,87,32,12,0x8a7440
7261,16262,13175,0,87,32,12,0x8a79c0
7262,16263,13175,0,87,32,12,0x8a7f40
7263,16264,13175,0,87,32,12,0x8a84c0
7264,16265,13175,0,87,32,12,0x8a8a40
7265,16266,13175,0,87,32,12,0x8a8fc0
7266,16267,13175,0,87,32,12,0x8a9540
7267,16268,13175,0,87,32,12,0x8a9ac0
7268,16269,13175,0,87,32,12,0x8aa040
7269,16270,13175,0,87,32,12,0x8aa5c0
7270,16271,13175,0,87,32,12,0x8aab40
7271,16272,13175,0,87,32,12,0x8ab0c0
7272,16273,13175,0,87,32,12,0x8ab640
7273,16274,13175,0,87,32,12,0x8abbc0
7274,16275,13175,0,87,32,12,0x8ac140
7275,16276,13175,0,87,32,12,0x8ac6c0
7276,16277,13175,0,87,32,12,0x8acc40
7277,16278,13175,0,87,32,12,0x8ad1c0
7278,16279,13175,0,87,32,12,0x8ad740
7279,16280,13175,0,87,32,12,0x8adcc0
7280,16281,13175,0,87,32,12,0x8ae240
7281,16282,13175,0,87,32,12,0x8ae7c0
7282,16283,13175,0,87,32,12,0x8aed40
7283,16284,13175,0,87,32,12,0x8af2c0
7284,16285,13175,0,87,32,12,0x8af840
7285,16286,13175,0,87,32,12,0x8afdc0
7286,16287,13175,0,87,32,12,0x8b0340
7287,16288,13175,0,87,32,12,0x8b08c0
7288,16289,13175,2,87,32,12,0x8b0e40
7289,16290,13175,0,87,32,12,0x8b13c0
7290,16291,13175,0,87,32,12,0x8b1940
7291,16292,13175,0,87,32,12,0x8b1ec0
7292,16293,13175,0,87,32,12,0x8b2440
7293,16294,13175,0,87,32,12,0x8b29c0
7294,16295,13175,0,87,32,12,0x8b2f40
7295,16296,13175,0,87,32,12,0x8b34c0
7296,16297,13175,0,87,32,12,0x8b3a40
7297,16298,13175,0,87,32,12,0x8b3fc0
7298,16299,13175,0,87,32,12,0x8b4540
7299,16300,13175,0,87,32,12,0x8b4ac0
7300,16301,13175,0,87,32,12,0x8b5040
7301,16302,13175,0,87,32,12,0x8b55c0
7302,16303,13175,0,87,32,12,0x8b5b40
7303,16304,13175,0,87,32,12,0x8b60c0
7304,16305,13175,0,87,32,12,0x8b6640
7305,16306,13175,0,87,32,12,0x8b6bc0
7306,16307,13175,0,87,32,12,0x8b7140
7307,16308,13175,0,87,32,12,0x8b76c0
7308,16309,13175,0,87,32,12,0x8b7c40
7309,16310,13175,0,87,32,12,0x8b81c0
7310,16311,13175,0,87,32,12,0x8b8740
7311,16312,13175,0,87,32,12,0x8b8cc0
7312,16313,13175,0,87,32,12,0x8b9240
7313,16314,13175,0,87,32,12,0x8b97c0
7314,16315,13175,0,87,32,12,0x8b9d40
7315,16316,13175,0,87,32,12,0x8ba2c0
7316,16317,13175,2,87,32,12,0x8ba840
7317,16318,13175,0,87,32,12,0x8badc0
7318,16319,13175,0,87,32,12,0x8bb340
7319,16320,13175,0,87,32,12,0x8bb8c0
7320,16321,13175,0,87,32,12,0x8bbe40
7321,16322,13175,0,87,32,12,0x8bc3c0
7322,16323,13175,0,87,32,12,0x8bc940
7323,16324,13175,0,87,32,12,0x8bcec0
7324,16325,13175,0,87,32,12,0x8bd440
7325,16326,13175,0,87,32,12,0x8bd9c0
7326,16327,13175,0,87,32,12,0x8bdf40
7327,16328,13175,0,87,32,12,0x8be4c0
7328,16329,13175,0,87,32,12,0x8bea40
7329,16330,13175,0,87,32,12,0x8befc0
7330,16331,13175,0,87,32,12,0x8bf540
7331,16332,13175,0,87,32,12,0x8bfac0
7332,16333,13175,0,87,32,12,0x8c0040
7333,16334,13175,0,87,32,12,0x8c05c0
7334,16335,13175,0,87,32,12,0x8c0b40
7335,16336,13175,0,87,32,12,0x8c10c0
7336,16337,13175,0,87,32,12,0x8c1640
7337,16338,13175,0,87,32,12,0x8c1bc0
7338,16339,13175,0,87,32,12,0x8c2140
7339,16340,13175,0,87,32,12,0x8c26c0
7340,16341,13175,0,87,32,12,0x8c2c40
7341,16342,13175,0,87,32,12,0x8c31c0
7342,16343,13175,0,87,32,12,0x8c3740
7343,16344,13175,0,87,32,12,0x8c3cc0
7344,16345,13175,0,87,32,12,0x8c4240
7345,16346,13175,0,87,32,12,0x8c47c0
7346,16347,13175,0,87,32,12,0x8c4d40
7347,16348,13175,0,87,32,12,0x8c52c0
7348,16349,13175,2,87,32,12,0x8c5840
7349,16350,13175,0,87,32,12,0x8c5dc0
7350,16351,13175,0,87,32,12,0x8c6340
7351,16352,13175,0,87,32,12,0x8c68c0
7352,16353,13175,0,87,32,12,0x8c6e40
7353,16354,13175,0,87,32,12,0x8c73c0
7354,16355,13175,0,87,32,12,0x8c7940
7355,16356,13175,0,87,32,12,0x8c7ec0
7356,16357,13175,0,87,32,12,0x8c8440
7357,16358,13175,0,87,32,12,0x8c89c0
7358,16359,13175,0,87,32,12,0x8c8f40
7359,16360,13175,0,87,32,12,0x8c94c0
7360,16361,13175,0,87,32,12,0x8c9a40
7361,16362,13175,0,87,32,12,0x8c9fc0
7362,16363,13175,0,87,32,12,0x8ca540
7363,16364,13175,0,87,32,12,0x8caac0
7364,16365,13175,0,87,32,12,0x8cb040
7365,16366,13175,0,87,32,12,0x8cb5c0
7366,16367,13175,0,87,32,12,0x8cbb40
7367,16368,13175,0,87,32,12,0x8cc0c0
7368,16369,13175,0,87,32,12,0x8cc640
7369,16370,13175,2,87,32,12,0x8ccbc0
7370,16371,13175,0,87,32,12,0x8cd140
7371,16372,13175,0,87,32,12,0x8cd6c0
7372,16373,13175,0,87,32,12,0x8cdc40
7373,16374,13175,0,87,32,12,0x8ce1c0
7374,16375,13175,0,87,32,12,0x8ce740
7375,16376,13175,0,87,32,12,0x8cecc0
7376,16377,13175,0,87,32,12,0x8cf240
7377,16378,13175,0,87,32,12,0x8cf7c0
7378,16379,13175,0,87,32,12,0x8cfd40
7379,16380,13175,0,87,32,12,0x8d02c0
7380,16381,13175,0,87,32,12,0x8d0840
7381,16382,13175,0,87,32,12,0x8d0dc0
7382,16383,13175,0,87,32,12,0x8d1340
7383,16384,13175,0,87,32,12,0x8d18c0
7384,16385,13175,0,87,32,12,0x8d1e40
7385,16386,13175,0,87,32,12,0x8d23c0
7386,16387,13175,0,87,32,12,0x8d2940
7387,16388,13175,0,87,32,12,0x8d2ec0
7388,16389,13175,0,87,32,12,0x8d3440
7389,16390,13175,2,87,32,12,0x8d39c0
7390,16391,13175,0,87,32,12,0x8d3f40
7391,16392,13175,0,87,32,12,0x8d44c0
7392,16393,13175,0,87,32,12,0x8d4a40
7393,16394,13175,0,87,32,12,0x8d4fc0
7394,16395,13175,0,87,32,12,0x8d5540
7395,16396,13175,0,87,32,12,0x8d5ac0
7396,16397,13175,0,87,32,12,0x8d6040
7397,16398,13175,0,87,32,12,0x8d65c0
7398,16399,13175,0,87,32,12,0x8d6b40
7399,16400,13175,0,87,32,12,0x8d70c0
7400,16401,13175,0,87,32,12,0x8d7640
7401,16402,13175,0,87,32,12,0x8d7bc0
7402,16403,13175,0,87,32,12,0x8d8140
7403,16404,13175,0,87,32,12,0x8d86c0
7404,16405,13175,0,87,32,12,0x8d8c40
7405,16406,13175,0,87,32,12,0x8d91c0
7406,16407,13175,0,87,32,12,0x8d9740
7407,16408,13175,0,87,32,12,0x8d9cc0
7408,16409,13175,0,87,32,12,0x8da240
7409,16410,13175,0,87,32,12,0x8da7c0
7410,16411,13175,0,87,32,12,0x8dad40
7411,16412,13175,0,87,32,12,0x8db2c0
7412,16413,13175,0,87,32,12,0x8db840
7413,16414,13175,0,87,32,12,0x8dbdc0
7414,16415,13175,0,87,32,12,0x8dc340
7415,16416,13175,0,87,32,12,0x8dc8c0
7416,16417,13175,0,87,32,12,0x8dce40
7417,16418,13175,0,87,32,12,0x8dd3c0
7418,16419,13175,0,87,32,12,0x8dd940
7419,16420,13175,2,87,32,12,0x8ddec0
7420,16421,9321,0,87,32,12,0x8de440
7421,16422,9321,0,87,32,12,0x8de9c0
7422,16423,9321,0,87,32,12,0x8def40
7423,16424,9321,0,87,32,12,0x8df4c0
7424,16425,9321,0,87,32,12,0x8dfa40
7425,16426,9321,0,87,32,12,0x8dffc0
7426,16427,9321,0,87,32,12,0x8e0540
7427,16428,9321,0,87,32,12,0x8e0ac0
7428,16429,9321,0,87,32,12,0x8e1040
7429,16430,9321,0,87,32,1,0x8e15c0
7430,16431,9321,0,87,32,1,0x8e1b28
7431,16432,9321,0,87,32,12,0x8e207c
7432,16433,9321,0,87,32,12,0x8e25fc
7433,16434,9321,2,87,32,12,0x8e2b7c
7434,16435,13005,0,87,32,12,0x8e30fc
7435,16436,13005,0,87,32,12,0x8e367c
7436,16437,13005,0,87,32,12,0x8e3bfc
7437,16438,13005,0,87,32,12,0x8e417c
7438,16439,13005,0,87,32,12,0x8e46fc
7439,16440,13005,0,87,32,12,0x8e4c7c
7440,16441,13005,0,87,32,12,0x8e51fc
7441,16442,13005,0,87,32,12,0x8e577c
7442,16443,13005,0,87,32,12,0x8e5cfc
7443,16444,13005,0,87,32,12,0x8e627c
7444,16445,13005,0,87,32,12,0x8e67fc
7445,16446,13005,0,87,32,12,0x8e6d7c
7446,16447,13005,0,87,32,12,0x8e72fc
7447,16448,13005,0,87,32,12,0x8e787c
7448,16449,13005,0,87,32,12,0x8e7dfc
7449,16450,13005,0,87,32,12,0x8e837c
7450,16451,13005,0,87,32,12,0x8e88fc
7451,16452,13005,0,87,32,12,0x8e8e7c
7452,16453,13005,0,87,32,12,0x8e93fc
7453,16454,13005,0,87,32,12,0x8e997c
7454,16455,13005,0,87,32,12,0x8e9efc
7455,16456,13005,0,87,32,12,0x8ea47c
7456,16457,13005,0,87,32,12,0x8ea9fc
7457,16458,13005,0,87,32,1,0x8eaf7c
7458,16459,13005,0,87,32,1,0x8eb4c0
7459,16460,13005,0,87,32,1,0x8eba08
7460,16461,13005,0,87,32,1,0x8ebf60
7461,16462,13005,0,87,32,12,0x8ec4c4
7462,16463,13005,0,87,32,12,0x8eca44
7463,16464,13005,0,87,32,12,0x8ecfc4
7464,16465,13005,0,87,32,12,0x8ed544
7465,16466,13005,0,87,32,12,0x8edac4
7466,16467,13005,0,87,32,12,0x8ee044
7467,16468,13005,0,87,32,1,0x8ee5c4
7468,16469,13005,0,87,32,1,0x8eead0
7469,16470,13005,0,87,32,1,0x8eef2c
7470,16471,13005,0,87,32,1,0x8ef350
7471,16472,13005,0,87,32,7,0x8ef758
7472,16473,13005,0,87,32,1,0x8efbb0
7473,16474,13005,0,87,32,1,0x8efff4
7474,16475,13005,0,87,32,1,0x8f050c
7475,16476,13005,0,87,32,1,0x8f0a40
7476,16477,13005,0,87,32,12,0x8f0fa8
7477,16478,13005,0,87,32,12,0x8f1528
7478,16479,13005,0,87,32,12,0x8f1aa8
7479,16480,13005,0,87,32,12,0x8f2028
7480,16481,13005,0,87,32,12,0x8f25a8
7481,16482,13005,0,87,32,12,0x8f2b28
7482,16483,13005,0,87,32,12,0x8f30a8
7483,16484,13005,0,87,32,12,0x8f3628
7484,16485,13005,0,87,32,12,0x8f3ba8
7485,16486,13005,0,87,32,12,0x8f4128
7486,16487,13005,0,87,32,12,0x8f46a8
7487,16488,13005,0,87,32,12,0x8f4c28
7488,16489,13005,2,87,32,12,0x8f51a8
7489,16490,13005,0,87,32,12,0x8f5728
7490,16491,13005,0,87,32,12,0x8f5ca8
7491,16492,13005,0,87,32,12,0x8f6228
7492,16493,13005,0,87,32,12,0x8f67a8
7493,16494,13005,0,87,32,12,0x8f6d28
7494,16495,13005,0,87,32,12,0x8f72a8
7495,16496,13005,0,87,32,12,0x8f7828
7496,16497,13005,0,87,32,12,0x8f7da8
7497,16498,13005,0,87,32,12,0x8f8328
7498,16499,13005,0,87,32,12,0x8f88a8
7499,16500,13005,0,87,32,12,0x8f8e28
7500,16501,13005,0,87,32,12,0x8f93a8
7501,16502,13005,0,87,32,12,0x8f9928
7502,16503,13005,0,87,32,12,0x8f9ea8
7503,16504,13005,0,87,32,12,0x8fa428
7504,16505,13005,0,87,32,12,0x8fa9a8
7505,16506,13005,0,87,32,12,0x8faf28
7506,16507,13005,0,87,32,12,0x8fb4a8
7507,16508,13005,0,87,32,12,0x8fba28
7508,16509,13005,0,87,32,12,0x8fbfa8
7509,16510,13005,0,87,32,12,0x8fc528
7510,16511,13005,0,87,32,12,0x8fcaa8
7511,16512,13005,0,87,32,12,0x8fd028
7512,16513,13005,0,87,32,12,0x8fd5a8
7513,16514,13005,0,87,32,12,0x8fdb28
7514,16515,13005,0,87,32,12,0x8fe0a8
7515,16516,13005,0,87,32,12,0x8fe628
7516,16517,13005,0,87,32,12,0x8feba8
7517,16518,13005,0,87,32,12,0x8ff128
7518,16519,13005,0,87,32,12,0x8ff6a8
7519,16520,13005,0,87,32,12,0x8ffc28
7520,16521,13005,0,87,32,12,0x9001a8
7521,16522,13005,0,87,32,12,0x900728
7522,16523,13005,0,87,32,12,0x900ca8
7523,16524,13005,0,87,32,12,0x901228
7524,16525,13005,0,87,32,12,0x9017a8
7525,16526,13005,0,87,32,12,0x901d28
7526,16527,13005,0,87,32,12,0x9022a8
7527,16528,13005,0,87,32,12,0x902828
7528,16529,13005,2,87,32,12,0x902da8
7529,16530,13005,0,87,32,12,0x903328
7530,16531,13005,0,87,32,12,0x9038a8
7531,16532,13005,0,87,32,12,0x903e28
7532,16533,13005,0,87,32,12,0x9043a8
7533,16534,13005,0,87,32,12,0x904928
7534,16535,13005,0,87,32,12,0x904ea8
7535,16536,13005,0,87,32,12,0x905428
7536,16537,13005,0,87,32,12,0x9059a8
7537,16538,13005,0,87,32,12,0x905f28
7538,16539,13005,0,87,32,12,0x9064a8
7539,16540,13005,0,87,32,12,0x906a28
7540,16541,13005,0,87,32,12,0x906fa8
7541,16542,13005,0,87,32,12,0x907528
7542,16543,13005,0,87,32,12,0x907aa8
7543,16544,13005,0,87,32,12,0x908028
7544,16545,13005,0,87,32,12,0x9085a8
7545,16546,13005,0,87,32,12,0x908b28
7546,16547,13005,0,87,32,12,0x9090a8
7547,16548,13005,0,87,32,12,0x909628
7548,16549,13005,0,87,32,12,0x909ba8
7549,16550,13005,0,87,32,12,0x90a128
7550,16551,13005,0,87,32,12,0x90a6a8
7551,16552,13005,0,87,32,12,0x90ac28
7552,16553,13005,2,87,32,12,0x90b1a8
7553,16554,13005,0,87,32,12,0x90b728
7554,16555,13005,0,87,32,12,0x90bca8
7555,16556,13005,0,87,32,12,0x90c228
7556,16557,13005,0,87,32,12,0x90c7a8
7557,16558,13005,0,87,32,12,0x90cd28
7558,16559,13005,0,87,32,12,0x90d2a8
7559,16560,13005,0,87,32,12,0x90d828
7560,16561,13005,0,87,32,12,0x90dda8
7561,16562,13005,0,87,32,12,0x90e328
7562,16563,13005,0,87,32,12,0x90e8a8
7563,16564,13005,0,87,32,12,0x90ee28
7564,16565,13005,0,87,32,12,0x90f3a8
7565,16566,13005,0,87,32,12,0x90f928
7566,16567,13005,0,87,32,12,0x90fea8
7567,16568,13005,0,87,32,12,0x910428
7568,16569,13005,0,87,32,12,0x9109a8
7569,16570,13005,0,87,32,12,0x910f28
7570,16571,13005,0,87,32,12,0x9114a8
7571,16572,13005,0,87,32,12,0x911a28
7572,16573,13005,0,87,32,12,0x911fa8
7573,16574,13005,0,87,32,12,0x912528
7574,16575,13005,0,87,32,12,0x912aa8
7575,16576,13005,0,87,32,12,0x913028
7576,16577,13005,0,87,32,12,0x9135a8
7577,16578,13005,0,87,32,12,0x913b28
7578,16579,13005,0,87,32,12,0x9140a8
7579,16580,13005,0,87,32,12,0x914628
7580,16581,13005,0,87,32,12,0x914ba8
7581,16582,13005,0,87,32,12,0x915128
7582,16583,13005,0,87,32,12,0x9156a8
7583,16584,13005,0,87,32,12,0x915c28
7584,16585,13005,0,87,32,12,0x9161a8
7585,16586,13005,0,87,32,12,0x916728
7586,16587,13005,0,87,32,12,0x916ca8
7587,16588,13005,0,87,32,12,0x917228
7588,16589,13005,0,87,32,12,0x9177a8
7589,16590,13005,0,87,32,12,0x917d28
7590,16591,13005,0,87,32,12,0x9182a8
7591,16592,13005,0,87,32,12,0x918828
7592,16593,13005,0,87,32,12,0x918da8
7593,16594,13005,2,87,32,12,0x919328
7594,16595,10779,0,87,32,1,0x9198a8
7595,16596,10779,0,87,32,1,0x919d4c
7596,16597,10779,0,87,32,1,0x91a1dc
7597,16598,10779,0,87,32,1,0x91a61c
7598,16599,10779,0,87,32,1,0x91aacc
7599,16600,10779,0,87,32,1,0x91afd0
7600,16601,10779,0,87,32,12,0x91b51c
7601,16602,10779,0,87,32,12,0x91ba9c
7602,16603,10779,0,87,32,12,0x91c01c
7603,16604,10779,0,87,32,12,0x91c59c
7604,16605,10779,0,87,32,12,0x91cb1c
7605,16606,10779,0,87,32,12,0x91d09c
7606,16607,10779,2,87,32,12,0x91d61c
7607,16608,14122,0,87,32,12,0x91db9c
7608,16609,14122,0,87,32,12,0x91e11c
7609,16610,14122,0,87,32,12,0x91e69c
7610,16611,14122,0,87,32,12,0x91ec1c
7611,16612,14122,0,87,32,12,0x91f19c
7612,16613,14122,0,87,32,12,0x91f71c
7613,16614,14122,0,87,32,12,0x91fc9c
7614,16615,14122,0,87,32,12,0x92021c
7615,16616,14122,0,87,32,12,0x92079c
7616,16617,14122,0,87,32,7,0x920d1c
7617,16618,14122,0,87,32,7,0x92125c
7618,16619,14122,0,87,32,7,0x921794
7619,16620,14122,0,87,32,12,0x921cb8
7620,16621,14122,0,87,32,12,0x922238
7621,16622,14122,0,87,32,12,0x9227b8
7622,16623,14122,0,87,32,12,0x922d38
7623,16624,14122,0,87,32,12,0x9232b8
7624,16625,14122,0,87,32,12,0x923838
7625,16626,14122,0,87,32,12,0x923db8
7626,16627,14122,0,87,32,12,0x924338
7627,16628,14122,0,87,32,12,0x9248b8
7628,16629,14122,0,87,32,12,0x924e38
7629,16630,14122,2,87,32,12,0x9253b8
7630,16631,20206,0,87,32,12,0x925938
7631,16632,20206,0,87,32,12,0x925eb8
7632,16633,20206,0,87,32,12,0x926438
7633,16634,20206,0,87,32,12,0x9269b8
7634,16635,20206,0,87,32,12,0x926f38
7635,16636,20206,0,87,32,12,0x9274b8
7636,16637,20206,0,87,32,12,0x927a38
7637,16638,20206,0,87,32,12,0x927fb8
7638,16639,20206,0,87,32,12,0x928538
7639,16640,20206,0,87,32,12,0x928ab8
7640,16641,20206,0,87,32,12,0x929038
7641,16642,20206,0,87,32,12,0x9295b8
7642,16643,20206,0,87,32,12,0x929b38
7643,16644,20206,0,87,32,12,0x92a0b8
7644,16645,20206,0,87,32,12,0x92a638
7645,16646,20206,0,87,32,12,0x92abb8
7646,16647,20206,0,87,32,12,0x92b138
7647,16648,20206,0,87,32,12,0x92b6b8
7648,16649,20206,0,87,32,12,0x92bc38
7649,16650,20206,0,87,32,12,0x92c1b8
7650,16651,20206,0,87,32,12,0x92c738
7651,16652,20206,0,87,32,12,0x92ccb8
7652,16653,20206,0,87,32,12,0x92d238
7653,16654,20206,0,87,32,12,0x92d7b8
7654,16655,20206,0,87,32,12,0x92dd38
7655,16656,20206,0,87,32,12,0x92e2b8
7656,16657,20206,0,87,32,12,0x92e838
7657,16658,20206,0,87,32,12,0x92edb8
7658,16659,20206,0,87,32,12,0x92f338
7659,16660,20206,0,87,32,12,0x92f8b8
7660,16661,20206,0,87,32,12,0x92fe38
7661,16662,20206,0,87,32,12,0x9303b8
7662,16663,20206,0,87,32,12,0x930938
7663,16664,20206,0,87,32,12,0x930eb8
7664,16665,20206,2,87,32,12,0x931438
7665,16666,12115,4,87,32,7,0x9319b8
7666,16667,12115,5,87,32,9,0x931d28
7667,16668,12115,5,87,32,9,0x93200c
7668,16669,12115,5,87,32,9,0x932310
7669,16670,12115,5,87,32,9,0x93264c
7670,16671,12115,5,87,32,9,0x9329a8
7671,16672,12115,5,87,32,9,0x932cbc
7672,16673,12115,5,87,32,9,0x932fe4
7673,16674,12115,5,87,32,9,0x933344
7674,16675,12115,5,87,32,9,0x933690
7675,16676,12115,5,87,32,9,0x9339dc
7676,16677,12115,5,87,32,9,0x933d34
7677,16678,12115,5,87,32,9,0x934074
7678,16679,12115,5,87,32,9,0x9343a8
7679,16680,12115,5,87,32,9,0x9346d0
7680,16681,12115,5,87,32,9,0x934a04
7681,16682,12115,3,87,32,9,0x934d28
7682,16683,5309,0,87,32,12,0x935034
7683,16684,5309,0,87,32,12,0x9355b4
7684,16685,5309,0,87,32,12,0x935b34
7685,16686,5309,0,87,32,12,0x9360b4
7686,16687,5309,0,87,32,12,0x936634
7687,16688,5309,0,87,32,12,0x936bb4
7688,16689,5309,0,87,32,12,0x937134
7689,16690,5309,0,87,32,12,0x9376b4
7690,16691,5309,0,87,32,12,0x937c34
7691,16692,5309,0,87,32,12,0x9381b4
7692,16693,5309,0,87,32,12,0x938734
7693,16694,5309,0,87,32,12,0x938cb4
7694,16695,5309,0,87,32,12,0x939234
7695,16696,5309,0,87,32,12,0x9397b4
7696,16697,5309,0,87,32,12,0x939d34
7697,16698,5309,0,87,32,12,0x93a2b4
7698,16699,5309,0,87,32,12,0x93a834
7699,16700,5309,0,87,32,12,0x93adb4
7700,16701,5309,0,87,32,12,0x93b334
7701,16702,5309,0,87,32,12,0x93b8b4
7702,16703,5309,0,87,32,12,0x93be34
7703,16704,5309,0,87,32,12,0x93c3b4
7704,16705,5309,0,87,32,12,0x93c934
7705,16706,5309,0,87,32,12,0x93ceb4
7706,16707,5309,2,87,32,12,0x93d434
7707,16708,778,4,87,32,12,0x93d9b4
7708,16709,778,5,87,32,9,0x93df34
7709,16710,778,5,87,32,9,0x93e430
7710,16711,778,5,87,32,9,0x93e934
7711,16712,778,5,87,32,9,0x93edbc
7712,16713,778,5,87,32,9,0x93f2f0
7713,16714,778,5,87,32,9,0x93f7cc
7714,16715,778,1,87,32,9,0x93fcb8
7715,16716,778,0,87,32,1,0x9401f4
7716,16717,778,0,87,32,7,0x940724
7717,16718,778,0,87,32,7,0x940c50
7718,16719,778,0,87,32,7,0x941180
7719,16720,778,4,87,32,1,0x94169c
7720,16721,778,1,87,32,9,0x941ba8
7721,16722,778,0,87,32,7,0x9420b8
7722,16723,778,0,87,32,1,0x9425bc
7723,16724,778,0,87,32,1,0x942aac
7724,16725,778,0,87,32,1,0x942fa8
7725,16726,778,0,87,32,1,0x9434b0
7726,16727,778,0,87,32,1,0x9439a4
7727,16728,778,0,87,32,1,0x943e8c
7728,16729,778,0,87,32,1,0x94436c
7729,16730,778,0,87,32,7,0x94484c
7730,16731,778,0,87,32,7,0x944cf0
7731,16732,778,0,87,32,7,0x945190
7732,16733,778,0,87,32,1,0x945624
7733,16734,778,0,87,32,7,0x945ad4
7734,16735,778,0,87,32,1,0x945f88
7735,16736,778,0,87,32,1,0x946430
7736,16737,778,0,87,32,1,0x9468bc
7737,16738,778,0,87,32,1,0x946d5c
7738,16739,778,0,87,32,1,0x9471e8
7739,16740,778,0,87,32,1,0x94765c
7740,16741,778,0,87,32,1,0x947a9c
7741,16742,778,0,87,32,1,0x947ee8
7742,16743,778,0,87,32,1,0x948308
7743,16744,778,0,87,32,1,0x94872c
7744,16745,778,0,87,32,1,0x948b50
7745,16746,778,0,87,32,1,0x948f54
7746,16747,778,0,87,32,1,0x949338
7747,16748,778,0,87,32,1,0x949704
7748,16749,778,4,87,32,1,0x949aec
7749,16750,778,1,87,32,3,0x949ef8
7750,16751,778,0,87,32,1,0x94a308
7751,16752,778,0,87,32,7,0x94a710
7752,16753,778,2,87,32,1,0x94aaec
7753,16754,9148,0,87,32,12,0x94aeb0
7754,16755,9148,0,87,32,12,0x94b430
7755,16756,9148,0,87,32,12,0x94b9b0
7756,16757,9148,0,87,32,12,0x94bf30
7757,16758,9148,0,87,32,12,0x94c4b0
7758,16759,9148,0,87,32,12,0x94ca30
7759,16760,9148,0,87,32,12,0x94cfb0
7760,16761,9148,0,87,32,12,0x94d530
7761,16762,9148,0,87,32,12,0x94dab0
7762,16763,9148,0,87,32,12,0x94e030
7763,16764,9148,0,87,32,12,0x94e5b0
7764,16765,9148,0,87,32,12,0x94eb30
7765,16766,9148,0,87,32,12,0x94f0b0
7766,16767,9148,0,87,32,12,0x94f630
7767,16768,9148,0,87,32,12,0x94fbb0
7768,16769,9148,0,87,32,12,0x950130
7769,16770,9148,0,87,32,12,0x9506b0
7770,16771,9148,0,87,32,12,0x950c30
7771,16772,9148,0,87,32,12,0x9511b0
7772,16773,9148,0,87,32,12,0x951730
7773,16774,9148,0,87,32,12,0x951cb0
7774,16775,9148,0,87,32,12,0x952230
7775,16776,9148,0,87,32,12,0x9527b0
7776,16777,9148,0,87,32,12,0x952d30
7777,16778,9148,0,87,32,12,0x9532b0
7778,16779,9148,0,87,32,12,0x953830
7779,16780,9148,0,87,32,12,0x953db0
7780,16781,9148,0,87,32,12,0x954330
7781,16782,9148,0,87,32,12,0x9548b0
7782,16783,9148,0,87,32,12,0x954e30
7783,16784,9148,2,87,32,12,0x9553b0
7784,16785,10343,0,87,32,12,0x955930
7785,16786,10343,0,87,32,12,0x955eb0
7786,16787,10343,0,87,32,12,0x956430
7787,16788,10343,0,87,32,12,0x9569b0
7788,16789,10343,0,87,32,12,0x956f30
7789,16790,10343,0,87,32,12,0x9574b0
7790,16791,10343,0,87,32,12,0x957a30
7791,16792,10343,0,87,32,12,0x957fb0
7792,16793,10343,0,87,32,12,0x958530
7793,16794,10343,0,87,32,12,0x958ab0
7794,16795,10343,0,87,32,12,0x959030
7795,16796,10343,0,87,32,12,0x9595b0
7796,16797,10343,0,87,32,12,0x959b30
7797,16798,10343,0,87,32,12,0x95a0b0
7798,16799,10343,0,87,32,12,0x95a630
7799,16800,10343,0,87,32,12,0x95abb0
7800,16801,10343,0,87,32,12,0x95b130
7801,16802,10343,0,87,32,12,0x95b6b0
7802,16803,10343,0,87,32,12,0x95bc30
7803,16804,10343,0,87,32,12,0x95c1b0
7804,16805,10343,0,87,32,12,0x95c730
7805,16806,10343,2,87,32,12,0x95ccb0
7806,16807,13281,0,87,32,12,0x95d230
7807,16808,13281,0,87,32,12,0x95d7b0
7808,16809,13281,0,87,32,12,0x95dd30
7809,16810,13281,0,87,32,12,0x95e2b0
7810,16811,13281,0,87,32,12,0x95e830
7811,16812,13281,0,87,32,12,0x95edb0
7812,16813,13281,0,87,32,12,0x95f330
7813,16814,13281,0,87,32,12,0x95f8b0
7814,16815,13281,0,87,32,12,0x95fe30
7815,16816,13281,0,87,32,12,0x9603b0
7816,16817,13281,0,87,32,12,0x960930
7817,16818,13281,0,87,32,12,0x960eb0
7818,16819,13281,0,87,32,12,0x961430
7819,16820,13281,0,87,32,12,0x9619b0
7820,16821,13281,0,87,32,12,0x961f30
7821,16822,13281,0,87,32,12,0x9624b0
7822,16823,13281,0,87,32,12,0x962a30
7823,16824,13281,0,87,32,12,0x962fb0
7824,16825,13281,0,87,32,12,0x963530
7825,16826,13281,0,87,32,12,0x963ab0
7826,16827,13281,0,87,32,12,0x964030
7827,16828,13281,0,87,32,12,0x9645b0
7828,16829,13281,0,87,32,12,0x964b30
7829,16830,13281,0,87,32,12,0x9650b0
7830,16831,13281,2,87,32,12,0x965630
7831,16832,12582,0,87,32,12,0x965bb0
7832,16833,12582,0,87,32,12,0x966130
7833,16834,12582,0,87,32,12,0x9666b0
7834,16835,12582,0,87,32,12,0x966c30
7835,16836,12582,0,87,32,12,0x9671b0
7836,16837,12582,0,87,32,12,0x967730
7837,16838,12582,0,87,32,12,0x967cb0
7838,16839,12582,0,87,32,12,0x968230
7839,16840,12582,0,87,32,12,0x9687b0
7840,16841,12582,0,87,32,12,0x968d30
7841,16842,12582,0,87,32,12,0x9692b0
7842,16843,12582,0,87,32,12,0x969830
7843,16844,12582,0,87,32,12,0x969db0
7844,16845,12582,0,87,32,12,0x96a330
7845,16846,12582,0,87,32,12,0x96a8b0
7846,16847,12582,0,87,32,12,0x96ae30
7847,16848,12582,0,87,32,12,0x96b3b0
7848,16849,12582,0,87,32,12,0x96b930
7849,16850,12582,0,87,32,12,0x96beb0
7850,16851,12582,0,87,32,12,0x96c430
7851,16852,12582,0,87,32,12,0x96c9b0
7852,16853,12582,0,87,32,12,0x96cf30
7853,16854,12582,0,87,32,12,0x96d4b0
7854,16855,12582,0,87,32,12,0x96da30
7855,16856,12582,0,87,32,12,0x96dfb0
7856,16857,12582,0,87,32,12,0x96e530
7857,16858,12582,0,87,32,12,0x96eab0
7858,16859,12582,0,87,32,12,0x96f030
7859,16860,12582,0,87,32,12,0x96f5b0
7860,16861,12582,0,87,32,12,0x96fb30
7861,16862,12582,0,87,32,12,0x9700b0
7862,16863,12582,0,87,32,12,0x970630
7863,16864,12582,0,87,32,12,0x970bb0
7864,16865,12582,0,87,32,12,0x971130
7865,16866,12582,0,87,32,12,0x9716b0
7866,16867,12582,0,87,32,12,0x971c30
7867,16868,12582,0,87,32,12,0x9721b0
7868,16869,12582,0,87,32,12,0x972730
7869,16870,12582,0,87,32,12,0x972cb0
7870,16871,12582,0,87,32,12,0x973230
7871,16872,12582,0,87,32,12,0x9737b0
7872,16873,12582,0,87,32,12,0x973d30
7873,16874,12582,0,87,32,12,0x9742b0
7874,16875,12582,0,87,32,12,0x974830
7875,16876,12582,0,87,32,12,0x974db0
7876,16877,12582,0,87,32,12,0x975330
7877,16878,12582,0,87,32,12,0x9758b0
7878,16879,12582,0,87,32,12,0x975e30
7879,16880,12582,0,87,32,12,0x9763b0
7880,16881,12582,0,87,32,12,0x976930
7881,16882,12582,0,87,32,12,0x976eb0
7882,16883,12582,0,87,32,12,0x977430
7883,16884,12582,0,87,32,12,0x9779b0
7884,16885,12582,0,87,32,12,0x977f30
7885,16886,12582,0,87,32,12,0x9784b0
7886,16887,12582,0,87,32,12,0x978a30
7887,16888,12582,0,87,32,12,0x978fb0
7888,16889,12582,0,87,32,12,0x979530
7889,16890,12582,0,87,32,12,0x979ab0
7890,16891,12582,0,87,32,12,0x97a030
7891,16892,12582,0,87,32,12,0x97a5b0
7892,16893,12582,0,87,32,12,0x97ab30
7893,16894,12582,0,87,32,12,0x97b0b0
7894,16895,12582,0,87,32,12,0x97b630
7895,16896,12582,0,87,32,12,0x97bbb0
7896,16897,12582,0,87,32,12,0x97c130
7897,16898,12582,0,87,32,12,0x97c6b0
7898,16899,12582,0,87,32,12,0x97cc30
7899,16900,12582,0,87,32,12,0x97d1b0
7900,16901,12582,0,87,32,12,0x97d730
7901,16902,12582,0,87,32,12,0x97dcb0
7902,16903,12582,0,87,32,12,0x97e230
7903,16904,12582,0,87,32,12,0x97e7b0
7904,16905,12582,0,87,32,12,0x97ed30
7905,16906,12582,0,87,32,12,0x97f2b0
7906,16907,12582,0,87,32,12,0x97f830
7907,16908,12582,0,87,32,12,0x97fdb0
7908,16909,12582,0,87,32,12,0x980330
7909,16910,12582,0,87,32,12,0x9808b0
7910,16911,12582,0,87,32,12,0x980e30
7911,16912,12582,0,87,32,12,0x9813b0
7912,16913,12582,0,87,32,12,0x981930
7913,16914,12582,0,87,32,12,0x981eb0
7914,16915,12582,0,87,32,12,0x982430
7915,16916,12582,0,87,32,12,0x9829b0
7916,16917,12582,0,87,32,12,0x982f30
7917,16918,12582,0,87,32,12,0x9834b0
7918,16919,12582,0,87,32,12,0x983a30
7919,16920,12582,0,87,32,12,0x983fb0
7920,16921,12582,0,87,32,12,0x984530
7921,16922,12582,0,87,32,12,0x984ab0
7922,16923,12582,0,87,32,12,0x985030
7923,16924,12582,0,87,32,12,0x9855b0
7924,16925,12582,2,87,32,12,0x985b30
7925,16926,18600,0,87,32,7,0x9860b0
7926,16927,18600,0,87,32,7,0x9864dc
7927,16928,18600,0,87,32,7,0x986918
7928,16929,18600,0,87,32,7,0x986d5c
7929,16930,18600,0,87,32,7,0x987164
7930,16931,18600,0,87,32,7,0x987584
7931,16932,18600,0,87,32,7,0x9879d4
7932,16933,18600,0,87,32,7,0x987e38
7933,16934,18600,0,87,32,7,0x9882dc
7934,16935,18600,0,87,32,7,0x988790
7935,16936,18600,0,87,32,7,0x988c80
7936,16937,18600,0,87,32,7,0x989150
7937,16938,18600,0,87,32,7,0x9895cc
7938,16939,18600,0,87,32,7,0x989860
7939,16940,18600,0,87,32,12,0x989ae0
7940,16941,18600,0,87,32,12,0x98a060
7941,16942,18600,0,87,32,12,0x98a5e0
7942,16943,18600,0,87,32,12,0x98ab60
7943,16944,18600,0,87,32,12,0x98b0e0
7944,16945,18600,0,87,32,12,0x98b660
7945,16946,18600,0,87,32,12,0x98bbe0
7946,16947,18600,0,87,32,12,0x98c160
7947,16948,18600,0,87,32,7,0x98c6e0
7948,16949,18600,0,87,32,7,0x98cc34
7949,16950,18600,0,87,32,7,0x98d1a0
7950,16951,18600,0,87,32,7,0x98d708
7951,16952,18600,0,87,32,7,0x98dc4c
7952,16953,18600,0,87,32,7,0x98e028
7953,16954,18600,0,87,32,12,0x98e4fc
7954,16955,18600,0,87,32,12,0x98ea7c
7955,16956,18600,0,87,32,12,0x98effc
7956,16957,18600,0,87,32,12,0x98f57c
7957,16958,18600,0,87,32,12,0x98fafc
7958,16959,18600,0,87,32,12,0x99007c
7959,16960,18600,0,87,32,12,0x9905fc
7960,16961,18600,0,87,32,12,0x990b7c
7961,16962,18600,0,87,32,12,0x9910fc
7962,16963,18600,0,87,32,12,0x99167c
7963,16964,18600,0,87,32,12,0x991bfc
7964,16965,18600,0,87,32,12,0x99217c
7965,16966,18600,0,87,32,12,0x9926fc
7966,16967,18600,0,87,32,12,0x992c7c
7967,16968,18600,2,87,32,12,0x9931fc
7968,16969,15345,0,62,32,7,0x99377c
7969,16970,15345,0,62,32,7,0x993ac4
7970,16971,15345,0,62,32,7,0x993e24
7971,16972,15345,0,62,32,7,0x9941ac
7972,16973,15345,0,62,32,7,0x994518
7973,16974,15345,0,62,32,7,0x994860
7974,16975,15345,2,62,32,7,0x994b7c
7975,16976,13966,0,117,32,7,0x994ec0
7976,16977,13966,0,117,32,7,0x99555c
7977,16978,13966,0,117,32,7,0x995bec
7978,16979,13966,0,117,32,7,0x996268
7979,16980,13966,0,117,32,7,0x9968e8
7980,16981,13966,0,117,32,7,0x996f68
7981,16982,13966,0,117,32,7,0x9975c8
7982,16983,13966,2,117,32,7,0x997c34
7983,16984,14562,0,108,32,7,0x9982cc
7984,16985,14562,0,108,32,7,0x998844
7985,16986,14562,0,108,32,7,0x998db0
7986,16987,14562,0,108,32,7,0x99930c
7987,16988,14562,0,108,32,7,0x999878
7988,16989,14562,2,108,32,7,0x999df4
7989,16990,14562,0,98,32,7,0x99a368
7990,16991,14562,0,98,32,7,0x99a950
7991,16992,14562,0,98,32,7,0x99af44
7992,16993,14562,0,98,32,7,0x99b550
7993,16994,14562,0,98,32,7,0x99bb50
7994,16995,14562,2,98,32,7,0x99c154
7995,16996,14427,0,110,32,7,0x99c718
7996,16997,14427,0,110,32,7,0x99cd3c
7997,16998,14427,0,110,32,7,0x99d378
7998,16999,14427,0,110,32,7,0x99d9f0
7999,17000,14427,0,110,32,7,0x99e058
8000,17001,14427,2,110,32,7,0x99e67c
8001,17002,14427,0,86,31,7,0x99ec2c
8002,17003,14427,0,86,31,7,0x99f170
8003,17004,14427,0,86,31,7,0x99f6bc
8004,17005,14427,0,86,31,7,0x99fbe8
8005,17006,14427,0,86,31,7,0x9a010c
8006,17007,14427,0,86,31,7,0x9a062c
8007,17008,14427,0,86,31,7,0x9a0b4c
8008,17009,14427,0,86,31,7,0x9a106c
8009,17010,14427,0,86,31,7,0x9a158c
8010,17011,14427,2,86,31,7,0x9a1ab8
8011,17012,13027,4,15,22,1,0x9a1fec
8012,17013,13027,1,15,22,9,0x9a2018
8013,17014,13027,0,15,22,1,0x9a2078
8014,17015,13027,4,15,22,1,0x9a2114
8015,17016,13027,5,15,22,3,0x9a21cc
8016,17017,13027,5,15,22,9,0x9a229c
8017,17018,13027,1,15,22,3,0x9a237c
8018,17019,13027,0,15,22,7,0x9a2478
8019,17020,13027,0,15,22,7,0x9a257c
8020,17021,13027,0,15,22,7,0x9a266c
8021,17022,13027,0,15,22,1,0x9a274c
8022,17023,13027,0,15,22,7,0x9a27fc
8023,17024,13027,0,15,22,1,0x9a2890
8024,17025,13027,2,15,22,1,0x9a28e0
8025,17026,13027,0,87,32,12,0x9a2904
8026,17027,13027,0,87,32,12,0x9a2e84
8027,17028,13027,0,87,32,12,0x9a3404
8028,17029,13027,0,87,32,12,0x9a3984
8029,17030,13027,0,87,32,12,0x9a3f04
8030,17031,13027,0,87,32,12,0x9a4484
8031,17032,13027,0,87,32,12,0x9a4a04
8032,17033,13027,0,87,32,12,0x9a4f84
8033,17034,13027,0,87,32,12,0x9a5504
8034,17035,13027,0,87,32,12,0x9a5a84
8035,17036,13027,0,87,32,12,0x9a6004
8036,17037,13027,0,87,32,12,0x9a6584
8037,17038,13027,0,87,32,12,0x9a6b04
8038,17039,13027,0,87,32,12,0x9a7084
8039,17040,13027,0,87,32,12,0x9a7604
8040,17041,13027,0,87,32,12,0x9a7b84
8041,17042,13027,0,87,32,12,0x9a8104
8042,17043,13027,2,87,32,12,0x9a8684
8043,17044,12967,0,87,32,1,0x9a8c04
8044,17045,12967,0,87,32,1,0x9a92d8
8045,17046,12967,0,87,32,1,0x9a99a4
8046,17047,12967,0,87,32,1,0x9aa080
8047,17048,12967,0,87,32,1,0x9aa7c0
8048,17049,12967,0,87,32,1,0x9aae30
8049,17050,12967,0,87,32,1,0x9ab29c
8050,17051,12967,0,87,32,1,0x9ab530
8051,17052,12967,2,87,32,7,0x9ab6a4
8052,17053,13027,0,87,32,12,0x9ab72c
8053,17054,13027,0,87,32,12,0x9abcac
8054,17055,13027,0,87,32,12,0x9ac22c
8055,17056,13027,0,87,32,12,0x9ac7ac
8056,17057,13027,0,87,32,12,0x9acd2c
8057,17058,13027,0,87,32,12,0x9ad2ac
8058,17059,13027,0,87,32,12,0x9ad82c
8059,17060,13027,0,87,32,12,0x9addac
8060,17061,13027,0,87,32,12,0x9ae32c
8061,17062,13027,0,87,32,12,0x9ae8ac
8062,17063,13027,0,87,32,12,0x9aee2c
8063,17064,13027,0,87,32,12,0x9af3ac
8064,17065,13027,0,87,32,12,0x9af92c
8065,17066,13027,0,87,32,12,0x9afeac
8066,17067,13027,0,87,32,12,0x9b042c
8067,17068,13027,0,87,32,12,0x9b09ac
8068,17069,13027,0,87,32,12,0x9b0f2c
8069,17070,13027,0,87,32,12,0x9b14ac
8070,17071,13027,0,87,32,12,0x9b1a2c
8071,17072,13027,0,87,32,12,0x9b1fac
8072,17073,13027,0,87,32,12,0x9b252c
8073,17074,13027,0,87,32,12,0x9b2aac
8074,17075,13027,0,87,32,12,0x9b302c
8075,17076,13027,0,87,32,12,0x9b35ac
8076,17077,13027,0,87,32,12,0x9b3b2c
8077,17078,13027,0,87,32,12,0x9b40ac
8078,17079,13027,0,87,32,12,0x9b462c
8079,17080,13027,0,87,32,12,0x9b4bac
8080,17081,13027,2,87,32,12,0x9b512c
8081,17082,12856,0,87,32,12,0x9b56ac
8082,17083,12856,0,87,32,12,0x9b5c2c
8083,17084,12856,0,87,32,12,0x9b61ac
8084,17085,12856,0,87,32,12,0x9b672c
8085,17086,12856,0,87,32,12,0x9b6cac
8086,17087,12856,0,87,32,12,0x9b722c
8087,17088,12856,0,87,32,12,0x9b77ac
8088,17089,12856,0,87,32,12,0x9b7d2c
8089,17090,12856,0,87,32,12,0x9b82ac
8090,17091,12856,0,87,32,12,0x9b882c
8091,17092,12856,0,87,32,12,0x9b8dac
8092,17093,12856,0,87,32,12,0x9b932c
8093,17094,12856,0,87,32,12,0x9b98ac
8094,17095,12856,0,87,32,12,0x9b9e2c
8095,17096,12856,0,87,32,12,0x9ba3ac
8096,17097,12856,0,87,32,12,0x9ba92c
8097,17098,12856,0,87,32,12,0x9baeac
8098,17099,12856,0,87,32,12,0x9bb42c
8099,17100,12856,0,87,32,12,0x9bb9ac
8100,17101,12856,0,87,32,12,0x9bbf2c
8101,17102,12856,0,87,32,12,0x9bc4ac
8102,17103,12856,0,87,32,12,0x9bca2c
8103,17104,12856,0,87,32,12,0x9bcfac
8104,17105,12856,0,87,32,12,0x9bd52c
8105,17106,12856,0,87,32,12,0x9bdaac
8106,17107,12856,0,87,32,12,0x9be02c
8107,17108,12856,0,87,32,12,0x9be5ac
8108,17109,12856,0,87,32,12,0x9beb2c
8109,17110,12856,0,87,32,12,0x9bf0ac
8110,17111,12856,0,87,32,12,0x9bf62c
8111,17112,12856,0,87,32,12,0x9bfbac
8112,17113,12856,0,87,32,12,0x9c012c
8113,17114,12856,0,87,32,12,0x9c06ac
8114,17115,12856,0,87,32,12,0x9c0c2c
8115,17116,12856,0,87,32,12,0x9c11ac
8116,17117,12856,0,87,32,12,0x9c172c
8117,17118,12856,0,87,32,12,0x9c1cac
8118,17119,12856,0,87,32,12,0x9c222c
8119,17120,12856,0,87,32,12,0x9c27ac
8120,17121,12856,2,87,32,12,0x9c2d2c
8121,17122,9321,0,87,32,12,0x9c32ac
8122,17123,9321,0,87,32,12,0x9c382c
8123,17124,9321,0,87,32,12,0x9c3dac
8124,17125,9321,0,87,32,12,0x9c432c
8125,17126,9321,0,87,32,12,0x9c48ac
8126,17127,9321,0,87,32,12,0x9c4e2c
8127,17128,9321,0,87,32,12,0x9c53ac
8128,17129,9321,0,87,32,12,0x9c592c
8129,17130,9321,0,87,32,12,0x9c5eac
8130,17131,9321,0,87,32,12,0x9c642c
8131,17132,9321,0,87,32,12,0x9c69ac
8132,17133,9321,0,87,32,12,0x9c6f2c
8133,17134,9321,0,87,32,12,0x9c74ac
8134,17135,9321,0,87,32,12,0x9c7a2c
8135,17136,9321,0,87,32,12,0x9c7fac
8136,17137,9321,0,87,32,12,0x9c852c
8137,17138,9321,0,87,32,12,0x9c8aac
8138,17139,9321,0,87,32,12,0x9c902c
8139,17140,9321,0,87,32,12,0x9c95ac
8140,17141,9321,0,87,32,12,0x9c9b2c
8141,17142,9321,0,87,32,12,0x9ca0ac
8142,17143,9321,0,87,32,12,0x9ca62c
8143,17144,9321,0,87,32,12,0x9cabac
8144,17145,9321,0,87,32,12,0x9cb12c
8145,17146,9321,0,87,32,12,0x9cb6ac
8146,17147,9321,0,87,32,12,0x9cbc2c
8147,17148,9321,0,87,32,12,0x9cc1ac
8148,17149,9321,0,87,32,12,0x9cc72c
8149,17150,9321,0,87,32,12,0x9cccac
8150,17151,9321,0,87,32,12,0x9cd22c
8151,17152,9321,0,87,32,12,0x9cd7ac
8152,17153,9321,0,87,32,12,0x9cdd2c
8153,17154,9321,0,87,32,12,0x9ce2ac
8154,17155,9321,0,87,32,12,0x9ce82c
8155,17156,9321,0,87,32,12,0x9cedac
8156,17157,9321,2,87,32,12,0x9cf32c
8157,17158,6079,0,87,32,12,0x9cf8ac
8158,17159,6079,0,87,32,12,0x9cfe2c
8159,17160,6079,0,87,32,12,0x9d03ac
8160,17161,6079,0,87,32,12,0x9d092c
8161,17162,6079,0,87,32,12,0x9d0eac
8162,17163,6079,0,87,32,12,0x9d142c
8163,17164,6079,0,87,32,12,0x9d19ac
8164,17165,6079,0,87,32,12,0x9d1f2c
8165,17166,6079,0,87,32,12,0x9d24ac
8166,17167,6079,0,87,32,12,0x9d2a2c
8167,17168,6079,0,87,32,12,0x9d2fac
8168,17169,6079,0,87,32,12,0x9d352c
8169,17170,6079,0,87,32,7,0x9d3aac
8170,17171,6079,0,87,32,1,0x9d4024
8171,17172,6079,0,87,32,12,0x9d4590
8172,17173,6079,0,87,32,12,0x9d4b10
8173,17174,6079,0,87,32,12,0x9d5090
8174,17175,6079,0,87,32,1,0x9d5610
8175,17176,6079,0,87,32,1,0x9d5b64
8176,17177,6079,0,87,32,12,0x9d60d0
8177,17178,6079,0,87,32,12,0x9d6650
8178,17179,6079,0,87,32,12,0x9d6bd0
8179,17180,6079,0,87,32,12,0x9d7150
8180,17181,6079,0,87,32,12,0x9d76d0
8181,17182,6079,0,87,32,12,0x9d7c50
8182,17183,6079,0,87,32,12,0x9d81d0
8183,17184,6079,0,87,32,12,0x9d8750
8184,17185,6079,0,87,32,12,0x9d8cd0
8185,17186,6079,0,87,32,12,0x9d9250
8186,17187,6079,0,87,32,12,0x9d97d0
8187,17188,6079,0,87,32,12,0x9d9d50
8188,17189,6079,0,87,32,12,0x9da2d0
8189,17190,6079,0,87,32,12,0x9da850
8190,17191,6079,0,87,32,12,0x9dadd0
8191,17192,6079,0,87,32,12,0x9db350
8192,17193,6079,0,87,32,12,0x9db8d0
8193,17194,6079,0,87,32,12,0x9dbe50
8194,17195,6079,0,87,32,12,0x9dc3d0
8195,17196,6079,0,87,32,12,0x9dc950
8196,17197,6079,0,87,32,12,0x9dced0
8197,17198,6079,0,87,32,12,0x9dd450
8198,17199,6079,0,87,32,12,0x9dd9d0
8199,17200,6079,0,87,32,12,0x9ddf50
8200,17201,6079,0,87,32,12,0x9de4d0
8201,17202,6079,0,87,32,12,0x9dea50
8202,17203,6079,0,87,32,12,0x9defd0
8203,17204,6079,0,87,32,12,0x9df550
8204,17205,6079,0,87,32,12,0x9dfad0
8205,17206,6079,0,87,32,12,0x9e0050
8206,17207,6079,0,87,32,12,0x9e05d0
8207,17208,6079,0,87,32,12,0x9e0b50
8208,17209,6079,0,87,32,12,0x9e10d0
8209,17210,6079,0,87,32,12,0x9e1650
8210,17211,6079,0,87,32,12,0x9e1bd0
8211,17212,6079,0,87,32,12,0x9e2150
8212,17213,6079,0,87,32,12,0x9e26d0
8213,17214,6079,0,87,32,12,0x9e2c50
8214,17215,6079,0,87,32,12,0x9e31d0
8215,17216,6079,0,87,32,12,0x9e3750
8216,17217,6079,0,87,32,12,0x9e3cd0
8217,17218,6079,0,87,32,12,0x9e4250
8218,17219,6079,0,87,32,12,0x9e47d0
8219,17220,6079,0,87,32,12,0x9e4d50
8220,17221,6079,0,87,32,12,0x9e52d0
8221,17222,6079,0,87,32,12,0x9e5850
8222,17223,6079,0,87,32,12,0x9e5dd0
8223,17224,6079,0,87,32,12,0x9e6350
8224,17225,6079,0,87,32,12,0x9e68d0
8225,17226,6079,0,87,32,12,0x9e6e50
8226,17227,6079,0,87,32,12,0x9e73d0
8227,17228,6079,0,87,32,12,0x9e7950
8228,17229,6079,0,87,32,12,0x9e7ed0
8229,17230,6079,0,87,32,12,0x9e8450
8230,17231,6079,0,87,32,12,0x9e89d0
8231,17232,6079,0,87,32,12,0x9e8f50
8232,17233,6079,0,87,32,12,0x9e94d0
8233,17234,6079,0,87,32,12,0x9e9a50
8234,17235,6079,0,87,32,12,0x9e9fd0
8235,17236,6079,0,87,32,12,0x9ea550
8236,17237,6079,0,87,32,12,0x9eaad0
8237,17238,6079,2,87,32,12,0x9eb050
8238,17239,15076,0,87,32,12,0x9eb5d0
8239,17240,15076,0,87,32,12,0x9ebb50
8240,17241,15076,0,87,32,12,0x9ec0d0
8241,17242,15076,0,87,32,12,0x9ec650
8242,17243,15076,0,87,32,12,0x9ecbd0
8243,17244,15076,0,87,32,12,0x9ed150
8244,17245,15076,0,87,32,12,0x9ed6d0
8245,17246,15076,0,87,32,12,0x9edc50
8246,17247,15076,0,87,32,12,0x9ee1d0
8247,17248,15076,0,87,32,12,0x9ee750
8248,17249,15076,0,87,32,12,0x9eecd0
8249,17250,15076,0,87,32,12,0x9ef250
8250,17251,15076,0,87,32,12,0x9ef7d0
8251,17252,15076,0,87,32,12,0x9efd50
8252,17253,15076,0,87,32,12,0x9f02d0
8253,17254,15076,0,87,32,12,0x9f0850
8254,17255,15076,0,87,32,12,0x9f0dd0
8255,17256,15076,0,87,32,12,0x9f1350
8256,17257,15076,0,87,32,12,0x9f18d0
8257,17258,15076,0,87,32,12,0x9f1e50
8258,17259,15076,0,87,32,12,0x9f23d0
8259,17260,15076,0,87,32,12,0x9f2950
8260,17261,15076,0,87,32,12,0x9f2ed0
8261,17262,15076,0,87,32,12,0x9f3450
8262,17263,15076,0,87,32,12,0x9f39d0
8263,17264,15076,0,87,32,12,0x9f3f50
8264,17265,15076,0,87,32,12,0x9f44d0
8265,17266,15076,0,87,32,12,0x9f4a50
8266,17267,15076,0,87,32,12,0x9f4fd0
8267,17268,15076,0,87,32,12,0x9f5550
8268,17269,15076,0,87,32,12,0x9f5ad0
8269,17270,15076,0,87,32,12,0x9f6050
8270,17271,15076,0,87,32,12,0x9f65d0
8271,17272,15076,0,87,32,12,0x9f6b50
8272,17273,15076,0,87,32,12,0x9f70d0
8273,17274,15076,0,87,32,12,0x9f7650
8274,17275,15076,0,87,32,12,0x9f7bd0
8275,17276,15076,0,87,32,12,0x9f8150
8276,17277,15076,0,87,32,12,0x9f86d0
8277,17278,15076,0,87,32,12,0x9f8c50
8278,17279,15076,0,87,32,12,0x9f91d0
8279,17280,15076,0,87,32,12,0x9f9750
8280,17281,15076,0,87,32,12,0x9f9cd0
8281,17282,15076,0,87,32,12,0x9fa250
8282,17283,15076,0,87,32,12,0x9fa7d0
8283,17284,15076,0,87,32,12,0x9fad50
8284,17285,15076,0,87,32,12,0x9fb2d0
8285,17286,15076,0,87,32,12,0x9fb850
8286,17287,15076,0,87,32,12,0x9fbdd0
8287,17288,15076,0,87,32,12,0x9fc350
8288,17289,15076,0,87,32,12,0x9fc8d0
8289,17290,15076,0,87,32,12,0x9fce50
8290,17291,15076,0,87,32,12,0x9fd3d0
8291,17292,15076,0,87,32,12,0x9fd950
8292,17293,15076,0,87,32,12,0x9fded0
8293,17294,15076,0,87,32,12,0x9fe450
8294,17295,15076,2,87,32,12,0x9fe9d0
8295,17296,775,0,87,32,12,0x9fef50
8296,17297,775,0,87,32,12,0x9ff4d0
8297,17298,775,0,87,32,12,0x9ffa50
8298,17299,775,0,87,32,12,0x9fffd0
8299,17300,775,0,87,32,12,0xa00550
8300,17301,775,0,87,32,12,0xa00ad0
8301,17302,775,0,87,32,12,0xa01050
8302,17303,775,0,87,32,12,0xa015d0
8303,17304,775,0,87,32,12,0xa01b50
8304,17305,775,0,87,32,12,0xa020d0
8305,17306,775,0,87,32,12,0xa02650
8306,17307,775,0,87,32,12,0xa02bd0
8307,17308,775,0,87,32,12,0xa03150
8308,17309,775,0,87,32,12,0xa036d0
8309,17310,775,0,87,32,12,0xa03c50
8310,17311,775,0,87,32,12,0xa041d0
8311,17312,775,0,87,32,12,0xa04750
8312,17313,775,0,87,32,12,0xa04cd0
8313,17314,775,0,87,32,12,0xa05250
8314,17315,775,0,87,32,12,0xa057d0
8315,17316,775,0,87,32,12,0xa05d50
8316,17317,775,0,87,32,12,0xa062d0
8317,17318,775,0,87,32,12,0xa06850
8318,17319,775,0,87,32,12,0xa06dd0
8319,17320,775,0,87,32,12,0xa07350
8320,17321,775,0,87,32,12,0xa078d0
8321,17322,775,0,87,32,12,0xa07e50
8322,17323,775,0,87,32,12,0xa083d0
8323,17324,775,0,87,32,12,0xa08950
8324,17325,775,0,87,32,12,0xa08ed0
8325,17326,775,0,87,32,12,0xa09450
8326,17327,775,0,87,32,12,0xa099d0
8327,17328,775,0,87,32,12,0xa09f50
8328,17329,775,0,87,32,12,0xa0a4d0
8329,17330,775,0,87,32,12,0xa0aa50
8330,17331,775,0,87,32,12,0xa0afd0
8331,17332,775,0,87,32,12,0xa0b550
8332,17333,775,0,87,32,12,0xa0bad0
8333,17334,775,0,87,32,12,0xa0c050
8334,17335,775,0,87,32,12,0xa0c5d0
8335,17336,775,0,87,32,12,0xa0cb50
8336,17337,775,0,87,32,12,0xa0d0d0
8337,17338,775,0,87,32,12,0xa0d650
8338,17339,775,0,87,32,12,0xa0dbd0
8339,17340,775,2,87,32,12,0xa0e150
8340,17341,14797,0,87,32,12,0xa0e6d0
8341,17342,14797,0,87,32,12,0xa0ec50
8342,17343,14797,0,87,32,12,0xa0f1d0
8343,17344,14797,0,87,32,12,0xa0f750
8344,17345,14797,0,87,32,12,0xa0fcd0
8345,17346,14797,0,87,32,12,0xa10250
8346,17347,14797,0,87,32,12,0xa107d0
8347,17348,14797,0,87,32,12,0xa10d50
8348,17349,14797,0,87,32,12,0xa112d0
8349,17350,14797,0,87,32,12,0xa11850
8350,17351,14797,0,87,32,12,0xa11dd0
8351,17352,14797,0,87,32,12,0xa12350
8352,17353,14797,0,87,32,12,0xa128d0
8353,17354,14797,0,87,32,12,0xa12e50
8354,17355,14797,0,87,32,12,0xa133d0
8355,17356,14797,0,87,32,12,0xa13950
8356,17357,14797,0,87,32,12,0xa13ed0
8357,17358,14797,0,87,32,12,0xa14450
8358,17359,14797,0,87,32,12,0xa149d0
8359,17360,14797,0,87,32,12,0xa14f50
8360,17361,14797,0,87,32,12,0xa154d0
8361,17362,14797,0,87,32,12,0xa15a50
8362,17363,14797,0,87,32,12,0xa15fd0
8363,17364,14797,0,87,32,12,0xa16550
8364,17365,14797,2,87,32,12,0xa16ad0
8365,17366,14220,0,87,32,12,0xa17050
8366,17367,14220,0,87,32,12,0xa175d0
8367,17368,14220,0,87,32,12,0xa17b50
8368,17369,14220,0,87,32,12,0xa180d0
8369,17370,14220,0,87,32,12,0xa18650
8370,17371,14220,0,87,32,12,0xa18bd0
8371,17372,14220,0,87,32,12,0xa19150
8372,17373,14220,0,87,32,12,0xa196d0
8373,17374,14220,0,87,32,12,0xa19c50
8374,17375,14220,0,87,32,12,0xa1a1d0
8375,17376,14220,0,87,32,12,0xa1a750
8376,17377,14220,0,87,32,12,0xa1acd0
8377,17378,14220,0,87,32,12,0xa1b250
8378,17379,14220,0,87,32,12,0xa1b7d0
8379,17380,14220,0,87,32,12,0xa1bd50
8380,17381,14220,0,87,32,12,0xa1c2d0
8381,17382,14220,0,87,32,12,0xa1c850
8382,17383,14220,0,87,32,12,0xa1cdd0
8383,17384,14220,0,87,32,12,0xa1d350
8384,17385,14220,0,87,32,12,0xa1d8d0
8385,17386,14220,0,87,32,12,0xa1de50
8386,17387,14220,0,87,32,12,0xa1e3d0
8387,17388,14220,0,87,32,12,0xa1e950
8388,17389,14220,0,87,32,12,0xa1eed0
8389,17390,14220,0,87,32,12,0xa1f450
8390,17391,14220,2,87,32,12,0xa1f9d0
8391,17392,15237,0,87,32,12,0xa1ff50
8392,17393,15237,0,87,32,12,0xa204d0
8393,17394,15237,0,87,32,12,0xa20a50
8394,17395,15237,0,87,32,12,0xa20fd0
8395,17396,15237,0,87,32,12,0xa21550
8396,17397,15237,0,87,32,12,0xa21ad0
8397,17398,15237,0,87,32,12,0xa22050
8398,17399,15237,0,87,32,12,0xa225d0
8399,17400,15237,0,87,32,12,0xa22b50
8400,17401,15237,0,87,32,12,0xa230d0
8401,17402,15237,0,87,32,12,0xa23650
8402,17403,15237,0,87,32,12,0xa23bd0
8403,17404,15237,0,87,32,12,0xa24150
8404,17405,15237,0,87,32,12,0xa246d0
8405,17406,15237,0,87,32,12,0xa24c50
8406,17407,15237,0,87,32,12,0xa251d0
8407,17408,15237,0,87,32,12,0xa25750
8408,17409,15237,0,87,32,12,0xa25cd0
8409,17410,15237,0,87,32,12,0xa26250
8410,17411,15237,0,87,32,12,0xa267d0
8411,17412,15237,2,87,32,12,0xa26d50
8412,17413,14756,0,87,32,12,0xa272d0
8413,17414,14756,0,87,32,12,0xa27850
8414,17415,14756,0,87,32,12,0xa27dd0
8415,17416,14756,0,87,32,12,0xa28350
8416,17417,14756,0,87,32,12,0xa288d0
8417,17418,14756,0,87,32,12,0xa28e50
8418,17419,14756,0,87,32,12,0xa293d0
8419,17420,14756,0,87,32,12,0xa29950
8420,17421,14756,0,87,32,12,0xa29ed0
8421,17422,14756,0,87,32,12,0xa2a450
8422,17423,14756,0,87,32,12,0xa2a9d0
8423,17424,14756,0,87,32,12,0xa2af50
8424,17425,14756,0,87,32,12,0xa2b4d0
8425,17426,14756,0,87,32,12,0xa2ba50
8426,17427,14756,0,87,32,12,0xa2bfd0
8427,17428,14756,0,87,32,12,0xa2c550
8428,17429,14756,0,87,32,12,0xa2cad0
8429,17430,14756,0,87,32,12,0xa2d050
8430,17431,14756,0,87,32,12,0xa2d5d0
8431,17432,14756,0,87,32,12,0xa2db50
8432,17433,14756,0,87,32,12,0xa2e0d0
8433,17434,14756,0,87,32,12,0xa2e650
8434,17435,14756,0,87,32,12,0xa2ebd0
8435,17436,14756,0,87,32,12,0xa2f150
8436,17437,14756,0,87,32,12,0xa2f6d0
8437,17438,14756,0,87,32,12,0xa2fc50
8438,17439,14756,0,87,32,12,0xa301d0
8439,17440,14756,0,87,32,12,0xa30750
8440,17441,14756,0,87,32,12,0xa30cd0
8441,17442,14756,0,87,32,12,0xa31250
8442,17443,14756,0,87,32,12,0xa317d0
8443,17444,14756,0,87,32,12,0xa31d50
8444,17445,14756,0,87,32,12,0xa322d0
8445,17446,14756,0,87,32,12,0xa32850
8446,17447,14756,0,87,32,12,0xa32dd0
8447,17448,14756,0,87,32,12,0xa33350
8448,17449,14756,0,87,32,12,0xa338d0
8449,17450,14756,0,87,32,12,0xa33e50
8450,17451,14756,0,87,32,12,0xa343d0
8451,17452,14756,0,87,32,12,0xa34950
8452,17453,14756,0,87,32,12,0xa34ed0
8453,17454,14756,0,87,32,12,0xa35450
8454,17455,14756,0,87,32,12,0xa359d0
8455,17456,14756,0,87,32,12,0xa35f50
8456,17457,14756,0,87,32,12,0xa364d0
8457,17458,14756,0,87,32,12,0xa36a50
8458,17459,14756,0,87,32,12,0xa36fd0
8459,17460,14756,0,87,32,12,0xa37550
8460,17461,14756,0,87,32,12,0xa37ad0
8461,17462,14756,0,87,32,12,0xa38050
8462,17463,14756,0,87,32,12,0xa385d0
8463,17464,14756,0,87,32,12,0xa38b50
8464,17465,14756,0,87,32,12,0xa390d0
8465,17466,14756,0,87,32,12,0xa39650
8466,17467,14756,0,87,32,12,0xa39bd0
8467,17468,14756,0,87,32,12,0xa3a150
8468,17469,14756,0,87,32,12,0xa3a6d0
8469,17470,14756,2,87,32,12,0xa3ac50
8470,17471,9807,0,87,32,12,0xa3b1d0
8471,17472,9807,0,87,32,12,0xa3b750
8472,17473,9807,0,87,32,1,0xa3bcd0
8473,17474,9807,0,87,32,1,0xa3c148
8474,17475,9807,0,87,32,1,0xa3c518
8475,17476,9807,0,87,32,12,0xa3c9e0
8476,17477,9807,0,87,32,12,0xa3cf60
8477,17478,9807,0,87,32,12,0xa3d4e0
8478,17479,9807,0,87,32,12,0xa3da60
8479,17480,9807,0,87,32,12,0xa3dfe0
8480,17481,9807,0,87,32,12,0xa3e560
8481,17482,9807,0,87,32,12,0xa3eae0
8482,17483,9807,0,87,32,12,0xa3f060
8483,17484,9807,0,87,32,12,0xa3f5e0
8484,17485,9807,0,87,32,12,0xa3fb60
8485,17486,9807,0,87,32,12,0xa400e0
8486,17487,9807,0,87,32,12,0xa40660
8487,17488,9807,0,87,32,12,0xa40be0
8488,17489,9807,0,87,32,12,0xa41160
8489,17490,9807,0,87,32,12,0xa416e0
8490,17491,9807,0,87,32,12,0xa41c60
8491,17492,9807,0,87,32,12,0xa421e0
8492,17493,9807,0,87,32,12,0xa42760
8493,17494,9807,0,87,32,12,0xa42ce0
8494,17495,9807,0,87,32,12,0xa43260
8495,17496,9807,0,87,32,12,0xa437e0
8496,17497,9807,0,87,32,12,0xa43d60
8497,17498,9807,0,87,32,12,0xa442e0
8498,17499,9807,0,87,32,12,0xa44860
8499,17500,9807,2,87,32,12,0xa44de0
8500,17501,13027,0,87,32,12,0xa45360
8501,17502,13027,0,87,32,12,0xa458e0
8502,17503,13027,0,87,32,12,0xa45e60
8503,17504,13027,0,87,32,12,0xa463e0
8504,17505,13027,0,87,32,12,0xa46960
8505,17506,13027,0,87,32,12,0xa46ee0
8506,17507,13027,0,87,32,12,0xa47460
8507,17508,13027,0,87,32,12,0xa479e0
8508,17509,13027,0,87,32,12,0xa47f60
8509,17510,13027,0,87,32,12,0xa484e0
8510,17511,13027,0,87,32,12,0xa48a60
8511,17512,13027,0,87,32,12,0xa48fe0
8512,17513,13027,0,87,32,12,0xa49560
8513,17514,13027,0,87,32,12,0xa49ae0
8514,17515,13027,0,87,32,12,0xa4a060
8515,17516,13027,0,87,32,12,0xa4a5e0
8516,17517,13027,0,87,32,12,0xa4ab60
8517,17518,13027,0,87,32,12,0xa4b0e0
8518,17519,13027,0,87,32,12,0xa4b660
8519,17520,13027,0,87,32,12,0xa4bbe0
8520,17521,13027,0,87,32,12,0xa4c160
8521,17522,13027,0,87,32,12,0xa4c6e0
8522,17523,13027,0,87,32,12,0xa4cc60
8523,17524,13027,0,87,32,12,0xa4d1e0
8524,17525,13027,0,87,32,12,0xa4d760
8525,17526,13027,0,87,32,12,0xa4dce0
8526,17527,13027,0,87,32,12,0xa4e260
8527,17528,13027,0,87,32,12,0xa4e7e0
8528,17529,13027,0,87,32,12,0xa4ed60
8529,17530,13027,0,87,32,12,0xa4f2e0
8530,17531,13027,0,87,32,12,0xa4f860
8531,17532,13027,0,87,32,12,0xa4fde0
8532,17533,13027,0,87,32,12,0xa50360
8533,17534,13027,0,87,32,12,0xa508e0
8534,17535,13027,0,87,32,12,0xa50e60
8535,17536,13027,0,87,32,12,0xa513e0
8536,17537,13027,0,87,32,12,0xa51960
8537,17538,13027,0,87,32,12,0xa51ee0
8538,17539,13027,0,87,32,12,0xa52460
8539,17540,13027,0,87,32,12,0xa529e0
8540,17541,13027,0,87,32,12,0xa52f60
8541,17542,13027,0,87,32,12,0xa534e0
8542,17543,13027,0,87,32,12,0xa53a60
8543,17544,13027,0,87,32,12,0xa53fe0
8544,17545,13027,0,87,32,12,0xa54560
8545,17546,13027,0,87,32,12,0xa54ae0
8546,17547,13027,0,87,32,12,0xa55060
8547,17548,13027,0,87,32,12,0xa555e0
8548,17549,13027,0,87,32,12,0xa55b60
8549,17550,13027,0,87,32,12,0xa560e0
8550,17551,13027,0,87,32,12,0xa56660
8551,17552,13027,0,87,32,12,0xa56be0
8552,17553,13027,0,87,32,12,0xa57160
8553,17554,13027,0,87,32,12,0xa576e0
8554,17555,13027,0,87,32,12,0xa57c60
8555,17556,13027,0,87,32,12,0xa581e0
8556,17557,13027,0,87,32,12,0xa58760
8557,17558,13027,0,87,32,12,0xa58ce0
8558,17559,13027,0,87,32,12,0xa59260
8559,17560,13027,0,87,32,12,0xa597e0
8560,17561,13027,0,87,32,12,0xa59d60
8561,17562,13027,0,87,32,12,0xa5a2e0
8562,17563,13027,0,87,32,12,0xa5a860
8563,17564,13027,2,87,32,12,0xa5ade0
8564,17565,15432,0,87,32,12,0xa5b360
8565,17566,15432,0,87,32,12,0xa5b8e0
8566,17567,15432,0,87,32,12,0xa5be60
8567,17568,15432,0,87,32,12,0xa5c3e0
8568,17569,15432,0,87,32,12,0xa5c960
8569,17570,15432,0,87,32,12,0xa5cee0
8570,17571,15432,0,87,32,12,0xa5d460
8571,17572,15432,0,87,32,12,0xa5d9e0
8572,17573,15432,0,87,32,12,0xa5df60
8573,17574,15432,0,87,32,12,0xa5e4e0
8574,17575,15432,0,87,32,12,0xa5ea60
8575,17576,15432,0,87,32,12,0xa5efe0
8576,17577,15432,0,87,32,12,0xa5f560
8577,17578,15432,0,87,32,12,0xa5fae0
8578,17579,15432,0,87,32,12,0xa60060
8579,17580,15432,0,87,32,12,0xa605e0
8580,17581,15432,0,87,32,12,0xa60b60
8581,17582,15432,0,87,32,12,0xa610e0
8582,17583,15432,0,87,32,12,0xa61660
8583,17584,15432,0,87,32,12,0xa61be0
8584,17585,15432,0,87,32,12,0xa62160
8585,17586,15432,0,87,32,12,0xa626e0
8586,17587,15432,0,87,32,12,0xa62c60
8587,17588,15432,0,87,32,12,0xa631e0
8588,17589,15432,0,87,32,12,0xa63760
8589,17590,15432,0,87,32,12,0xa63ce0
8590,17591,15432,0,87,32,12,0xa64260
8591,17592,15432,0,87,32,12,0xa647e0
8592,17593,15432,0,87,32,12,0xa64d60
8593,17594,15432,0,87,32,12,0xa652e0
8594,17595,15432,0,87,32,12,0xa65860
8595,17596,15432,0,87,32,12,0xa65de0
8596,17597,15432,0,87,32,12,0xa66360
8597,17598,15432,2,87,32,12,0xa668e0
8598,17599,15401,0,87,32,12,0xa66e60
8599,17600,15401,0,87,32,12,0xa673e0
8600,17601,15401,0,87,32,12,0xa67960
8601,17602,15401,0,87,32,12,0xa67ee0
8602,17603,15401,0,87,32,12,0xa68460
8603,17604,15401,0,87,32,12,0xa689e0
8604,17605,15401,0,87,32,12,0xa68f60
8605,17606,15401,0,87,32,12,0xa694e0
8606,17607,15401,0,87,32,12,0xa69a60
8607,17608,15401,0,87,32,12,0xa69fe0
8608,17609,15401,0,87,32,12,0xa6a560
8609,17610,15401,0,87,32,12,0xa6aae0
8610,17611,15401,0,87,32,12,0xa6b060
8611,17612,15401,0,87,32,12,0xa6b5e0
8612,17613,15401,0,87,32,12,0xa6bb60
8613,17614,15401,0,87,32,12,0xa6c0e0
8614,17615,15401,0,87,32,12,0xa6c660
8615,17616,15401,0,87,32,12,0xa6cbe0
8616,17617,15401,0,87,32,12,0xa6d160
8617,17618,15401,0,87,32,12,0xa6d6e0
8618,17619,15401,0,87,32,12,0xa6dc60
8619,17620,15401,0,87,32,12,0xa6e1e0
8620,17621,15401,0,87,32,12,0xa6e760
8621,17622,15401,0,87,32,12,0xa6ece0
8622,17623,15401,0,87,32,12,0xa6f260
8623,17624,15401,0,87,32,12,0xa6f7e0
8624,17625,15401,0,87,32,12,0xa6fd60
8625,17626,15401,0,87,32,12,0xa702e0
8626,17627,15401,0,87,32,12,0xa70860
8627,17628,15401,0,87,32,12,0xa70de0
8628,17629,15401,0,87,32,12,0xa71360
8629,17630,15401,0,87,32,12,0xa718e0
8630,17631,15401,0,87,32,12,0xa71e60
8631,17632,15401,0,87,32,12,0xa723e0
8632,17633,15401,0,87,32,12,0xa72960
8633,17634,15401,0,87,32,12,0xa72ee0
8634,17635,15401,0,87,32,12,0xa73460
8635,17636,15401,0,87,32,12,0xa739e0
8636,17637,15401,0,87,32,12,0xa73f60
8637,17638,15401,0,87,32,12,0xa744e0
8638,17639,15401,0,87,32,12,0xa74a60
8639,17640,15401,0,87,32,12,0xa74fe0
8640,17641,15401,0,87,32,12,0xa75560
8641,17642,15401,0,87,32,12,0xa75ae0
8642,17643,15401,0,87,32,12,0xa76060
8643,17644,15401,0,87,32,12,0xa765e0
8644,17645,15401,0,87,32,12,0xa76b60
8645,17646,15401,0,87,32,12,0xa770e0
8646,17647,15401,0,87,32,12,0xa77660
8647,17648,15401,0,87,32,12,0xa77be0
8648,17649,15401,0,87,32,12,0xa78160
8649,17650,15401,0,87,32,12,0xa786e0
8650,17651,15401,0,87,32,12,0xa78c60
8651,17652,15401,0,87,32,12,0xa791e0
8652,17653,15401,0,87,32,12,0xa79760
8653,17654,15401,0,87,32,12,0xa79ce0
8654,17655,15401,0,87,32,12,0xa7a260
8655,17656,15401,2,87,32,12,0xa7a7e0
8656,17657,15400,0,128,32,7,0xa7ad60
8657,17658,15400,0,128,32,7,0xa7aea0
8658,17659,15400,0,128,32,7,0xa7b120
8659,17660,15400,0,128,32,7,0xa7b3d0
8660,17661,15400,0,128,32,7,0xa7b71c
8661,17662,15400,0,128,32,7,0xa7bb5c
8662,17663,15400,0,128,32,7,0xa7c050
8663,17664,15400,0,128,32,7,0xa7c5dc
8664,17665,15400,0,128,32,7,0xa7cbfc
8665,17666,15400,0,128,32,7,0xa7d208
8666,17667,15400,0,128,32,7,0xa7d814
8667,17668,15400,0,128,32,7,0xa7ddf0
8668,17669,15400,0,128,32,7,0xa7e338
8669,17670,15400,0,128,32,7,0xa7e784
8670,17671,15400,0,128,32,7,0xa7eba4
8671,17672,15400,0,128,32,7,0xa7ef18
8672,17673,15400,0,128,32,7,0xa7f158
8673,17674,15400,0,128,32,7,0xa7f324
8674,17675,15400,0,128,32,7,0xa7f47c
8675,17676,15400,0,128,32,7,0xa7f594
8676,17677,15400,0,128,32,7,0xa7f6d4
8677,17678,15400,0,128,32,7,0xa7f954
8678,17679,15400,0,128,32,7,0xa7fc04
8679,17680,15400,0,128,32,7,0xa7ff50
8680,17681,15400,0,128,32,7,0xa80390
8681,17682,15400,0,128,32,7,0xa80884
8682,17683,15400,0,128,32,7,0xa80e10
8683,17684,15400,0,128,32,7,0xa81430
8684,17685,15400,0,128,32,7,0xa81a3c
8685,17686,15400,0,128,32,7,0xa82048
8686,17687,15400,0,128,32,7,0xa82624
8687,17688,15400,0,128,32,7,0xa82b6c
8688,17689,15400,0,128,32,7,0xa82fb4
8689,17690,15400,0,128,32,7,0xa833d4
8690,17691,15400,0,128,32,7,0xa83748
8691,17692,15400,0,128,32,7,0xa83988
8692,17693,15400,0,128,32,7,0xa83b54
8693,17694,15400,2,128,32,7,0xa83cac
8694,17695,15008,0,108,32,7,0xa83dc0
8695,17696,15008,0,108,32,7,0xa8438c
8696,17697,15008,0,108,32,7,0xa84954
8697,17698,15008,0,108,32,7,0xa84f0c
8698,17699,15008,0,108,32,7,0xa854c0
8699,17700,15008,0,108,32,7,0xa85a84
8700,17701,15008,0,108,32,7,0xa8605c
8701,17702,15008,0,108,32,7,0xa86644
8702,17703,15008,0,108,32,7,0xa86c0c
8703,17704,15008,0,108,32,7,0xa871c4
8704,17705,15008,0,108,32,7,0xa8778c
8705,17706,15008,0,108,32,7,0xa87d5c
8706,17707,15008,0,108,32,7,0xa88328
8707,17708,15008,0,108,32,7,0xa888e0
8708,17709,15008,0,108,32,7,0xa88e98
8709,17710,15008,0,108,32,7,0xa89460
8710,17711,15008,0,108,32,7,0xa89a3c
8711,17712,15008,0,108,32,7,0xa8a028
8712,17713,15008,0,108,32,7,0xa8a5f0
8713,17714,15008,2,108,32,7,0xa8abac
8714,17715,15347,0,79,32,7,0xa8b178
8715,17716,15347,0,79,32,7,0xa8b5d8
8716,17717,15347,0,79,32,7,0xa8ba30
8717,17718,15347,0,79,32,7,0xa8be4c
8718,17719,15347,0,79,32,7,0xa8c2a4
8719,17720,15347,0,79,32,7,0xa8c6fc
8720,17721,15347,0,79,32,7,0xa8cb18
8721,17722,15347,0,79,32,7,0xa8cf78
8722,17723,15347,0,79,32,7,0xa8d3d0
8723,17724,15347,0,79,32,7,0xa8d7f4
8724,17725,15347,0,79,32,7,0xa8dc4c
8725,17726,15347,2,79,32,7,0xa8e0a4
8726,17727,14972,0,80,32,7,0xa8e4c8
8727,17728,14972,0,80,32,7,0xa8e944
8728,17729,14972,0,80,32,7,0xa8edac
8729,17730,14972,0,80,32,7,0xa8f204
8730,17731,14972,0,80,32,7,0xa8f648
8731,17732,14972,0,80,32,7,0xa8fa84
8732,17733,14972,0,80,32,7,0xa8feb8
8733,17734,14972,0,80,32,7,0xa902e4
8734,17735,14972,0,80,32,7,0xa90704
8735,17736,14972,0,80,32,7,0xa90b38
8736,17737,14972,0,80,32,7,0xa90f7c
8737,17738,14972,0,80,32,7,0xa913f8
8738,17739,14972,0,80,32,7,0xa91860
8739,17740,14972,0,80,32,7,0xa91cbc
8740,17741,14972,0,80,32,7,0xa92104
8741,17742,14972,0,80,32,7,0xa92544
8742,17743,14972,0,80,32,7,0xa92978
8743,17744,14972,0,80,32,7,0xa92da8
8744,17745,14972,0,80,32,7,0xa931c8
8745,17746,14972,2,80,32,7,0xa93600
8746,17747,15008,0,106,32,7,0xa93a48
8747,17748,15008,0,106,32,7,0xa94068
8748,17749,15008,0,106,32,7,0xa94688
8749,17750,15008,0,106,32,7,0xa94cb0
8750,17751,15008,0,106,32,7,0xa952d8
8751,17752,15008,0,106,32,7,0xa958f8
8752,17753,15008,0,106,32,7,0xa95f18
8753,17754,15008,2,106,32,7,0xa96544
8754,17755,14972,0,86,32,1,0xa96b6c
8755,17756,14972,0,86,32,1,0xa97068
8756,17757,14972,2,86,32,1,0xa974f4
8757,17758,14972,0,86,32,7,0xa979dc
8758,17759,14972,0,86,32,7,0xa97c08
8759,17760,14972,0,86,32,7,0xa97db8
8760,17761,14972,0,86,32,7,0xa97fe4
8761,17762,14972,2,86,32,7,0xa98194
8762,17763,14972,0,87,32,1,0xa983c0
8763,17764,14972,4,87,32,7,0xa986ec
8764,17765,14972,1,87,32,9,0xa98908
8765,17766,14972,0,87,32,1,0xa98a20
8766,17767,14972,0,87,32,7,0xa98b1c
8767,17768,14972,2,87,32,7,0xa98d74
8768,17769,14412,0,87,32,7,0xa99064
8769,17770,14412,0,87,32,7,0xa99358
8770,17771,14412,0,87,32,7,0xa99658
8771,17772,14412,0,87,16,1,0xa99820
8772,17773,14412,0,87,32,1,0xa99ae4
8773,17774,14412,0,87,32,7,0xa99dd8
8774,17775,14412,0,87,16,7,0xa9a0c4
8775,17776,14412,0,87,32,7,0xa9a2e8
8776,17777,14412,2,87,32,7,0xa9a568
8777,17778,13471,0,87,32,1,0xa9a7e0
8778,17779,13471,0,87,32,7,0xa9ace4
8779,17780,13471,0,87,32,1,0xa9b08c
8780,17781,13471,0,87,32,1,0xa9b290
8781,17782,13471,0,87,32,7,0xa9b6b4
8782,17783,13471,0,87,32,1,0xa9b9d4
8783,17784,13471,0,87,22,7,0xa9bb78
8784,17785,13471,0,87,21,7,0xa9bc58
8785,17786,13471,0,87,22,7,0xa9bd6c
8786,17787,13471,2,87,21,7,0xa9be50
8787,17788,13471,0,10,7,7,0xa9bf68
8788,17789,13471,0,10,7,1,0xa9bf9c
8789,17790,13471,0,13,7,1,0xa9bfc4
8790,17791,13471,0,8,7,7,0xa9c000
8791,17792,13471,0,10,7,7,0xa9c024
8792,17793,13471,0,84,7,7,0xa9c04c
8793,17794,13471,0,87,32,7,0xa9c174
8794,17795,13471,2,87,32,7,0xa9c578
8795,17796,13471,4,87,32,7,0xa9c97c
8796,17797,13471,5,87,32,3,0xa9cd5c
8797,17798,13471,5,87,32,9,0xa9ce30
8798,17799,13471,5,87,32,3,0xa9d088
8799,17800,13471,5,87,32,3,0xa9d148
8800,17801,13471,5,87,32,3,0xa9d374
8801,17802,13471,5,87,32,9,0xa9d438
8802,17803,13471,5,87,32,3,0xa9d66c
8803,17804,13471,5,87,32,9,0xa9d744
8804,17805,13471,5,87,32,3,0xa9da10
8805,17806,13471,5,87,32,9,0xa9dae4
8806,17807,13471,5,87,32,3,0xa9dd3c
8807,17808,13471,5,87,32,3,0xa9ddfc
8808,17809,13471,5,87,32,3,0xa9e028
8809,17810,13471,5,87,32,9,0xa9e0ec
8810,17811,13471,5,87,32,3,0xa9e320
8811,17812,13471,3,87,32,9,0xa9e3f8
8812,17813,15652,0,128,32,1,0xa9e5d4
8813,17814,15652,0,128,32,1,0xa9ed30
8814,17815,15652,0,128,32,1,0xa9f4c8
8815,17816,15652,0,128,32,12,0xa9fca0
8816,17817,15652,0,128,32,12,0xaa04b0
8817,17818,15652,0,128,32,12,0xaa0cc0
8818,17819,15652,0,128,32,12,0xaa14d0
8819,17820,15652,0,128,32,12,0xaa1ce0
8820,17821,15652,0,128,32,12,0xaa24f0
8821,17822,15652,0,128,32,12,0xaa2d00
8822,17823,15652,0,128,32,12,0xaa3510
8823,17824,15652,0,128,32,12,0xaa3d20
8824,17825,15652,0,128,32,12,0xaa4530
8825,17826,15652,0,128,32,12,0xaa4d40
8826,17827,15652,0,128,32,12,0xaa5550
8827,17828,15652,0,128,32,12,0xaa5d60
8828,17829,15652,0,128,32,12,0xaa6570
8829,17830,15652,0,128,32,1,0xaa6d80
8830,17831,15652,0,128,32,1,0xaa7578
8831,17832,15652,0,128,32,1,0xaa7d20
8832,17833,15652,0,128,32,1,0xaa84b0
8833,17834,15652,0,128,32,1,0xaa8c38
8834,17835,15652,0,128,32,1,0xaa93c0
8835,17836,15652,0,128,32,1,0xaa9b40
8836,17837,15652,0,128,32,1,0xaaa29c
8837,17838,15652,0,128,32,1,0xaaa9f4
8838,17839,15652,0,128,32,1,0xaab110
8839,17840,15652,4,128,32,1,0xaab808
8840,17841,15652,1,128,32,3,0xaabef0
8841,17842,15652,0,128,32,1,0xaac5a4
8842,17843,15652,0,128,32,1,0xaacc7c
8843,17844,15652,0,128,32,1,0xaad33c
8844,17845,15652,4,128,32,1,0xaad9e8
8845,17846,15652,1,128,32,3,0xaae090
8846,17847,15652,4,128,32,1,0xaae738
8847,17848,15652,5,128,32,3,0xaaedd0
8848,17849,15652,5,128,32,3,0xaaf3e8
8849,17850,15652,5,128,32,3,0xaaf9f8
8850,17851,15652,5,128,32,3,0xab0088
8851,17852,15652,5,128,32,3,0xab06fc
8852,17853,15652,5,128,32,3,0xab0d64
8853,17854,15652,5,128,32,3,0xab1330
8854,17855,15652,5,128,32,3,0xab1918
8855,17856,15652,5,128,32,3,0xab1ec4
8856,17857,15652,5,128,32,3,0xab2450
8857,17858,15652,5,128,32,3,0xab2a04
8858,17859,15652,5,128,32,3,0xab2f60
8859,17860,15652,5,128,32,3,0xab34e8
8860,17861,15652,5,128,32,3,0xab3a38
8861,17862,15652,5,128,32,3,0xab3f84
8862,17863,15652,5,128,32,3,0xab44a8
8863,17864,15652,5,128,32,3,0xab4a08
8864,17865,15652,5,128,32,3,0xab4f28
8865,17866,15652,5,128,32,3,0xab5444
8866,17867,15652,5,128,32,3,0xab5908
8867,17868,15652,5,128,32,3,0xab5db0
8868,17869,15652,5,128,32,3,0xab6278
8869,17870,15652,5,128,32,3,0xab674c
8870,17871,15652,5,128,32,3,0xab6c10
8871,17872,15652,5,128,32,3,0xab70c0
8872,17873,15652,5,128,32,3,0xab7550
8873,17874,15652,5,128,32,3,0xab79bc
8874,17875,15652,5,128,32,3,0xab7e70
8875,17876,15652,5,128,32,3,0xab8314
8876,17877,15652,5,128,32,3,0xab87b8
8877,17878,15652,5,128,32,3,0xab8bfc
8878,17879,15652,5,128,32,3,0xab908c
8879,17880,15652,5,128,32,3,0xab9514
8880,17881,15652,5,128,32,3,0xab99d0
8881,17882,15652,5,128,32,3,0xab9eb8
8882,17883,15652,5,128,32,3,0xaba390
8883,17884,15652,5,128,32,3,0xaba82c
8884,17885,15652,5,128,32,3,0xabace0
8885,17886,15652,5,128,32,3,0xabb12c
8886,17887,15652,5,128,32,3,0xabb5a0
8887,17888,15652,5,128,32,3,0xabba10
8888,17889,15652,5,128,32,3,0xabbe38
8889,17890,15652,5,128,32,3,0xabc260
8890,17891,15652,5,128,32,3,0xabc654
8891,17892,15652,5,128,32,3,0xabca24
8892,17893,15652,5,128,32,3,0xabcdc4
8893,17894,15652,5,128,32,3,0xabd154
8894,17895,15652,5,128,32,3,0xabd4ec
8895,17896,15652,5,128,32,3,0xabd89c
8896,17897,15652,5,128,32,3,0xabdc24
8897,17898,15652,5,128,32,3,0xabdf9c
8898,17899,15652,5,128,32,3,0xabe2cc
8899,17900,15652,5,128,32,3,0xabe61c
8900,17901,15652,5,128,32,3,0xabe900
8901,17902,15652,5,128,32,3,0xabebb4
8902,17903,15652,5,128,32,3,0xabeecc
8903,17904,15652,5,128,32,3,0xabf16c
8904,17905,15652,5,128,32,3,0xabf45c
8905,17906,15652,5,128,32,3,0xabf70c
8906,17907,15652,5,128,32,3,0xabf9b0
8907,17908,15652,5,128,32,3,0xabfc58
8908,17909,15652,5,128,32,3,0xabfefc
8909,17910,15652,5,128,32,3,0xac0194
8910,17911,15652,5,128,32,3,0xac0418
8911,17912,15652,5,128,32,3,0xac070c
8912,17913,15652,5,128,32,3,0xac099c
8913,17914,15652,5,128,32,3,0xac0c34
8914,17915,15652,5,128,32,3,0xac0f04
8915,17916,15652,5,128,32,3,0xac11ac
8916,17917,15652,5,128,32,3,0xac1474
8917,17918,15652,5,128,32,3,0xac1734
8918,17919,15652,5,128,32,3,0xac19d8
8919,17920,15652,5,128,32,3,0xac1c7c
8920,17921,15652,5,128,32,3,0xac1f18
8921,17922,15652,5,128,32,3,0xac21a0
8922,17923,15652,5,128,32,3,0xac2460
8923,17924,15652,5,128,32,3,0xac26c8
8924,17925,15652,5,128,32,3,0xac2934
8925,17926,15652,5,128,32,3,0xac2bb0
8926,17927,15652,5,128,32,3,0xac2dd8
8927,17928,15652,5,128,32,3,0xac3004
8928,17929,15652,5,128,32,3,0xac31f8
8929,17930,15652,5,128,32,3,0xac33d8
8930,17931,15652,5,128,32,3,0xac35b4
8931,17932,15652,5,128,32,3,0xac3780
8932,17933,15652,5,128,32,3,0xac3910
8933,17934,15652,5,128,32,3,0xac3afc
8934,17935,15652,5,128,32,3,0xac3cb0
8935,17936,15652,5,128,32,3,0xac3e1c
8936,17937,15652,5,128,32,3,0xac3fd8
8937,17938,15652,5,128,32,3,0xac41a8
8938,17939,15652,5,128,32,3,0xac42e4
8939,17940,15652,1,128,32,3,0xac4490
8940,17941,15652,2,128,32,1,0xac464c
8941,17942,15652,0,87,32,7,0xac4b68
8942,17943,15652,0,87,32,7,0xac4fd8
8943,17944,15652,0,87,32,7,0xac5460
8944,17945,15652,0,87,32,7,0xac5864
8945,17946,15652,0,87,32,7,0xac5c60
8946,17947,15652,0,87,32,7,0xac6094
8947,17948,15652,0,87,32,7,0xac6438
8948,17949,15652,0,87,32,7,0xac6724
8949,17950,15652,0,87,32,7,0xac6b34
8950,17951,15652,0,87,32,7,0xac6ed4
8951,17952,15652,0,87,32,7,0xac7230
8952,17953,15652,2,87,32,7,0xac7634
8953,17954,10103,0,87,32,1,0xac7af8
8954,17955,10103,0,87,32,1,0xac7e74
8955,17956,10103,0,87,32,12,0xac8350
8956,17957,10103,0,87,32,12,0xac88d0
8957,17958,10103,0,87,32,1,0xac8e50
8958,17959,10103,0,87,32,1,0xac9378
8959,17960,10103,0,87,32,1,0xac9878
8960,17961,10103,0,87,32,1,0xac9d6c
8961,17962,10103,0,87,32,12,0xaca270
8962,17963,10103,0,87,32,1,0xaca7f0
8963,17964,10103,0,87,32,1,0xacac20
8964,17965,10103,0,87,32,1,0xacaf50
8965,17966,10103,0,87,32,1,0xacb28c
8966,17967,10103,0,87,32,12,0xacb5b8
8967,17968,10103,0,87,32,1,0xacbb38
8968,17969,10103,0,87,32,1,0xacc050
8969,17970,10103,0,87,32,1,0xacc510
8970,17971,10103,0,87,32,1,0xacc998
8971,17972,10103,0,87,32,1,0xaccc7c
8972,17973,10103,0,87,32,12,0xacd184
8973,17974,10103,0,87,32,1,0xacd704
8974,17975,10103,0,87,32,7,0xacdb74
8975,17976,10103,0,87,32,12,0xace0d8
8976,17977,10103,0,87,32,12,0xace658
8977,17978,10103,0,87,32,1,0xacebd8
8978,17979,10103,0,87,32,12,0xacf150
8979,17980,10103,0,87,32,12,0xacf6d0
8980,17981,10103,0,87,32,12,0xacfc50
8981,17982,10103,2,87,32,12,0xad01d0
8982,17983,16016,0,87,32,12,0xad0750
8983,17984,16016,0,87,32,12,0xad0cd0
8984,17985,16016,0,87,32,12,0xad1250
8985,17986,16016,0,87,32,12,0xad17d0
8986,17987,16016,0,87,32,12,0xad1d50
8987,17988,16016,0,87,32,12,0xad22d0
8988,17989,16016,0,87,32,12,0xad2850
8989,17990,16016,0,87,32,12,0xad2dd0
8990,17991,16016,0,87,32,12,0xad3350
8991,17992,16016,0,87,32,12,0xad38d0
8992,17993,16016,0,87,32,12,0xad3e50
8993,17994,16016,0,87,32,12,0xad43d0
8994,17995,16016,0,87,32,12,0xad4950
8995,17996,16016,0,87,32,12,0xad4ed0
8996,17997,16016,0,87,32,12,0xad5450
8997,17998,16016,0,87,32,12,0xad59d0
8998,17999,16016,0,87,32,12,0xad5f50
8999,18000,16016,0,87,32,12,0xad64d0
9000,18001,16016,0,87,32,12,0xad6a50
9001,18002,16016,0,87,32,12,0xad6fd0
9002,18003,16016,0,87,32,12,0xad7550
9003,18004,16016,0,87,32,12,0xad7ad0
9004,18005,16016,0,87,32,12,0xad8050
9005,18006,16016,0,87,32,12,0xad85d0
9006,18007,16016,0,87,32,12,0xad8b50
9007,18008,16016,0,87,32,12,0xad90d0
9008,18009,16016,0,87,32,12,0xad9650
9009,18010,16016,0,87,32,12,0xad9bd0
9010,18011,16016,0,87,32,12,0xada150
9011,18012,16016,0,87,32,12,0xada6d0
9012,18013,16016,0,87,32,12,0xadac50
9013,18014,16016,0,87,32,12,0xadb1d0
9014,18015,16016,0,87,32,12,0xadb750
9015,18016,16016,0,87,32,12,0xadbcd0
9016,18017,16016,0,87,32,12,0xadc250
9017,18018,16016,0,87,32,12,0xadc7d0
9018,18019,16016,0,87,32,12,0xadcd50
9019,18020,16016,0,87,32,12,0xadd2d0
9020,18021,16016,0,87,32,12,0xadd850
9021,18022,16016,0,87,32,12,0xadddd0
9022,18023,16016,0,87,32,12,0xade350
9023,18024,16016,0,87,32,12,0xade8d0
9024,18025,16016,0,87,32,12,0xadee50
9025,18026,16016,0,87,32,12,0xadf3d0
9026,18027,16016,0,87,32,12,0xadf950
9027,18028,16016,0,87,32,12,0xadfed0
9028,18029,16016,0,87,32,12,0xae0450
9029,18030,16016,2,87,32,12,0xae09d0
9030,18031,16016,0,87,32,1,0xae0f50
9031,18032,16016,0,87,32,1,0xae14a0
9032,18033,16016,0,87,32,1,0xae19b8
9033,18034,16016,0,87,32,1,0xae1e6c
9034,18035,16016,0,87,32,1,0xae2368
9035,18036,16016,0,87,32,12,0xae28c8
9036,18037,16016,0,87,32,1,0xae2e48
9037,18038,16016,0,87,32,12,0xae33b8
9038,18039,16016,0,87,32,1,0xae3938
9039,18040,16016,0,87,32,1,0xae3e9c
9040,18041,16016,0,87,32,12,0xae43f0
9041,18042,16016,0,87,32,12,0xae4970
9042,18043,16016,0,87,32,1,0xae4ef0
9043,18044,16016,0,87,32,12,0xae546c
9044,18045,16016,0,87,32,1,0xae59ec
9045,18046,16016,0,87,32,12,0xae5f58
9046,18047,16016,0,87,32,12,0xae64d8
9047,18048,16016,0,87,32,12,0xae6a58
9048,18049,16016,0,87,32,12,0xae6fd8
9049,18050,16016,0,87,32,12,0xae7558
9050,18051,16016,0,87,32,12,0xae7ad8
9051,18052,16016,0,87,32,12,0xae8058
9052,18053,16016,0,87,32,12,0xae85d8
9053,18054,16016,0,87,32,12,0xae8b58
9054,18055,16016,0,87,32,12,0xae90d8
9055,18056,16016,0,87,32,12,0xae9658
9056,18057,16016,0,87,32,12,0xae9bd8
9057,18058,16016,0,87,32,12,0xaea158
9058,18059,16016,0,87,32,12,0xaea6d8
9059,18060,16016,0,87,32,12,0xaeac58
9060,18061,16016,0,87,32,12,0xaeb1d8
9061,18062,16016,0,87,32,12,0xaeb758
9062,18063,16016,0,87,32,12,0xaebcd8
9063,18064,16016,0,87,32,12,0xaec258
9064,18065,16016,0,87,32,12,0xaec7d8
9065,18066,16016,0,87,32,12,0xaecd58
9066,18067,16016,0,87,32,12,0xaed2d8
9067,18068,16016,0,87,32,12,0xaed858
9068,18069,16016,0,87,32,12,0xaeddd8
9069,18070,16016,0,87,32,12,0xaee358
9070,18071,16016,0,87,32,12,0xaee8d8
9071,18072,16016,0,87,32,12,0xaeee58
9072,18073,16016,0,87,32,12,0xaef3d8
9073,18074,16016,0,87,32,12,0xaef958
9074,18075,16016,0,87,32,12,0xaefed8
9075,18076,16016,0,87,32,12,0xaf0458
9076,18077,16016,2,87,32,12,0xaf09d8
9077,18078,16016,0,87,32,12,0xaf0f58
9078,18079,16016,0,87,32,12,0xaf14d8
9079,18080,16016,0,87,32,12,0xaf1a58
9080,18081,16016,0,87,32,12,0xaf1fd8
9081,18082,16016,0,87,32,12,0xaf2558
9082,18083,16016,0,87,32,12,0xaf2ad8
9083,18084,16016,0,87,32,12,0xaf3058
9084,18085,16016,0,87,32,12,0xaf35d8
9085,18086,16016,0,87,32,12,0xaf3b58
9086,18087,16016,0,87,32,12,0xaf40d8
9087,18088,16016,0,87,32,12,0xaf4658
9088,18089,16016,0,87,32,12,0xaf4bd8
9089,18090,16016,0,87,32,12,0xaf5158
9090,18091,16016,0,87,32,12,0xaf56d8
9091,18092,16016,0,87,32,12,0xaf5c58
9092,18093,16016,0,87,32,12,0xaf61d8
9093,18094,16016,2,87,32,12,0xaf6758
9094,18095,16016,0,87,32,12,0xaf6cd8
9095,18096,16016,0,87,32,12,0xaf7258
9096,18097,16016,0,87,32,12,0xaf77d8
9097,18098,16016,0,87,32,12,0xaf7d58
9098,18099,16016,0,87,32,12,0xaf82d8
9099,18100,16016,0,87,32,12,0xaf8858
9100,18101,16016,0,87,32,12,0xaf8dd8
9101,18102,16016,0,87,32,12,0xaf9358
9102,18103,16016,0,87,32,12,0xaf98d8
9103,18104,16016,0,87,32,12,0xaf9e58
9104,18105,16016,0,87,32,12,0xafa3d8
9105,18106,16016,0,87,32,12,0xafa958
9106,18107,16016,0,87,32,12,0xafaed8
9107,18108,16016,0,87,32,12,0xafb458
9108,18109,16016,0,87,32,12,0xafb9d8
9109,18110,16016,2,87,32,12,0xafbf58
9110,18111,16475,0,87,32,12,0xafc4d8
9111,18112,16475,0,87,32,12,0xafca58
9112,18113,16475,0,87,32,12,0xafcfd8
9113,18114,16475,0,87,32,12,0xafd558
9114,18115,16475,0,87,32,12,0xafdad8
9115,18116,16475,0,87,32,12,0xafe058
9116,18117,16475,0,87,32,12,0xafe5d8
9117,18118,16475,0,87,32,12,0xafeb58
9118,18119,16475,0,87,32,12,0xaff0d8
9119,18120,16475,0,87,32,12,0xaff658
9120,18121,16475,0,87,32,12,0xaffbd8
9121,18122,16475,0,87,32,12,0xb00158
9122,18123,16475,0,87,32,12,0xb006d8
9123,18124,16475,0,87,32,12,0xb00c58
9124,18125,16475,0,87,32,12,0xb011d8
9125,18126,16475,0,87,32,12,0xb01758
9126,18127,16475,2,87,32,12,0xb01cd8
9127,18128,14717,0,87,32,12,0xb02258
9128,18129,14717,0,87,32,12,0xb027d8
9129,18130,14717,0,87,32,12,0xb02d58
9130,18131,14717,0,87,32,12,0xb032d8
9131,18132,14717,0,87,32,12,0xb03858
9132,18133,14717,0,87,32,12,0xb03dd8
9133,18134,14717,0,87,32,12,0xb04358
9134,18135,14717,0,87,32,12,0xb048d8
9135,18136,14717,0,87,32,12,0xb04e58
9136,18137,14717,0,87,32,12,0xb053d8
9137,18138,14717,0,87,32,12,0xb05958
9138,18139,14717,0,87,32,12,0xb05ed8
9139,18140,14717,0,87,32,12,0xb06458
9140,18141,14717,0,87,32,12,0xb069d8
9141,18142,14717,0,87,32,12,0xb06f58
9142,18143,14717,0,87,32,12,0xb074d8
9143,18144,14717,0,87,32,12,0xb07a58
9144,18145,14717,0,87,32,12,0xb07fd8
9145,18146,14717,0,87,32,12,0xb08558
9146,18147,14717,0,87,32,12,0xb08ad8
9147,18148,14717,0,87,32,12,0xb09058
9148,18149,14717,0,87,32,12,0xb095d8
9149,18150,14717,0,87,32,12,0xb09b58
9150,18151,14717,0,87,32,12,0xb0a0d8
9151,18152,14717,0,87,32,12,0xb0a658
9152,18153,14717,0,87,32,12,0xb0abd8
9153,18154,14717,0,87,32,12,0xb0b158
9154,18155,14717,0,87,32,12,0xb0b6d8
9155,18156,14717,2,87,32,12,0xb0bc58
9156,18157,20795,0,87,32,12,0xb0c1d8
9157,18158,20795,0,87,32,12,0xb0c758
9158,18159,20795,0,87,32,12,0xb0ccd8
9159,18160,20795,0,87,32,12,0xb0d258
9160,18161,20795,0,87,32,12,0xb0d7d8
9161,18162,20795,0,87,32,12,0xb0dd58
9162,18163,20795,0,87,32,12,0xb0e2d8
9163,18164,20795,0,87,32,12,0xb0e858
9164,18165,20795,0,87,32,12,0xb0edd8
9165,18166,20795,0,87,32,12,0xb0f358
9166,18167,20795,0,87,32,12,0xb0f8d8
9167,18168,20795,0,87,32,12,0xb0fe58
9168,18169,20795,0,87,32,12,0xb103d8
9169,18170,20795,0,87,32,12,0xb10958
9170,18171,20795,0,87,32,12,0xb10ed8
9171,18172,20795,0,87,32,12,0xb11458
9172,18173,20795,0,87,32,12,0xb119d8
9173,18174,20795,0,87,32,12,0xb11f58
9174,18175,20795,0,87,32,12,0xb124d8
9175,18176,20795,0,87,32,12,0xb12a58
9176,18177,20795,0,87,32,12,0xb12fd8
9177,18178,20795,0,87,32,12,0xb13558
9178,18179,20795,0,87,32,12,0xb13ad8
9179,18180,20795,0,87,32,12,0xb14058
9180,18181,20795,0,87,32,12,0xb145d8
9181,18182,20795,2,87,32,12,0xb14b58
9182,18183,15032,0,87,32,12,0xb150d8
9183,18184,15032,0,87,32,12,0xb15658
9184,18185,15032,0,87,32,12,0xb15bd8
9185,18186,15032,0,87,32,12,0xb16158
9186,18187,15032,0,87,32,12,0xb166d8
9187,18188,15032,0,87,32,12,0xb16c58
9188,18189,15032,0,87,32,12,0xb171d8
9189,18190,15032,0,87,32,12,0xb17758
9190,18191,15032,0,87,32,12,0xb17cd8
9191,18192,15032,0,87,32,12,0xb18258
9192,18193,15032,0,87,32,12,0xb187d8
9193,18194,15032,0,87,32,12,0xb18d58
9194,18195,15032,0,87,32,12,0xb192d8
9195,18196,15032,0,87,32,12,0xb19858
9196,18197,15032,0,87,32,12,0xb19dd8
9197,18198,15032,0,87,32,12,0xb1a358
9198,18199,15032,0,87,32,12,0xb1a8d8
9199,18200,15032,0,87,32,12,0xb1ae58
9200,18201,15032,0,87,32,12,0xb1b3d8
9201,18202,15032,0,87,32,12,0xb1b958
9202,18203,15032,0,87,32,12,0xb1bed8
9203,18204,15032,0,87,32,12,0xb1c458
9204,18205,15032,0,87,32,12,0xb1c9d8
9205,18206,15032,0,87,32,12,0xb1cf58
9206,18207,15032,0,87,32,12,0xb1d4d8
9207,18208,15032,0,87,32,12,0xb1da58
9208,18209,15032,0,87,32,12,0xb1dfd8
9209,18210,15032,0,87,32,12,0xb1e558
9210,18211,15032,0,87,32,12,0xb1ead8
9211,18212,15032,0,87,32,12,0xb1f058
9212,18213,15032,0,87,32,12,0xb1f5d8
9213,18214,15032,0,87,32,12,0xb1fb58
9214,18215,15032,0,87,32,12,0xb200d8
9215,18216,15032,0,87,32,12,0xb20658
9216,18217,15032,2,87,32,12,0xb20bd8
9217,18218,15726,0,87,32,12,0xb21158
9218,18219,15726,0,87,32,12,0xb216d8
9219,18220,15726,0,87,32,12,0xb21c58
9220,18221,15726,0,87,32,7,0xb221d8
9221,18222,15726,0,87,32,7,0xb226e4
9222,18223,15726,0,87,32,7,0xb22b68
9223,18224,15726,0,87,32,7,0xb22f6c
9224,18225,15726,0,87,32,7,0xb23390
9225,18226,15726,0,87,32,7,0xb23850
9226,18227,15726,0,87,32,7,0xb23cfc
9227,18228,15726,0,87,32,7,0xb24174
9228,18229,15726,0,87,32,12,0xb24674
9229,18230,15726,0,87,32,12,0xb24bf4
9230,18231,15726,0,87,32,12,0xb25174
9231,18232,15726,0,87,32,12,0xb256f4
9232,18233,15726,0,87,32,12,0xb25c74
9233,18234,15726,0,87,32,7,0xb261f4
9234,18235,15726,0,87,32,7,0xb26744
9235,18236,15726,0,87,32,7,0xb26c90
9236,18237,15726,0,87,32,12,0xb271ec
9237,18238,15726,0,87,32,12,0xb2776c
9238,18239,15726,0,87,32,12,0xb27cec
9239,18240,15726,0,87,32,12,0xb2826c
9240,18241,15726,0,87,32,12,0xb287ec
9241,18242,15726,0,87,32,12,0xb28d6c
9242,18243,15726,0,87,32,12,0xb292ec
9243,18244,15726,0,87,32,12,0xb2986c
9244,18245,15726,2,87,32,12,0xb29dec
9245,18246,16061,0,87,32,12,0xb2a36c
9246,18247,16061,0,87,32,12,0xb2a8ec
9247,18248,16061,0,87,32,1,0xb2ae6c
9248,18249,16061,0,87,32,1,0xb2b350
9249,18250,16061,0,87,32,1,0xb2b738
9250,18251,16061,0,87,32,7,0xb2bb00
9251,18252,16061,0,87,32,7,0xb2beac
9252,18253,16061,0,87,32,7,0xb2c208
9253,18254,16061,0,87,32,7,0xb2c50c
9254,18255,16061,0,87,32,7,0xb2c6f0
9255,18256,16061,0,87,32,7,0xb2c980
9256,18257,16061,0,87,32,7,0xb2cd38
9257,18258,16061,0,87,32,7,0xb2d19c
9258,18259,16061,0,87,32,7,0xb2d6bc
9259,18260,16061,0,87,32,7,0xb2dc10
9260,18261,16061,0,87,32,7,0xb2e0fc
9261,18262,16061,0,87,32,7,0xb2e5dc
9262,18263,16061,0,87,32,7,0xb2ea60
9263,18264,16061,0,87,32,7,0xb2ee90
9264,18265,16061,0,87,32,7,0xb2f2d0
9265,18266,16061,0,87,32,12,0xb2f7b4
9266,18267,16061,2,87,32,12,0xb2fd34
9267,18268,16061,2,39,32,1,0xb302b4
9268,18269,10103,0,87,32,1,0xb30488
9269,18270,10103,0,87,32,1,0xb30564
9270,18271,10103,0,87,32,1,0xb30660
9271,18272,10103,0,87,32,1,0xb30778
9272,18273,10103,0,87,32,1,0xb30888
9273,18274,10103,0,87,32,1,0xb309b4
9274,18275,10103,0,87,32,1,0xb30afc
9275,18276,10103,0,87,32,1,0xb30c68
9276,18277,10103,0,87,32,7,0xb30dd4
9277,18278,10103,0,87,32,1,0xb30f38
9278,18279,10103,0,87,32,1,0xb31060
9279,18280,10103,0,87,32,1,0xb31148
9280,18281,10103,0,87,32,1,0xb31230
9281,18282,10103,0,87,32,1,0xb31344
9282,18283,10103,0,87,32,1,0xb31434
9283,18284,10103,0,87,32,1,0xb31500
9284,18285,10103,0,87,32,1,0xb315ac
9285,18286,10103,0,87,32,1,0xb31650
9286,18287,10103,0,87,32,1,0xb31710
9287,18288,10103,0,87,32,1,0xb317f4
9288,18289,10103,0,87,32,1,0xb31914
9289,18290,10103,0,87,32,1,0xb31a18
9290,18291,10103,0,87,32,1,0xb31b1c
9291,18292,10103,0,87,32,1,0xb31c7c
9292,18293,10103,0,87,32,1,0xb31e1c
9293,18294,10103,0,87,32,1,0xb31fd4
9294,18295,10103,0,87,32,1,0xb3216c
9295,18296,10103,0,87,32,1,0xb32334
9296,18297,10103,0,87,32,1,0xb324f0
9297,18298,10103,0,87,32,1,0xb326c0
9298,18299,10103,0,87,32,1,0xb328b8
9299,18300,10103,2,87,32,7,0xb32aa0
9300,18301,15401,0,128,32,7,0xb32c18
9301,18302,15401,0,128,32,7,0xb32cd8
9302,18303,15401,0,128,32,7,0xb32da8
9303,18304,15401,0,128,32,7,0xb32eac
9304,18305,15401,0,128,32,7,0xb33010
9305,18306,15401,0,128,32,7,0xb33250
9306,18307,15401,0,128,32,7,0xb334b8
9307,18308,15401,0,128,32,7,0xb33778
9308,18309,15401,0,128,32,7,0xb33a94
9309,18310,15401,0,128,32,7,0xb33dd4
9310,18311,15401,0,128,32,7,0xb341a0
9311,18312,15401,0,128,32,7,0xb34640
9312,18313,15401,0,128,32,7,0xb34b5c
9313,18314,15401,0,128,32,7,0xb35078
9314,18315,15401,0,128,32,7,0xb355f8
9315,18316,15401,0,128,32,7,0xb35ba8
9316,18317,15401,0,128,32,7,0xb3624c
9317,18318,15401,0,128,32,7,0xb368c8
9318,18319,15401,0,128,32,7,0xb37004
9319,18320,15401,0,128,32,7,0xb37674
9320,18321,15401,0,128,32,7,0xb37d64
9321,18322,15401,0,128,32,7,0xb38400
9322,18323,15401,0,128,32,7,0xb38adc
9323,18324,15401,0,128,32,7,0xb39178
9324,18325,15401,0,128,32,7,0xb398bc
9325,18326,15401,0,128,32,7,0xb39ec8
9326,18327,15401,0,128,32,7,0xb3a4d0
9327,18328,15401,0,128,32,7,0xb3aac0
9328,18329,15401,0,128,32,7,0xb3aff0
9329,18330,15401,0,128,32,7,0xb3b504
9330,18331,15401,0,128,32,7,0xb3ba28
9331,18332,15401,0,128,32,7,0xb3bde8
9332,18333,15401,0,128,32,7,0xb3c184
9333,18334,15401,0,128,32,7,0xb3c4c4
9334,18335,15401,0,128,32,7,0xb3c6e0
9335,18336,15401,0,128,32,7,0xb3c8c8
9336,18337,15401,0,128,32,7,0xb3cac4
9337,18338,15401,0,128,32,7,0xb3cbd8
9338,18339,15401,0,128,32,7,0xb3cc6c
9339,18340,15401,0,128,32,7,0xb3cd2c
9340,18341,15401,0,128,32,7,0xb3cdfc
9341,18342,15401,0,128,32,7,0xb3cf04
9342,18343,15401,0,128,32,7,0xb3d068
9343,18344,15401,0,128,32,7,0xb3d2ac
9344,18345,15401,0,128,32,7,0xb3d518
9345,18346,15401,0,128,32,7,0xb3d7d8
9346,18347,15401,0,128,32,7,0xb3daf4
9347,18348,15401,0,128,32,7,0xb3de38
9348,18349,15401,0,128,32,7,0xb3e208
9349,18350,15401,0,128,32,7,0xb3e6ac
9350,18351,15401,0,128,32,7,0xb3ebc8
9351,18352,15401,0,128,32,7,0xb3f0e8
9352,18353,15401,0,128,32,7,0xb3f664
9353,18354,15401,0,128,32,7,0xb3fc14
9354,18355,15401,0,128,32,7,0xb402b8
9355,18356,15401,0,128,32,7,0xb40948
9356,18357,15401,0,128,32,7,0xb41084
9357,18358,15401,0,128,32,7,0xb416f4
9358,18359,15401,0,128,32,7,0xb41de4
9359,18360,15401,0,128,32,7,0xb42480
9360,18361,15401,0,128,32,7,0xb42b5c
9361,18362,15401,0,128,32,7,0xb431f4
9362,18363,15401,0,128,32,7,0xb4393c
9363,18364,15401,0,128,32,7,0xb43f44
9364,18365,15401,0,128,32,7,0xb44548
9365,18366,15401,0,128,32,7,0xb44b34
9366,18367,15401,0,128,32,7,0xb45060
9367,18368,15401,0,128,32,7,0xb45574
9368,18369,15401,0,128,32,7,0xb45a98
9369,18370,15401,0,128,32,7,0xb45e58
9370,18371,15401,0,128,32,7,0xb461f0
9371,18372,15401,0,128,32,7,0xb4652c
9372,18373,15401,0,128,32,7,0xb46744
9373,18374,15401,0,128,32,7,0xb4692c
9374,18375,15401,0,128,32,7,0xb46b28
9375,18376,15401,2,128,32,7,0xb46c3c
9376,18377,15082,0,218,32,7,0xb46cd0
9377,18378,15082,0,218,32,7,0xb475a8
9378,18379,15082,0,218,32,7,0xb47ed4
9379,18380,15082,0,218,32,7,0xb487c4
9380,18381,15082,0,218,32,7,0xb490cc
9381,18382,15082,0,218,32,7,0xb49a10
9382,18383,15082,0,218,32,7,0xb4a450
9383,18384,15082,0,218,32,7,0xb4ad28
9384,18385,15082,0,218,32,7,0xb4b654
9385,18386,15082,0,218,32,7,0xb4bf3c
9386,18387,15082,0,218,32,7,0xb4c844
9387,18388,15082,2,218,32,7,0xb4d184
9388,18389,15172,4,87,32,7,0xb4dbc0
9389,18390,15172,5,87,32,9,0xb4de94
9390,18391,15172,5,87,32,9,0xb4dec4
9391,18392,15172,5,87,32,9,0xb4def8
9392,18393,15172,5,87,32,9,0xb4df28
9393,18394,15172,5,87,32,9,0xb4df60
9394,18395,15172,5,87,32,9,0xb4dfa8
9395,18396,15172,5,87,32,9,0xb4dfe8
9396,18397,15172,5,87,32,9,0xb4e028
9397,18398,15172,5,87,32,9,0xb4e06c
9398,18399,15172,5,87,32,9,0xb4e0c4
9399,18400,15172,5,87,32,3,0xb4e118
9400,18401,15172,5,87,32,3,0xb4e170
9401,18402,15172,5,87,32,9,0xb4e1d0
9402,18403,15172,5,87,32,3,0xb4e238
9403,18404,15172,5,87,32,9,0xb4e2b8
9404,18405,15172,5,87,32,3,0xb4e338
9405,18406,15172,5,87,32,3,0xb4e3c0
9406,18407,15172,5,87,32,9,0xb4e448
9407,18408,15172,5,87,32,9,0xb4e4e4
9408,18409,15172,5,87,32,9,0xb4e56c
9409,18410,15172,5,87,32,9,0xb4e5fc
9410,18411,15172,5,87,32,9,0xb4e69c
9411,18412,15172,5,87,32,9,0xb4e744
9412,18413,15172,5,87,32,3,0xb4e804
9413,18414,15172,5,87,32,9,0xb4e8d8
9414,18415,15172,5,87,32,9,0xb4e9a8
9415,18416,15172,5,87,32,9,0xb4ea84
9416,18417,15172,5,87,32,9,0xb4eb6c
9417,18418,15172,5,87,32,9,0xb4ec60
9418,18419,15172,5,87,32,9,0xb4ed74
9419,18420,15172,5,87,32,9,0xb4eeb0
9420,18421,15172,5,87,32,9,0xb4f068
9421,18422,15172,5,87,32,9,0xb4f2b8
9422,18423,15172,5,87,32,9,0xb4f594
9423,18424,15172,5,87,32,9,0xb4f908
9424,18425,15172,5,87,32,3,0xb4fd2c
9425,18426,15172,1,87,32,3,0xb501fc
9426,18427,15172,0,87,32,12,0xb50768
9427,18428,15172,0,87,32,12,0xb50ce8
9428,18429,15172,0,87,32,12,0xb51268
9429,18430,15172,0,87,32,12,0xb517e8
9430,18431,15172,0,87,32,12,0xb51d68
9431,18432,15172,0,87,32,12,0xb522e8
9432,18433,15172,0,87,32,12,0xb52868
9433,18434,15172,0,87,32,12,0xb52de8
9434,18435,15172,0,87,32,12,0xb53368
9435,18436,15172,0,87,32,12,0xb538e8
9436,18437,15172,0,87,32,12,0xb53e68
9437,18438,15172,2,87,32,12,0xb543e8
9438,18439,17008,4,128,32,7,0xb54968
9439,18440,17008,5,128,32,9,0xb54b0c
9440,18441,17008,5,128,32,9,0xb54b60
9441,18442,17008,1,128,32,9,0xb54bf0
9442,18443,17008,0,128,32,7,0xb54d9c
9443,18444,17008,0,128,32,7,0xb55044
9444,18445,17008,0,128,32,7,0xb552e0
9445,18446,17008,0,128,32,7,0xb5556c
9446,18447,17008,0,128,32,7,0xb55820
9447,18448,17008,4,128,32,7,0xb55ad0
9448,18449,17008,1,128,32,9,0xb55dac
9449,18450,17008,0,128,32,7,0xb55ff0
9450,18451,17008,0,128,32,7,0xb56318
9451,18452,17008,0,128,32,7,0xb56610
9452,18453,17008,0,128,32,7,0xb56940
9453,18454,17008,0,128,32,7,0xb56c38
9454,18455,17008,0,128,32,7,0xb56f6c
9455,18456,17008,0,128,32,7,0xb5725c
9456,18457,17008,2,128,32,7,0xb57440
9457,18458,16985,4,128,32,7,0xb57570
9458,18459,16985,5,128,32,9,0xb57768
9459,18460,16985,5,128,32,9,0xb577c8
9460,18461,16985,5,128,32,9,0xb57898
9461,18462,16985,1,128,32,9,0xb57a90
9462,18463,16985,0,128,32,7,0xb57cfc
9463,18464,16985,0,128,32,7,0xb58090
9464,18465,16985,0,128,32,7,0xb583d0
9465,18466,16985,0,128,32,7,0xb58610
9466,18467,16985,0,128,32,7,0xb588f0
9467,18468,16985,0,128,32,7,0xb58ba4
9468,18469,16985,0,128,32,7,0xb58e94
9469,18470,16985,0,128,32,7,0xb59130
9470,18471,16985,0,128,32,7,0xb59434
9471,18472,16985,0,128,32,7,0xb596d0
9472,18473,16985,2,128,32,1,0xb598cc
9473,18474,17188,4,86,32,7,0xb599f0
9474,18475,17188,5,86,32,9,0xb59bfc
9475,18476,17188,5,86,32,9,0xb59c64
9476,18477,17188,5,86,32,9,0xb59d14
9477,18478,17188,1,86,32,9,0xb59ee8
9478,18479,17188,0,86,32,7,0xb5a1c4
9479,18480,17188,0,86,32,7,0xb5a464
9480,18481,17188,0,86,32,7,0xb5a6f8
9481,18482,17188,0,86,32,7,0xb5aa84
9482,18483,17188,0,86,32,7,0xb5af10
9483,18484,17188,0,86,32,7,0xb5b35c
9484,18485,17188,0,86,32,7,0xb5b79c
9485,18486,17188,0,86,32,7,0xb5bb84
9486,18487,17188,0,86,32,7,0xb5bf80
9487,18488,17188,0,86,32,7,0xb5c390
9488,18489,17188,0,86,32,7,0xb5c788
9489,18490,17188,0,86,32,7,0xb5cb48
9490,18491,17188,0,86,32,7,0xb5cedc
9491,18492,17188,0,86,32,7,0xb5d1e0
9492,18493,17188,0,86,32,1,0xb5d470
9493,18494,17188,0,86,32,1,0xb5d68c
9494,18495,17188,2,86,32,1,0xb5d7b4
9495,18496,17008,0,15,32,1,0xb5d854
9496,18497,17008,0,15,32,1,0xb5d8dc
9497,18498,17008,0,15,32,1,0xb5d978
9498,18499,17008,0,15,32,1,0xb5da30
9499,18500,17008,4,15,32,1,0xb5dae8
9500,18501,17008,1,15,32,3,0xb5dbc0
9501,18502,17008,0,15,32,1,0xb5dbd4
9502,18503,17008,0,15,32,1,0xb5dc8c
9503,18504,17008,2,15,32,1,0xb5dd38
9504,18505,17008,4,87,32,7,0xb5ddd4
9505,18506,17008,5,87,32,3,0xb5e0e0
9506,18507,17008,1,87,32,3,0xb5e12c
9507,18508,17008,2,87,32,7,0xb5e178
9508,18509,17008,2,87,32,7,0xb5e484
9509,18510,17008,4,87,32,7,0xb5e6cc
9510,18511,17008,5,87,32,9,0xb5e94c
9511,18512,17008,5,87,32,9,0xb5e9c8
9512,18513,17008,5,87,32,3,0xb5ea34
9513,18514,17008,1,87,32,3,0xb5ea64
9514,18515,17008,2,87,32,7,0xb5ead0
9515,18516,17008,4,87,32,7,0xb5ed50
9516,18517,17008,5,87,32,3,0xb5efd0
9517,18518,17008,1,87,32,3,0xb5f010
9518,18519,17008,2,87,32,7,0xb5f050
9519,18520,17008,2,87,32,7,0xb5f2d0
9520,18521,17008,0,87,32,7,0xb5f518
9521,18522,17008,0,87,32,7,0xb5f734
9522,18523,17008,0,87,32,7,0xb5f95c
9523,18524,17008,0,87,32,7,0xb5fb78
9524,18525,17008,0,87,32,7,0xb5fd94
9525,18526,17008,0,87,32,7,0xb5ffb0
9526,18527,17008,0,87,32,7,0xb601d0
9527,18528,17008,0,87,32,7,0xb603f4
9528,18529,17008,2,87,32,7,0xb60614
9529,18530,17008,2,87,32,7,0xb60830
9530,18531,17008,0,87,32,7,0xb60a34
9531,18532,17008,0,87,32,7,0xb60d30
9532,18533,17008,0,87,32,7,0xb61034
9533,18534,17008,2,87,32,7,0xb61348
9534,18535,17008,0,87,32,7,0xb6166c
9535,18536,17008,2,87,32,7,0xb61990
9536,18537,17008,2,87,32,7,0xb61cb4
9537,18538,17008,4,87,32,7,0xb61f6c
9538,18539,17008,5,87,32,9,0xb6240c
9539,18540,17008,5,87,32,9,0xb62474
9540,18541,17008,5,87,32,9,0xb625e0
9541,18542,17008,5,87,32,9,0xb6263c
9542,18543,17008,5,87,32,9,0xb627a0
9543,18544,17008,5,87,32,9,0xb627f4
9544,18545,17008,5,87,32,9,0xb62950
9545,18546,17008,5,87,32,9,0xb6299c
9546,18547,17008,5,87,32,9,0xb62af0
9547,18548,17008,5,87,32,9,0xb62b3c
9548,18549,17008,5,87,32,9,0xb62c94
9549,18550,17008,5,87,32,9,0xb62ce0
9550,18551,17008,5,87,32,9,0xb62e3c
9551,18552,17008,1,87,32,9,0xb62e90
9552,18553,17008,2,87,32,7,0xb62ff4
9553,18554,17008,4,87,32,7,0xb63494
9554,18555,17008,5,87,32,9,0xb6392c
9555,18556,17008,5,87,32,9,0xb63a84
9556,18557,17008,5,87,32,9,0xb63be4
9557,18558,17008,5,87,32,9,0xb63d70
9558,18559,17008,5,87,32,3,0xb63ef0
9559,18560,17008,5,87,32,9,0xb63fc0
9560,18561,17008,5,87,32,9,0xb6413c
9561,18562,17008,5,87,32,9,0xb642bc
9562,18563,17008,5,87,32,9,0xb64440
9563,18564,17008,5,87,32,9,0xb645c8
9564,18565,17008,5,87,32,9,0xb64770
9565,18566,17008,5,87,32,9,0xb648e0
9566,18567,17008,5,87,32,9,0xb64a3c
9567,18568,17008,1,87,32,9,0xb64b88
9568,18569,17008,2,87,32,7,0xb64ce0
9569,18570,17008,2,87,32,7,0xb65178
9570,18571,17008,4,86,32,7,0xb6550c
9571,18572,17008,5,86,32,9,0xb65930
9572,18573,17008,5,86,32,9,0xb65a64
9573,18574,17008,5,86,32,9,0xb65d48
9574,18575,17008,1,86,32,9,0xb66058
9575,18576,17008,4,86,32,7,0xb664ec
9576,18577,17008,1,86,32,9,0xb66984
9577,18578,17008,0,86,32,7,0xb66dfc
9578,18579,17008,0,86,32,7,0xb672b0
9579,18580,17008,0,86,32,7,0xb6771c
9580,18581,17008,0,86,32,7,0xb67b74
9581,18582,17008,0,86,32,7,0xb67f94
9582,18583,17008,0,86,32,7,0xb68330
9583,18584,17008,0,86,32,7,0xb6864c
9584,18585,17008,0,86,32,7,0xb68958
9585,18586,17008,2,86,32,7,0xb68c7c
9586,18587,17008,0,86,32,7,0xb68f7c
9587,18588,17008,4,86,32,7,0xb69274
9588,18589,17008,5,86,32,3,0xb6952c
9589,18590,17008,1,86,32,9,0xb697d0
9590,18591,17008,2,86,32,7,0xb69950
9591,18592,17008,0,86,32,7,0xb69bfc
9592,18593,17008,4,86,32,7,0xb69ef8
9593,18594,17008,1,86,32,3,0xb6a190
9594,18595,17008,2,86,32,7,0xb6a3c4
9595,18596,17008,0,86,32,7,0xb6a614
9596,18597,17008,4,86,32,7,0xb6a900
9597,18598,17008,1,86,32,9,0xb6abac
9598,18599,17008,2,86,32,7,0xb6ad30
9599,18600,17008,0,86,32,7,0xb6af9c
9600,18601,17008,4,86,32,7,0xb6b2c4
9601,18602,17008,1,86,32,9,0xb6b59c
9602,18603,17008,2,86,32,7,0xb6b7ec
9603,18604,17008,0,86,32,7,0xb6ba48
9604,18605,17008,4,86,32,7,0xb6bd3c
9605,18606,17008,1,86,32,9,0xb6c01c
9606,18607,17008,2,86,32,7,0xb6c280
9607,18608,17008,0,86,32,7,0xb6c4f8
9608,18609,17008,4,86,32,7,0xb6c7d0
9609,18610,17008,1,86,32,9,0xb6ca68
9610,18611,17008,2,86,32,7,0xb6cc10
9611,18612,17008,0,86,32,7,0xb6ce6c
9612,18613,17008,4,86,32,7,0xb6d170
9613,18614,17008,1,86,32,9,0xb6d42c
9614,18615,17008,2,86,32,7,0xb6d670
9615,18616,17008,4,86,32,7,0xb6d8f0
9616,18617,17008,5,86,32,9,0xb6dc1c
9617,18618,17008,1,86,32,3,0xb6dee0
9618,18619,17008,2,86,32,7,0xb6e160
9619,18620,17008,0,86,32,7,0xb6e3b8
9620,18621,17008,0,86,32,7,0xb6e6d0
9621,18622,17008,0,86,32,7,0xb6e9bc
9622,18623,17008,2,86,32,7,0xb6ec64
9623,18624,17008,0,86,32,7,0xb6eeec
9624,18625,17008,0,86,32,7,0xb6f1e4
9625,18626,17008,0,86,32,7,0xb6f498
9626,18627,17008,2,86,32,7,0xb6f71c
9627,18628,9542,0,87,32,12,0xb6f984
9628,18629,9542,0,87,32,12,0xb6ff04
9629,18630,9542,0,87,32,12,0xb70484
9630,18631,9542,0,87,32,12,0xb70a04
9631,18632,9542,0,87,32,12,0xb70f84
9632,18633,9542,0,87,32,12,0xb71504
9633,18634,9542,0,87,32,12,0xb71a84
9634,18635,9542,0,87,32,12,0xb72004
9635,18636,9542,0,87,32,12,0xb72584
9636,18637,9542,0,87,32,12,0xb72b04
9637,18638,9542,0,87,32,12,0xb73084
9638,18639,9542,0,87,32,12,0xb73604
9639,18640,9542,0,87,32,12,0xb73b84
9640,18641,9542,0,87,32,12,0xb74104
9641,18642,9542,0,87,32,12,0xb74684
9642,18643,9542,0,87,32,12,0xb74c04
9643,18644,9542,0,87,32,12,0xb75184
9644,18645,9542,0,87,32,12,0xb75704
9645,18646,9542,0,87,32,12,0xb75c84
9646,18647,9542,0,87,32,12,0xb76204
9647,18648,9542,0,87,32,12,0xb76784
9648,18649,9542,0,87,32,12,0xb76d04
9649,18650,9542,0,87,32,12,0xb77284
9650,18651,9542,0,87,32,12,0xb77804
9651,18652,9542,0,87,32,12,0xb77d84
9652,18653,9542,0,87,32,12,0xb78304
9653,18654,9542,2,87,32,12,0xb78884
9654,18655,9542,4,87,32,1,0xb78e04
9655,18656,9542,5,87,32,3,0xb79150
9656,18657,9542,1,87,32,9,0xb792ac
9657,18658,9542,2,87,32,1,0xb79378
9658,18659,9542,4,87,32,1,0xb796c8
9659,18660,9542,5,87,32,3,0xb79a14
9660,18661,9542,1,87,32,9,0xb79b70
9661,18662,9542,2,87,32,1,0xb79c3c
9662,18663,9542,4,87,32,1,0xb79f8c
9663,18664,9542,1,87,32,9,0xb7a238
9664,18665,9542,2,87,32,1,0xb7a314
9665,18666,9542,0,87,32,1,0xb7a634
9666,18667,9542,4,87,32,1,0xb7a940
9667,18668,9542,5,87,32,9,0xb7ac48
9668,18669,9542,5,87,32,9,0xb7ae30
9669,18670,9542,1,87,32,9,0xb7b0e4
9670,18671,9542,4,87,32,1,0xb7b1e8
9671,18672,9542,1,87,32,3,0xb7b4e4
9672,18673,9542,2,87,32,1,0xb7b6d0
9673,18674,9542,0,87,32,1,0xb7b9d8
9674,18675,9542,4,87,32,1,0xb7bdfc
9675,18676,9542,5,87,32,3,0xb7c228
9676,18677,9542,5,87,32,9,0xb7c504
9677,18678,9542,1,87,32,9,0xb7c8c4
9678,18679,9542,4,87,32,1,0xb7ca94
9679,18680,9542,1,87,32,3,0xb7ceb8
9680,18681,9542,2,87,32,1,0xb7d194
9681,18682,9542,0,87,32,1,0xb7d5b4
9682,18683,9542,0,87,32,1,0xb7d860
9683,18684,9542,0,87,32,1,0xb7dbfc
9684,18685,9542,0,87,32,1,0xb7df84
9685,18686,9542,0,87,32,1,0xb7e198
9686,18687,9542,2,87,32,1,0xb7e474
9687,18688,9542,0,87,32,7,0xb7e738
9688,18689,9542,4,87,32,7,0xb7eba4
9689,18690,9542,1,87,32,9,0xb7f018
9690,18691,9542,4,87,32,7,0xb7f110
9691,18692,9542,5,87,32,9,0xb7f57c
9692,18693,9542,5,87,32,9,0xb7f6b8
9693,18694,9542,1,87,32,9,0xb7fa44
9694,18695,9542,2,87,32,7,0xb7fb8c
9695,18696,9542,2,86,32,7,0xb80008
9696,18697,14607,0,128,32,1,0xb80240
9697,18698,14607,0,128,32,1,0xb802d0
9698,18699,14607,0,128,32,7,0xb803d0
9699,18700,14607,4,128,32,7,0xb804f4
9700,18701,14607,5,128,32,9,0xb80614
9701,18702,14607,1,128,32,9,0xb80714
9702,18703,14607,0,128,32,7,0xb80798
9703,18704,14607,0,128,32,7,0xb808b8
9704,18705,14607,4,128,32,7,0xb80a18
9705,18706,14607,5,128,32,9,0xb80ba0
9706,18707,14607,5,128,32,9,0xb80c24
9707,18708,14607,5,128,32,9,0xb80d74
9708,18709,14607,5,128,32,9,0xb80f30
9709,18710,14607,5,128,32,9,0xb81054
9710,18711,14607,5,128,32,9,0xb81154
9711,18712,14607,5,128,32,9,0xb811d8
9712,18713,14607,5,128,32,9,0xb8130c
9713,18714,14607,5,128,32,9,0xb81478
9714,18715,14607,5,128,32,9,0xb81638
9715,18716,14607,5,128,32,9,0xb816c0
9716,18717,14607,5,128,32,9,0xb81788
9717,18718,14607,5,128,32,9,0xb81868
9718,18719,14607,5,128,32,9,0xb81950
9719,18720,14607,5,128,32,9,0xb819d4
9720,18721,14607,5,128,32,9,0xb81a70
9721,18722,14607,5,128,32,9,0xb81ae0
9722,18723,14607,5,128,32,9,0xb81b7c
9723,18724,14607,5,128,32,9,0xb81bf0
9724,18725,14607,5,128,32,9,0xb81c6c
9725,18726,14607,1,128,32,9,0xb81cc4
9726,18727,14607,0,128,32,7,0xb81d24
9727,18728,14607,0,128,32,7,0xb82000
9728,18729,14607,0,128,32,1,0xb821d0
9729,18730,14607,4,128,32,1,0xb822d8
9730,18731,14607,5,128,32,9,0xb82374
9731,18732,14607,5,128,32,9,0xb823c0
9732,18733,14607,5,128,32,9,0xb82410
9733,18734,14607,5,128,32,9,0xb82460
9734,18735,14607,5,128,32,9,0xb824a4
9735,18736,14607,5,128,32,9,0xb824e4
9736,18737,14607,5,128,32,9,0xb8251c
9737,18738,14607,5,128,32,3,0xb82558
9738,18739,14607,5,128,32,3,0xb8259c
9739,18740,14607,5,128,32,3,0xb825e4
9740,18741,14607,5,128,32,3,0xb8263c
9741,18742,14607,5,128,32,9,0xb82698
9742,18743,14607,5,128,32,3,0xb826fc
9743,18744,14607,5,128,32,9,0xb82770
9744,18745,14607,5,128,32,9,0xb827d8
9745,18746,14607,5,128,32,3,0xb82834
9746,18747,14607,5,128,32,9,0xb82898
9747,18748,14607,1,128,32,9,0xb828e8
9748,18749,14607,0,128,32,1,0xb82950
9749,18750,14607,0,128,32,1,0xb82a08
9750,18751,14607,0,128,32,1,0xb82b0c
9751,18752,14607,0,128,32,1,0xb82c24
9752,18753,14607,4,128,32,1,0xb82d08
9753,18754,14607,5,128,32,9,0xb82da4
9754,18755,14607,5,128,32,9,0xb82e20
9755,18756,14607,5,128,32,9,0xb82ed0
9756,18757,14607,5,128,32,3,0xb83010
9757,18758,14607,5,128,32,3,0xb8316c
9758,18759,14607,5,128,32,3,0xb83278
9759,18760,14607,5,128,32,9,0xb832a8
9760,18761,14607,5,128,32,9,0xb83364
9761,18762,14607,5,128,32,9,0xb83484
9762,18763,14607,5,128,32,9,0xb835bc
9763,18764,14607,5,128,32,3,0xb83674
9764,18765,14607,5,128,32,9,0xb836a4
9765,18766,14607,5,128,32,9,0xb8375c
9766,18767,14607,5,128,32,9,0xb83894
9767,18768,14607,5,128,32,9,0xb8394c
9768,18769,14607,5,128,32,9,0xb83a84
9769,18770,14607,1,128,32,3,0xb83b3c
9770,18771,14607,0,128,32,1,0xb83b6c
9771,18772,14607,0,128,32,1,0xb83cb8
9772,18773,14607,0,128,32,1,0xb83e08
9773,18774,14607,0,128,32,1,0xb83fbc
9774,18775,14607,0,128,32,7,0xb84234
9775,18776,14607,0,128,32,7,0xb84534
9776,18777,14607,0,128,32,7,0xb848c8
9777,18778,14607,0,128,32,7,0xb84c98
9778,18779,14607,0,128,32,7,0xb8505c
9779,18780,14607,0,128,32,7,0xb853fc
9780,18781,14607,0,128,32,7,0xb85788
9781,18782,14607,0,128,32,7,0xb85b44
9782,18783,14607,0,128,32,7,0xb85f24
9783,18784,14607,0,128,32,7,0xb86314
9784,18785,14607,0,128,32,7,0xb86718
9785,18786,14607,0,128,32,7,0xb86ba4
9786,18787,14607,0,128,32,7,0xb87210
9787,18788,14607,0,128,32,7,0xb87880
9788,18789,14607,0,128,32,7,0xb87fb0
9789,18790,14607,0,128,32,7,0xb8871c
9790,18791,14607,0,128,32,7,0xb88de4
9791,18792,14607,4,128,32,7,0xb8947c
9792,18793,14607,5,128,32,9,0xb89b0c
9793,18794,14607,5,128,32,9,0xb89d60
9794,18795,14607,5,128,32,9,0xb89fb4
9795,18796,14607,5,128,32,9,0xb8a1e4
9796,18797,14607,5,128,32,9,0xb8a3d4
9797,18798,14607,5,128,32,9,0xb8a644
9798,18799,14607,5,128,32,3,0xb8a8b0
9799,18800,14607,1,128,32,9,0xb8aab8
9800,18801,14607,2,128,32,7,0xb8ac10
9801,18802,17438,4,128,32,1,0xb8b224
9802,18803,17438,5,128,32,9,0xb8b7dc
9803,18804,17438,5,128,32,9,0xb8b83c
9804,18805,17438,5,128,32,9,0xb8b990
9805,18806,17438,5,128,32,9,0xb8bc20
9806,18807,17438,5,128,32,9,0xb8bdec
9807,18808,17438,5,128,32,9,0xb8bf30
9808,18809,17438,5,128,32,9,0xb8bfcc
9809,18810,17438,5,128,32,9,0xb8c144
9810,18811,17438,5,128,32,9,0xb8c308
9811,18812,17438,5,128,32,9,0xb8c524
9812,18813,17438,5,128,32,9,0xb8c7c4
9813,18814,17438,5,128,32,9,0xb8ca54
9814,18815,17438,5,128,32,9,0xb8ccf4
9815,18816,17438,5,128,32,9,0xb8cfc4
9816,18817,17438,5,128,32,9,0xb8d284
9817,18818,17438,5,128,32,9,0xb8d550
9818,18819,17438,5,128,32,9,0xb8d818
9819,18820,17438,5,128,32,9,0xb8dab0
9820,18821,17438,5,128,32,9,0xb8dd74
9821,18822,17438,5,128,32,9,0xb8e050
9822,18823,17438,5,128,32,9,0xb8e318
9823,18824,17438,1,128,32,9,0xb8e5dc
9824,18825,17438,2,128,32,1,0xb8e830
9825,18826,17438,4,87,32,7,0xb8ee50
9826,18827,17438,5,87,32,9,0xb8f148
9827,18828,17438,5,87,32,9,0xb8f1ec
9828,18829,17438,5,87,32,3,0xb8f28c
9829,18830,17438,5,87,32,9,0xb8f2f4
9830,18831,17438,1,87,32,9,0xb8f368
9831,18832,17438,4,87,32,7,0xb8f4b4
9832,18833,17438,1,87,32,9,0xb8f784
9833,18834,17438,4,87,32,7,0xb8fa50
9834,18835,17438,5,87,32,9,0xb8fd3c
9835,18836,17438,5,87,32,9,0xb8fe70
9836,18837,17438,5,87,32,9,0xb8ff60
9837,18838,17438,1,87,32,9,0xb8ffec
9838,18839,17438,2,87,32,7,0xb900b4
9839,18840,17438,0,71,32,7,0xb903b0
9840,18841,17438,2,71,32,7,0xb90794
9841,18842,17438,0,119,28,7,0xb90b80
9842,18843,17438,2,119,28,7,0xb9105c
9843,18844,17438,4,87,32,7,0xb9152c
9844,18845,17438,5,87,32,9,0xb917ac
9845,18846,17438,5,87,32,9,0xb91838
9846,18847,17438,5,87,32,9,0xb918e4
9847,18848,17438,5,87,32,3,0xb919b0
9848,18849,17438,1,87,32,3,0xb91a84
9849,18850,17438,2,87,32,7,0xb91b54
9850,18851,17438,0,87,32,1,0xb91e34
9851,18852,17438,0,87,32,1,0xb91ef0
9852,18853,17438,0,87,32,7,0xb91fb4
9853,18854,17438,0,87,32,7,0xb920e4
9854,18855,17438,4,87,32,7,0xb922f4
9855,18856,17438,5,87,32,9,0xb925f4
9856,18857,17438,5,87,32,3,0xb92858
9857,18858,17438,5,87,32,3,0xb92c40
9858,18859,17438,5,87,32,3,0xb93014
9859,18860,17438,1,87,32,3,0xb93274
9860,18861,17438,2,87,32,7,0xb93498
9861,18862,17438,0,129,32,7,0xb9391c
9862,18863,17438,0,129,32,7,0xb939dc
9863,18864,17438,0,129,32,7,0xb93b68
9864,18865,17438,0,129,32,7,0xb93d9c
9865,18866,17438,0,129,32,7,0xb94018
9866,18867,17438,0,129,32,7,0xb942cc
9867,18868,17438,0,129,32,7,0xb945bc
9868,18869,17438,0,129,32,7,0xb94900
9869,18870,17438,0,129,32,7,0xb94cb4
9870,18871,17438,0,129,32,7,0xb9506c
9871,18872,17438,0,129,32,7,0xb95430
9872,18873,17438,0,129,32,7,0xb957b0
9873,18874,17438,0,129,32,7,0xb95afc
9874,18875,17438,0,129,32,7,0xb95e30
9875,18876,17438,0,129,32,7,0xb961b8
9876,18877,17438,0,129,32,7,0xb96618
9877,18878,17438,0,129,32,7,0xb96b30
9878,18879,17438,0,129,32,7,0xb97004
9879,18880,17438,0,129,32,7,0xb974a4
9880,18881,17438,0,129,32,7,0xb9798c
9881,18882,17438,0,129,32,7,0xb97e28
9882,18883,17438,0,129,32,7,0xb98260
9883,18884,17438,0,129,32,7,0xb98650
9884,18885,17438,0,129,32,7,0xb989ec
9885,18886,17438,0,129,32,7,0xb98cd0
9886,18887,17438,0,129,32,7,0xb98fc4
9887,18888,17438,0,129,32,7,0xb992b4
9888,18889,17438,0,129,32,7,0xb9958c
9889,18890,17438,0,129,32,7,0xb99850
9890,18891,17438,0,129,32,7,0xb99b40
9891,18892,17438,0,129,32,7,0xb99e20
9892,18893,17438,0,129,32,7,0xb9a130
9893,18894,17438,0,129,32,7,0xb9a430
9894,18895,17438,0,129,32,7,0xb9a70c
9895,18896,17438,0,129,32,7,0xb9a9c8
9896,18897,17438,0,129,32,7,0xb9acb0
9897,18898,17438,0,129,32,7,0xb9af54
9898,18899,17438,0,129,32,7,0xb9b1fc
9899,18900,17438,0,129,32,7,0xb9b464
9900,18901,17438,0,129,32,7,0xb9b614
9901,18902,17438,4,129,32,7,0xb9b730
9902,18903,17438,5,129,32,9,0xb9b7e8
9903,18904,17438,5,129,32,9,0xb9b890
9904,18905,17438,1,129,32,9,0xb9b91c
9905,18906,17438,2,129,32,7,0xb9b980
9906,18907,17438,4,87,32,7,0xb9ba20
9907,18908,17438,5,87,32,9,0xb9bd60
9908,18909,17438,5,87,32,9,0xb9bde8
9909,18910,17438,5,87,32,9,0xb9bee0
9910,18911,17438,5,87,32,9,0xb9bfd0
9911,18912,17438,5,87,32,9,0xb9c0e4
9912,18913,17438,5,87,32,3,0xb9c1e4
9913,18914,17438,5,87,32,3,0xb9c270
9914,18915,17438,5,87,32,9,0xb9c2ec
9915,18916,17438,5,87,32,9,0xb9c32c
9916,18917,17438,5,87,32,3,0xb9c378
9917,18918,17438,5,87,32,3,0xb9c3a8
9918,18919,17438,5,87,32,9,0xb9c3e8
9919,18920,17438,5,87,32,9,0xb9c4f8
9920,18921,17438,1,87,32,9,0xb9c634
9921,18922,17438,2,87,32,7,0xb9c7b0
9922,18923,17438,0,97,27,7,0xb9cb08
9923,18924,17438,2,97,27,7,0xb9ce90
9924,18925,17438,0,129,32,7,0xb9d218
9925,18926,17438,0,129,32,7,0xb9d354
9926,18927,17438,0,129,32,7,0xb9d5d4
9927,18928,17438,0,129,32,7,0xb9d9b4
9928,18929,17438,0,129,32,7,0xb9de98
9929,18930,17438,0,129,32,7,0xb9e404
9930,18931,17438,0,129,32,7,0xb9ea14
9931,18932,17438,0,129,32,7,0xb9f090
9932,18933,17438,0,129,32,7,0xb9f728
9933,18934,17438,0,129,32,7,0xb9fda4
9934,18935,17438,0,129,32,7,0xba03b4
9935,18936,17438,0,129,32,7,0xba095c
9936,18937,17438,0,129,32,7,0xba0e14
9937,18938,17438,0,129,32,7,0xba123c
9938,18939,17438,0,129,32,7,0xba156c
9939,18940,17438,0,129,32,7,0xba17c4
9940,18941,17438,2,129,32,7,0xba1984
9941,18942,17438,4,87,32,7,0xba1a80
9942,18943,17438,5,87,32,3,0xba1e94
9943,18944,17438,5,87,32,9,0xba1f28
9944,18945,17438,5,87,32,3,0xba21d0
9945,18946,17438,5,87,32,9,0xba24b4
9946,18947,17438,5,87,32,3,0xba26c4
9947,18948,17438,5,87,32,3,0xba28d4
9948,18949,17438,3,87,32,9,0xba2bc0
9949,18950,17438,0,129,32,7,0xba2e68
9950,18951,17438,0,129,32,7,0xba3048
9951,18952,17438,0,129,32,7,0xba32b0
9952,18953,17438,0,129,32,7,0xba3580
9953,18954,17438,0,129,32,7,0xba3888
9954,18955,17438,0,129,32,7,0xba3bdc
9955,18956,17438,0,129,32,7,0xba3f84
9956,18957,17438,0,129,32,7,0xba433c
9957,18958,17438,0,129,32,7,0xba4718
9958,18959,17438,0,129,32,7,0xba4afc
9959,18960,17438,0,129,32,7,0xba4f10
9960,18961,17438,0,129,32,7,0xba5314
9961,18962,17438,0,129,32,7,0xba5704
9962,18963,17438,0,129,32,7,0xba5a90
9963,18964,17438,0,129,32,7,0xba5dfc
9964,18965,17438,0,129,32,7,0xba61a8
9965,18966,17438,0,129,32,7,0xba655c
9966,18967,17438,0,129,32,7,0xba6934
9967,18968,17438,0,129,32,7,0xba6d04
9968,18969,17438,0,129,32,7,0xba7104
9969,18970,17438,0,129,32,7,0xba74fc
9970,18971,17438,0,129,32,7,0xba7820
9971,18972,17438,0,129,32,7,0xba7bfc
9972,18973,17438,0,129,32,7,0xba8010
9973,18974,17438,0,129,32,7,0xba828c
9974,18975,17438,4,129,32,7,0xba8334
9975,18976,17438,1,129,32,9,0xba83d0
9976,18977,17438,2,129,32,7,0xba844c
9977,18978,17438,0,87,32,7,0xba84f8
9978,18979,17438,0,87,32,7,0xba8728
9979,18980,17438,0,87,32,7,0xba8908
9980,18981,17438,0,87,32,7,0xba8a64
9981,18982,17438,0,87,32,7,0xba8bc8
9982,18983,17438,0,87,32,7,0xba8df4
9983,18984,17438,4,87,32,7,0xba9084
9984,18985,17438,5,87,32,3,0xba9318
9985,18986,17438,5,87,32,3,0xba933c
9986,18987,17438,1,87,32,3,0xba941c
9987,18988,17438,0,87,32,7,0xba9684
9988,18989,17438,4,87,32,7,0xba9a6c
9989,18990,17438,5,87,32,3,0xba9e68
9990,18991,17438,1,87,32,3,0xbaa288
9991,18992,17438,2,87,32,7,0xbaa5e4
9992,18993,17438,4,87,32,1,0xbaaa38
9993,18994,17438,5,87,32,3,0xbaabb8
9994,18995,17438,5,87,32,3,0xbaac40
9995,18996,17438,1,87,32,3,0xbaacb0
9996,18997,17438,0,87,32,1,0xbaad10
9997,18998,17438,0,87,32,7,0xbaaee0
9998,18999,17438,0,87,32,7,0xbab114
9999,19000,17438,0,87,32,7,0xbab3c0
10000,19001,17438,2,87,32,1,0xbab478
10001,19002,17438,4,87,32,1,0xbab4b4
10002,19003,17438,5,87,32,3,0xbab5e8
10003,19004,17438,5,87,32,3,0xbab698
10004,19005,17438,5,87,32,9,0xbab784
10005,19006,17438,5,87,32,3,0xbab834
10006,19007,17438,1,87,32,3,0xbab8b8
10007,19008,17438,0,87,32,1,0xbab968
10008,19009,17438,0,87,32,1,0xbabad4
10009,19010,17438,0,87,32,1,0xbabc38
10010,19011,17438,0,87,32,1,0xbabdac
10011,19012,17438,0,87,32,1,0xbabea4
10012,19013,17438,0,87,32,1,0xbabf28
10013,19014,17438,0,87,32,1,0xbabf7c
10014,19015,17438,0,87,32,1,0xbabfc4
10015,19016,17438,0,87,32,1,0xbac004
10016,19017,17438,0,87,32,1,0xbac040
10017,19018,17438,2,87,32,1,0xbac07c
10018,19019,17438,0,87,32,7,0xbac0b8
10019,19020,17438,0,87,32,7,0xbac2d8
10020,19021,17438,0,87,32,7,0xbac4c4
10021,19022,17438,0,87,32,7,0xbac61c
10022,19023,17438,0,87,32,7,0xbac778
10023,19024,17438,0,87,32,7,0xbac8cc
10024,19025,17438,0,87,32,7,0xbac9a4
10025,19026,17438,0,87,32,7,0xbaca84
10026,19027,17438,0,87,32,7,0xbacc60
10027,19028,17438,0,87,32,7,0xbacd80
10028,19029,17438,0,87,32,7,0xbace98
10029,19030,17438,0,87,32,1,0xbacfa4
10030,19031,17438,0,87,32,7,0xbacfe0
10031,19032,17438,0,87,32,7,0xbad194
10032,19033,17438,0,87,32,7,0xbad3f4
10033,19034,17438,0,87,32,7,0xbad52c
10034,19035,17438,0,87,32,7,0xbad634
10035,19036,17438,0,87,32,7,0xbad744
10036,19037,17438,0,87,32,7,0xbad7f8
10037,19038,17438,0,87,32,7,0xbad8d8
10038,19039,17438,0,87,32,7,0xbad944
10039,19040,17438,0,87,32,7,0xbad988
10040,19041,17438,2,87,32,7,0xbad9c8
10041,19042,17430,0,87,32,7,0xbada08
10042,19043,17430,0,87,32,7,0xbadcf0
10043,19044,17430,0,87,32,7,0xbadfe0
10044,19045,17430,0,87,32,7,0xbae26c
10045,19046,17430,0,87,32,7,0xbae52c
10046,19047,17430,0,87,32,7,0xbae730
10047,19048,17430,0,87,32,7,0xbae930
10048,19049,17430,0,87,32,7,0xbaeaf0
10049,19050,17430,0,87,32,7,0xbaedd0
10050,19051,17430,0,87,32,7,0xbaf0e8
10051,19052,17430,0,87,32,7,0xbaf2d0
10052,19053,17430,0,87,32,1,0xbaf36c
10053,19054,17430,0,87,32,1,0xbaf3a8
10054,19055,17430,0,87,32,1,0xbaf494
10055,19056,17430,0,87,32,1,0xbaf588
10056,19057,17430,0,87,32,1,0xbaf680
10057,19058,17430,0,87,32,7,0xbaf780
10058,19059,17430,0,87,32,7,0xbaf88c
10059,19060,17430,0,87,32,7,0xbaf9a8
10060,19061,17430,0,87,32,1,0xbafac8
10061,19062,17430,0,87,32,1,0xbafbe8
10062,19063,17430,0,87,32,1,0xbafce8
10063,19064,17430,0,87,32,1,0xbafde8
10064,19065,17430,0,87,32,1,0xbafee0
10065,19066,17430,0,87,32,1,0xbaffdc
10066,19067,17430,0,87,32,1,0xbb00ec
10067,19068,17430,0,87,32,1,0xbb0208
10068,19069,17430,0,87,32,7,0xbb0330
10069,19070,17430,2,87,32,1,0xbb0460
10070,19071,18302,4,87,32,7,0xbb0594
10071,19072,18302,5,87,32,9,0xbb05e4
10072,19073,18302,5,87,32,9,0xbb062c
10073,19074,18302,5,87,32,9,0xbb0688
10074,19075,18302,5,87,32,9,0xbb06f8
10075,19076,18302,5,87,32,3,0xbb077c
10076,19077,18302,5,87,32,3,0xbb0814
10077,19078,18302,1,87,32,3,0xbb08b8
10078,19079,18302,0,87,32,1,0xbb0970
10079,19080,18302,0,87,32,1,0xbb0a3c
10080,19081,18302,0,87,32,1,0xbb0b10
10081,19082,18302,0,87,32,1,0xbb0bf8
10082,19083,18302,0,87,32,1,0xbb0cec
10083,19084,18302,0,87,32,1,0xbb0de4
10084,19085,18302,0,87,32,1,0xbb0ee8
10085,19086,18302,4,87,32,1,0xbb0ff8
10086,19087,18302,5,87,32,3,0xbb1100
10087,19088,18302,5,87,32,3,0xbb11b8
10088,19089,18302,5,87,32,3,0xbb1270
10089,19090,18302,1,87,32,3,0xbb1340
10090,19091,18302,2,87,32,1,0xbb13b4
10091,19092,18329,0,87,32,1,0xbb14c4
10092,19093,18329,0,87,32,1,0xbb1534
10093,19094,18329,0,87,32,1,0xbb15a4
10094,19095,18329,0,87,32,1,0xbb1614
10095,19096,18329,0,87,32,1,0xbb1688
10096,19097,18329,0,87,32,1,0xbb16fc
10097,19098,18329,0,87,32,1,0xbb1770
10098,19099,18329,0,87,32,1,0xbb17e0
10099,19100,18329,0,87,32,1,0xbb1854
10100,19101,18329,0,87,32,1,0xbb18c8
10101,19102,18329,0,87,32,1,0xbb1948
10102,19103,18329,0,87,32,1,0xbb19c0
10103,19104,18329,0,87,32,1,0xbb1a38
10104,19105,18329,0,87,32,1,0xbb1ad0
10105,19106,18329,0,87,32,1,0xbb1b5c
10106,19107,18329,0,87,32,1,0xbb1bec
10107,19108,18329,0,87,32,1,0xbb1c64
10108,19109,18329,0,87,32,1,0xbb1ce4
10109,19110,18329,0,87,32,1,0xbb1d54
10110,19111,18329,0,87,32,1,0xbb1ddc
10111,19112,18329,0,87,32,1,0xbb1e74
10112,19113,18329,0,87,32,1,0xbb1ee8
10113,19114,18329,0,87,32,1,0xbb1f6c
10114,19115,18329,0,87,32,1,0xbb2008
10115,19116,18329,0,85,85,7,0xbb2098
10116,19117,18329,0,85,85,7,0xbb23b4
10117,19118,18329,0,85,85,7,0xbb2704
10118,19119,18329,0,85,85,7,0xbb2ae8
10119,19120,18329,0,85,85,7,0xbb2f40
10120,19121,18329,0,85,85,7,0xbb3374
10121,19122,18329,0,85,85,7,0xbb37a8
10122,19123,18329,0,85,85,7,0xbb3bdc
10123,19124,18329,0,85,85,7,0xbb4034
10124,19125,18329,0,85,85,7,0xbb43bc
10125,19126,18329,0,85,85,7,0xbb46f0
10126,19127,18329,0,87,32,7,0xbb4a0c
10127,19128,18329,0,87,32,7,0xbb4c50
10128,19129,18329,0,87,32,7,0xbb4ea4
10129,19130,18329,0,87,32,7,0xbb513c
10130,19131,18329,0,87,32,7,0xbb5434
10131,19132,18329,0,87,32,7,0xbb56d0
10132,19133,18329,0,87,32,7,0xbb59b4
10133,19134,18329,0,87,32,7,0xbb5c98
10134,19135,18329,0,87,32,7,0xbb5fec
10135,19136,18329,0,87,32,7,0xbb6284
10136,19137,18329,0,87,32,7,0xbb6560
10137,19138,18329,0,87,32,7,0xbb6874
10138,19139,18329,0,87,32,7,0xbb6bf8
10139,19140,18329,0,87,32,7,0xbb6ea8
10140,19141,18329,0,87,32,7,0xbb7184
10141,19142,18329,2,87,32,7,0xbb7480
10142,19143,17438,0,87,32,7,0xbb77d4
10143,19144,17438,0,87,32,7,0xbb793c
10144,19145,17438,0,87,32,7,0xbb7b0c
10145,19146,17438,0,87,32,7,0xbb7e1c
10146,19147,17438,0,87,32,7,0xbb818c
10147,19148,17438,0,87,32,7,0xbb85b0
10148,19149,17438,0,87,32,7,0xbb8a2c
10149,19150,17438,0,87,32,7,0xbb8e68
10150,19151,17438,0,87,32,7,0xbb9284
10151,19152,17438,0,87,32,7,0xbb96f0
10152,19153,17438,0,87,32,7,0xbb9b1c
10153,19154,17438,0,87,32,7,0xbb9fd4
10154,19155,17438,0,87,32,7,0xbba534
10155,19156,17438,0,87,32,7,0xbbaa8c
10156,19157,17438,4,87,32,7,0xbbb048
10157,19158,17438,1,87,32,9,0xbbb59c
10158,19159,17438,0,87,32,1,0xbbba54
10159,19160,17438,0,87,32,1,0xbbbdd4
10160,19161,17438,0,87,32,7,0xbbc138
10161,19162,17438,4,87,32,7,0xbbc6a0
10162,19163,17438,5,87,32,9,0xbbcc40
10163,19164,17438,1,87,32,9,0xbbd0dc
10164,19165,17438,0,87,32,1,0xbbd3b4
10165,19166,17438,0,87,32,7,0xbbd770
10166,19167,17438,0,87,32,7,0xbbdd68
10167,19168,17438,0,87,32,1,0xbbe284
10168,19169,17438,0,87,32,1,0xbbe73c
10169,19170,17438,0,87,32,1,0xbbeb18
10170,19171,17438,0,87,32,7,0xbbee08
10171,19172,17438,0,87,32,1,0xbbf3e4
10172,19173,17438,4,87,32,1,0xbbf908
10173,19174,17438,1,87,32,3,0xbbfd68
10174,19175,17438,0,87,32,1,0xbc002c
10175,19176,17438,0,87,32,7,0xbc032c
10176,19177,17438,0,87,32,7,0xbc0a34
10177,19178,17438,0,87,32,1,0xbc11c4
10178,19179,17438,4,87,32,1,0xbc1884
10179,19180,17438,1,87,32,3,0xbc1e00
10180,19181,17438,0,87,32,1,0xbc20d4
10181,19182,17438,0,87,32,7,0xbc2510
10182,19183,17438,0,87,32,1,0xbc2be4
10183,19184,17438,4,87,32,1,0xbc3200
10184,19185,17438,1,87,32,3,0xbc3748
10185,19186,17438,2,87,32,1,0xbc3a80
10186,19187,16985,0,15,9,7,0xbc3e2c
10187,19188,16985,0,21,9,7,0xbc3e64
10188,19189,16985,0,21,9,7,0xbc3eac
10189,19190,16985,0,21,9,7,0xbc3eec
10190,19191,16985,0,21,9,7,0xbc3f34
10191,19192,16985,0,21,9,7,0xbc3f74
10192,19193,16985,0,21,9,7,0xbc3fbc
10193,19194,16985,0,21,9,7,0xbc3ffc
10194,19195,16985,0,21,9,7,0xbc4048
10195,19196,16985,0,21,9,7,0xbc408c
10196,19197,16985,0,21,9,7,0xbc40d4
10197,19198,16985,0,21,9,7,0xbc4114
10198,19199,16985,0,21,9,7,0xbc415c
10199,19200,16985,0,21,9,7,0xbc41a0
10200,19201,16985,0,21,9,7,0xbc41e8
10201,19202,16985,0,21,9,7,0xbc4228
10202,19203,16985,0,21,9,7,0xbc4274
10203,19204,16985,0,21,9,7,0xbc42b8
10204,19205,16985,0,21,9,7,0xbc4300
10205,19206,16985,2,27,9,7,0xbc4344
10206,19207,18329,0,128,32,7,0xbc439c
10207,19208,18329,0,128,32,7,0xbc45c4
10208,19209,18329,0,128,32,7,0xbc48cc
10209,19210,18329,0,128,32,7,0xbc4cfc
10210,19211,18329,0,128,32,7,0xbc52cc
10211,19212,18329,2,128,32,7,0xbc5910
