8.0057 ready dip0=0x80
8.0695 country 0 -> 0x5350 returns 0
8.0857 call 0x340(1,0,0,0) = 2 (0x2)
8.1175 call 0x340(2,0,0,0) = 1 (0x1)
8.1496 call 0x340(3,0,0,0) = 0 (0x0)
8.1657 call 0x340(4,0,0,0) = 1 (0x1)
8.1815 call 0x340(5,0,0,0) = 2 (0x2)
8.2135 call 0x340(6,0,0,0) = 0 (0x0)
8.2457 call 0x340(7,0,0,0) = 0 (0x0)
8.2614 call 0x340(8,0,0,0) = 0 (0x0)
8.2775 call 0x340(9,0,0,0) = 1 (0x1)
8.3095 call 0x340(10,0,0,0) = 1 (0x1)
8.3257 call 0x340(11,0,0,0) = 3 (0x3)
8.3575 call 0x340(12,0,0,0) = 10 (0xa)
8.3895 call 0x340(13,0,0,0) = 0 (0x0)
8.4060 call 0x340(14,0,0,0) = 1 (0x1)
8.4215 call 0x340(15,0,0,0) = 20000000 (0x1312d00)
8.4535 call 0x340(16,0,0,0) = 60000000 (0x3938700)
8.4857 call 0x340(17,0,0,0) = 15000000 (0xe4e1c0)
8.5014 call 0x340(18,0,0,0) = 30000000 (0x1c9c380)
8.5335 call 0x340(19,0,0,0) = 45000000 (0x2aea540)
8.5513 call 0x340(20,0,0,0) = 60000000 (0x3938700)
8.5660 call 0x340(21,0,0,0) = 1 (0x1)
8.5817 call 0x340(22,0,0,0) = 1 (0x1)
8.6137 call 0x340(23,0,0,0) = 0 (0x0)
8.6459 call 0x340(24,0,0,0) = 10 (0xa)
8.6618 call 0x340(25,0,0,0) = 5 (0x5)
8.6777 call 0x340(26,0,0,0) = 5 (0x5)
8.7097 call 0x340(27,0,0,0) = 25 (0x19)
8.7260 call 0x340(28,0,0,0) = 66 (0x42)
8.7577 call 0x340(29,0,0,0) = 0 (0x0)
8.7897 call 0x340(30,0,0,0) = 9 (0x9)
8.8060 call 0x340(31,0,0,0) = 3 (0x3)
8.8217 call 0x340(32,0,0,0) = 2 (0x2)
8.8537 call 0x340(33,0,0,0) = 30 (0x1e)
8.8859 call 0x340(34,0,0,0) = 0 (0x0)
8.9017 call 0x340(35,0,0,0) = 2 (0x2)
8.9178 call 0x340(36,0,0,0) = 1 (0x1)
8.9497 call 0x340(37,0,0,0) = 0 (0x0)
8.9660 call 0x340(38,0,0,0) = 5 (0x5)
8.9977 call 0x340(39,0,0,0) = 0 (0x0)
9.0297 call 0x340(40,0,0,0) = 0 (0x0)
9.0460 call 0x340(41,0,0,0) = 0 (0x0)
9.0617 call 0x340(42,0,0,0) = 0 (0x0)
9.0937 call 0x340(43,0,0,0) = 1 (0x1)
9.1259 call 0x340(44,0,0,0) = 0 (0x0)
9.1417 call 0x340(45,0,0,0) = 0 (0x0)
9.1738 call 0x340(46,0,0,0) = 1 (0x1)
9.1897 call 0x340(47,0,0,0) = 0 (0x0)
9.2060 call 0x340(48,0,0,0) = 1 (0x1)
9.2377 call 0x340(49,0,0,0) = 75000000 (0x47868c0)
9.2697 call 0x340(50,0,0,0) = 55000000 (0x3473bc0)
9.2860 call 0x340(51,0,0,0) = 40000000 (0x2625a00)
9.3017 call 0x340(52,0,0,0) = 30000000 (0x1c9c380)
9.3337 call 0x340(53,0,0,0) = 25000000 (0x17d7840)
9.3659 call 0x340(54,0,0,0) = 0 (0x0)
9.3817 call 0x340(55,0,0,0) = 1 (0x1)
9.3978 call 0x340(56,0,0,0) = 1 (0x1)
9.4298 call 0x340(57,0,0,0) = 0 (0x0)
9.4460 call 0x340(58,0,0,0) = 0 (0x0)
9.4617 call 0x340(59,0,0,0) = 0 (0x0)
9.4937 call 0x340(60,0,0,0) = 0 (0x0)
9.5259 call 0x340(61,0,0,0) = 2000 (0x7d0)
9.5417 call 0x340(62,0,0,0) = 30 (0x1e)
9.5577 call 0x340(63,0,0,0) = 1 (0x1)
9.5897 call 0x340(64,0,0,0) = 0 (0x0)
9.6060 call 0x340(65,0,0,0) = 0 (0x0)
9.6377 call 0x340(66,0,0,0) = 3 (0x3)
9.6697 call 0x340(67,0,0,0) = 1 (0x1)
9.6861 call 0x340(68,0,0,0) = 0 (0x0)
9.7017 call 0x340(69,0,0,0) = 0 (0x0)
9.7337 call 0x340(70,0,0,0) = 0 (0x0)
9.7659 call 0x340(71,0,0,0) = 2 (0x2)
9.7817 call 0x340(72,0,0,0) = 45 (0x2d)
9.8137 call 0x340(73,0,0,0) = 45 (0x2d)
9.8297 call 0x340(74,0,0,0) = 45 (0x2d)
9.8460 call 0x340(75,0,0,0) = 20 (0x14)
9.8777 call 0x340(76,0,0,0) = 15 (0xf)
9.9097 call 0x340(77,0,0,0) = 25 (0x19)
9.9260 call 0x340(78,0,0,0) = 15 (0xf)
9.9418 call 0x340(79,0,0,0) = 45 (0x2d)
9.9737 call 0x340(80,0,0,0) = 40 (0x28)
10.0059 call 0x340(81,0,0,0) = 25 (0x19)
10.0217 call 0x340(82,0,0,0) = 1 (0x1)
10.0537 call 0x340(83,0,0,0) = 5 (0x5)
10.0697 call 0x340(84,0,0,0) = 0 (0x0)
10.0860 call 0x340(85,0,0,0) = 0 (0x0)
10.1177 call 0x340(86,0,0,0) = 0 (0x0)
10.1497 call 0x340(87,0,0,0) = 1 (0x1)
10.1660 call 0x340(88,0,0,0) = 1 (0x1)
10.1978 call 0x340(89,0,0,0) = 1 (0x1)
10.2137 call 0x340(90,0,0,0) = 20 (0x14)
10.2459 call 0x340(91,0,0,0) = 0 (0x0)
10.2617 call 0x340(92,0,0,0) = 0 (0x0)
10.2937 call 0x340(93,0,0,0) = 327681 (0x50001)
10.3260 call 0x340(94,0,0,0) = 0 (0x0)
10.3417 call 0x340(95,0,0,0) = 0 (0x0)
10.3737 call 0x340(96,0,0,0) = 3 (0x3)
10.3898 call 0x340(97,0,0,0) = 0 (0x0)
10.4060 call 0x340(98,0,0,0) = 0 (0x0)
10.4699 country 1 -> 0x5350 returns 1
10.4860 call 0x340(1,0,0,0) = 2 (0x2)
10.5177 call 0x340(2,0,0,0) = 1 (0x1)
10.5499 call 0x340(3,0,0,0) = 0 (0x0)
10.5679 call 0x340(4,0,0,0) = 1 (0x1)
10.5820 call 0x340(5,0,0,0) = 2 (0x2)
10.5980 call 0x340(6,0,0,0) = 0 (0x0)
10.6140 call 0x340(7,0,0,0) = 1 (0x1)
10.6462 call 0x340(8,0,0,0) = 0 (0x0)
10.6620 call 0x340(9,0,0,0) = 1 (0x1)
10.6940 call 0x340(10,0,0,0) = 0 (0x0)
10.7101 call 0x340(11,0,0,0) = 3 (0x3)
10.7264 call 0x340(12,0,0,0) = 10 (0xa)
10.7420 call 0x340(13,0,0,0) = 0 (0x0)
10.7739 call 0x340(14,0,0,0) = 1 (0x1)
10.8062 call 0x340(15,0,0,0) = 20000000 (0x1312d00)
10.8220 call 0x340(16,0,0,0) = 60000000 (0x3938700)
10.8380 call 0x340(17,0,0,0) = 15000000 (0xe4e1c0)
10.8540 call 0x340(18,0,0,0) = 30000000 (0x1c9c380)
10.8862 call 0x340(19,0,0,0) = 45000000 (0x2aea540)
10.9020 call 0x340(20,0,0,0) = 60000000 (0x3938700)
10.9340 call 0x340(21,0,0,0) = 1 (0x1)
10.9662 call 0x340(22,0,0,0) = 1 (0x1)
10.9821 call 0x340(23,0,0,0) = 0 (0x0)
10.9980 call 0x340(24,0,0,0) = 10 (0xa)
11.0300 call 0x340(25,0,0,0) = 5 (0x5)
11.0462 call 0x340(26,0,0,0) = 5 (0x5)
11.0780 call 0x340(27,0,0,0) = 25 (0x19)
11.0940 call 0x340(28,0,0,0) = 19 (0x13)
11.1100 call 0x340(29,0,0,0) = 0 (0x0)
11.1262 call 0x340(30,0,0,0) = 9 (0x9)
11.1580 call 0x340(31,0,0,0) = 3 (0x3)
11.1900 call 0x340(32,0,0,0) = 2 (0x2)
11.2062 call 0x340(33,0,0,0) = 30 (0x1e)
11.2221 call 0x340(34,0,0,0) = 0 (0x0)
11.2381 call 0x340(35,0,0,0) = 2 (0x2)
11.2700 call 0x340(36,0,0,0) = 1 (0x1)
11.2862 call 0x340(37,0,0,0) = 0 (0x0)
11.3180 call 0x340(38,0,0,0) = 5 (0x5)
11.3500 call 0x340(39,0,0,0) = 0 (0x0)
11.3659 call 0x340(40,0,0,0) = 0 (0x0)
11.3821 call 0x340(41,0,0,0) = 0 (0x0)
11.3979 call 0x340(42,0,0,0) = 0 (0x0)
11.4300 call 0x340(43,0,0,0) = 1 (0x1)
11.4462 call 0x340(44,0,0,0) = 0 (0x0)
11.4781 call 0x340(45,0,0,0) = 0 (0x0)
11.4941 call 0x340(46,0,0,0) = 1 (0x1)
11.5100 call 0x340(47,0,0,0) = 0 (0x0)
11.5262 call 0x340(48,0,0,0) = 1 (0x1)
11.5580 call 0x340(49,0,0,0) = 75000000 (0x47868c0)
11.5900 call 0x340(50,0,0,0) = 55000000 (0x3473bc0)
11.6062 call 0x340(51,0,0,0) = 40000000 (0x2625a00)
11.6219 call 0x340(52,0,0,0) = 30000000 (0x1c9c380)
11.6380 call 0x340(53,0,0,0) = 25000000 (0x17d7840)
11.6700 call 0x340(54,0,0,0) = 0 (0x0)
11.6862 call 0x340(55,0,0,0) = 1 (0x1)
11.7180 call 0x340(56,0,0,0) = 1 (0x1)
11.7341 call 0x340(57,0,0,0) = 0 (0x0)
11.7501 call 0x340(58,0,0,0) = 0 (0x0)
11.7662 call 0x340(59,0,0,0) = 0 (0x0)
11.7980 call 0x340(60,0,0,0) = 0 (0x0)
11.8300 call 0x340(61,0,0,0) = 2000 (0x7d0)
11.8462 call 0x340(62,0,0,0) = 30 (0x1e)
11.8620 call 0x340(63,0,0,0) = 1 (0x1)
11.8780 call 0x340(64,0,0,0) = 0 (0x0)
11.9100 call 0x340(65,0,0,0) = 0 (0x0)
11.9262 call 0x340(66,0,0,0) = 3 (0x3)
11.9580 call 0x340(67,0,0,0) = 1 (0x1)
11.9901 call 0x340(68,0,0,0) = 0 (0x0)
12.0061 call 0x340(69,0,0,0) = 0 (0x0)
12.0219 call 0x340(70,0,0,0) = 0 (0x0)
12.0540 call 0x340(71,0,0,0) = 2 (0x2)
12.0862 call 0x340(72,0,0,0) = 45 (0x2d)
12.1020 call 0x340(73,0,0,0) = 45 (0x2d)
12.1180 call 0x340(74,0,0,0) = 45 (0x2d)
12.1340 call 0x340(75,0,0,0) = 20 (0x14)
12.1662 call 0x340(76,0,0,0) = 15 (0xf)
12.1820 call 0x340(77,0,0,0) = 25 (0x19)
12.2140 call 0x340(78,0,0,0) = 15 (0xf)
12.2462 call 0x340(79,0,0,0) = 45 (0x2d)
12.2621 call 0x340(80,0,0,0) = 40 (0x28)
12.2780 call 0x340(81,0,0,0) = 25 (0x19)
12.3100 call 0x340(82,0,0,0) = 1 (0x1)
12.3262 call 0x340(83,0,0,0) = 5 (0x5)
12.3580 call 0x340(84,0,0,0) = 0 (0x0)
12.3741 call 0x340(85,0,0,0) = 0 (0x0)
12.3899 call 0x340(86,0,0,0) = 0 (0x0)
12.4062 call 0x340(87,0,0,0) = 1 (0x1)
12.4220 call 0x340(88,0,0,0) = 1 (0x1)
12.4540 call 0x340(89,0,0,0) = 1 (0x1)
12.4862 call 0x340(90,0,0,0) = 20 (0x14)
12.5021 call 0x340(91,0,0,0) = 0 (0x0)
12.5181 call 0x340(92,0,0,0) = 0 (0x0)
12.5340 call 0x340(93,0,0,0) = 327681 (0x50001)
12.5662 call 0x340(94,0,0,0) = 0 (0x0)
12.5839 call 0x340(95,0,0,0) = 0 (0x0)
12.5982 call 0x340(96,0,0,0) = 3 (0x3)
12.6302 call 0x340(97,0,0,0) = 0 (0x0)
12.6462 call 0x340(98,0,0,0) = 0 (0x0)
12.7265 country 2 -> 0x5350 returns 2
12.7422 call 0x340(1,0,0,0) = 2 (0x2)
12.7583 call 0x340(2,0,0,0) = 1 (0x1)
12.7743 call 0x340(3,0,0,0) = 0 (0x0)
12.8065 call 0x340(4,0,0,0) = 1 (0x1)
12.8222 call 0x340(5,0,0,0) = 2 (0x2)
12.8542 call 0x340(6,0,0,0) = 0 (0x0)
12.8864 call 0x340(7,0,0,0) = 0 (0x0)
12.9022 call 0x340(8,0,0,0) = 0 (0x0)
12.9182 call 0x340(9,0,0,0) = 1 (0x1)
12.9502 call 0x340(10,0,0,0) = 1 (0x1)
12.9665 call 0x340(11,0,0,0) = 3 (0x3)
12.9982 call 0x340(12,0,0,0) = 10 (0xa)
13.0143 call 0x340(13,0,0,0) = 0 (0x0)
13.0303 call 0x340(14,0,0,0) = 1 (0x1)
13.0465 call 0x340(15,0,0,0) = 20000000 (0x1312d00)
13.0782 call 0x340(16,0,0,0) = 60000000 (0x3938700)
13.1102 call 0x340(17,0,0,0) = 15000000 (0xe4e1c0)
13.1265 call 0x340(18,0,0,0) = 30000000 (0x1c9c380)
13.1422 call 0x340(19,0,0,0) = 45000000 (0x2aea540)
13.1582 call 0x340(20,0,0,0) = 60000000 (0x3938700)
13.1902 call 0x340(21,0,0,0) = 1 (0x1)
13.2065 call 0x340(22,0,0,0) = 1 (0x1)
13.2382 call 0x340(23,0,0,0) = 0 (0x0)
13.2703 call 0x340(24,0,0,0) = 10 (0xa)
13.2863 call 0x340(25,0,0,0) = 5 (0x5)
13.3022 call 0x340(26,0,0,0) = 5 (0x5)
13.3342 call 0x340(27,0,0,0) = 25 (0x19)
13.3666 call 0x340(28,0,0,0) = 11 (0xb)
13.3822 call 0x340(29,0,0,0) = 0 (0x0)
13.3982 call 0x340(30,0,0,0) = 9 (0x9)
13.4142 call 0x340(31,0,0,0) = 3 (0x3)
13.4465 call 0x340(32,0,0,0) = 2 (0x2)
13.4622 call 0x340(33,0,0,0) = 30 (0x1e)
13.4942 call 0x340(34,0,0,0) = 0 (0x0)
13.5265 call 0x340(35,0,0,0) = 2 (0x2)
13.5423 call 0x340(36,0,0,0) = 1 (0x1)
13.5582 call 0x340(37,0,0,0) = 0 (0x0)
13.5902 call 0x340(38,0,0,0) = 5 (0x5)
13.6065 call 0x340(39,0,0,0) = 0 (0x0)
13.6382 call 0x340(40,0,0,0) = 0 (0x0)
13.6542 call 0x340(41,0,0,0) = 0 (0x0)
13.6702 call 0x340(42,0,0,0) = 0 (0x0)
13.6865 call 0x340(43,0,0,0) = 1 (0x1)
13.7182 call 0x340(44,0,0,0) = 0 (0x0)
13.7502 call 0x340(45,0,0,0) = 0 (0x0)
13.7665 call 0x340(46,0,0,0) = 1 (0x1)
13.7824 call 0x340(47,0,0,0) = 0 (0x0)
13.7984 call 0x340(48,0,0,0) = 1 (0x1)
13.8302 call 0x340(49,0,0,0) = 75000000 (0x47868c0)
13.8465 call 0x340(50,0,0,0) = 55000000 (0x3473bc0)
13.8782 call 0x340(51,0,0,0) = 40000000 (0x2625a00)
13.9102 call 0x340(52,0,0,0) = 30000000 (0x1c9c380)
13.9262 call 0x340(53,0,0,0) = 25000000 (0x17d7840)
13.9422 call 0x340(54,0,0,0) = 0 (0x0)
13.9742 call 0x340(55,0,0,0) = 1 (0x1)
14.0064 call 0x340(56,0,0,0) = 1 (0x1)
14.0222 call 0x340(57,0,0,0) = 0 (0x0)
14.0383 call 0x340(58,0,0,0) = 0 (0x0)
14.0543 call 0x340(59,0,0,0) = 0 (0x0)
14.0865 call 0x340(60,0,0,0) = 0 (0x0)
14.1022 call 0x340(61,0,0,0) = 2000 (0x7d0)
14.1342 call 0x340(62,0,0,0) = 30 (0x1e)
14.1665 call 0x340(63,0,0,0) = 1 (0x1)
14.1822 call 0x340(64,0,0,0) = 0 (0x0)
14.1982 call 0x340(65,0,0,0) = 0 (0x0)
14.2302 call 0x340(66,0,0,0) = 3 (0x3)
14.2465 call 0x340(67,0,0,0) = 1 (0x1)
14.2782 call 0x340(68,0,0,0) = 0 (0x0)
14.2943 call 0x340(69,0,0,0) = 0 (0x0)
14.3103 call 0x340(70,0,0,0) = 0 (0x0)
14.3265 call 0x340(71,0,0,0) = 2 (0x2)
14.3583 call 0x340(72,0,0,0) = 45 (0x2d)
14.3742 call 0x340(73,0,0,0) = 45 (0x2d)
14.4065 call 0x340(74,0,0,0) = 45 (0x2d)
14.4222 call 0x340(75,0,0,0) = 20 (0x14)
14.4382 call 0x340(76,0,0,0) = 15 (0xf)
14.4542 call 0x340(77,0,0,0) = 25 (0x19)
14.4865 call 0x340(78,0,0,0) = 15 (0xf)
14.5022 call 0x340(79,0,0,0) = 45 (0x2d)
14.5342 call 0x340(80,0,0,0) = 40 (0x28)
14.5503 call 0x340(81,0,0,0) = 25 (0x19)
14.5666 call 0x340(82,0,0,0) = 1 (0x1)
14.5824 call 0x340(83,0,0,0) = 5 (0x5)
14.6000 call 0x340(84,0,0,0) = 0 (0x0)
14.6305 call 0x340(85,0,0,0) = 0 (0x0)
14.6467 call 0x340(86,0,0,0) = 0 (0x0)
14.6785 call 0x340(87,0,0,0) = 1 (0x1)
14.6945 call 0x340(88,0,0,0) = 1 (0x1)
14.7105 call 0x340(89,0,0,0) = 1 (0x1)
14.7267 call 0x340(90,0,0,0) = 20 (0x14)
14.7585 call 0x340(91,0,0,0) = 0 (0x0)
14.7905 call 0x340(92,0,0,0) = 0 (0x0)
14.8069 call 0x340(93,0,0,0) = 327681 (0x50001)
14.8226 call 0x340(94,0,0,0) = 0 (0x0)
14.8385 call 0x340(95,0,0,0) = 0 (0x0)
14.8705 call 0x340(96,0,0,0) = 3 (0x3)
14.8867 call 0x340(97,0,0,0) = 0 (0x0)
14.9185 call 0x340(98,0,0,0) = 0 (0x0)
14.9667 country 3 -> 0x5350 returns 3
14.9984 call 0x340(1,0,0,0) = 2 (0x2)
15.0305 call 0x340(2,0,0,0) = 1 (0x1)
15.0467 call 0x340(3,0,0,0) = 0 (0x0)
15.0626 call 0x340(4,0,0,0) = 1 (0x1)
15.0786 call 0x340(5,0,0,0) = 2 (0x2)
15.1105 call 0x340(6,0,0,0) = 0 (0x0)
15.1267 call 0x340(7,0,0,0) = 0 (0x0)
15.1585 call 0x340(8,0,0,0) = 0 (0x0)
15.1905 call 0x340(9,0,0,0) = 1 (0x1)
15.2065 call 0x340(10,0,0,0) = 1 (0x1)
15.2225 call 0x340(11,0,0,0) = 3 (0x3)
15.2545 call 0x340(12,0,0,0) = 10 (0xa)
15.2867 call 0x340(13,0,0,0) = 0 (0x0)
15.3025 call 0x340(14,0,0,0) = 1 (0x1)
15.3186 call 0x340(15,0,0,0) = 20000000 (0x1312d00)
15.3346 call 0x340(16,0,0,0) = 60000000 (0x3938700)
15.3506 call 0x340(17,0,0,0) = 15000000 (0xe4e1c0)
15.3667 call 0x340(18,0,0,0) = 30000000 (0x1c9c380)
15.3985 call 0x340(19,0,0,0) = 45000000 (0x2aea540)
15.4305 call 0x340(20,0,0,0) = 60000000 (0x3938700)
15.4467 call 0x340(21,0,0,0) = 1 (0x1)
15.4625 call 0x340(22,0,0,0) = 1 (0x1)
15.4785 call 0x340(23,0,0,0) = 0 (0x0)
15.5105 call 0x340(24,0,0,0) = 10 (0xa)
15.5267 call 0x340(25,0,0,0) = 5 (0x5)
15.5585 call 0x340(26,0,0,0) = 5 (0x5)
15.5746 call 0x340(27,0,0,0) = 25 (0x19)
15.5906 call 0x340(28,0,0,0) = 6 (0x6)
15.6067 call 0x340(29,0,0,0) = 0 (0x0)
15.6385 call 0x340(30,0,0,0) = 9 (0x9)
15.6705 call 0x340(31,0,0,0) = 3 (0x3)
15.6867 call 0x340(32,0,0,0) = 2 (0x2)
15.7025 call 0x340(33,0,0,0) = 30 (0x1e)
15.7185 call 0x340(34,0,0,0) = 0 (0x0)
15.7505 call 0x340(35,0,0,0) = 2 (0x2)
15.7667 call 0x340(36,0,0,0) = 1 (0x1)
15.7985 call 0x340(37,0,0,0) = 0 (0x0)
15.8306 call 0x340(38,0,0,0) = 5 (0x5)
15.8466 call 0x340(39,0,0,0) = 0 (0x0)
15.8625 call 0x340(40,0,0,0) = 0 (0x0)
15.8944 call 0x340(41,0,0,0) = 0 (0x0)
15.9267 call 0x340(42,0,0,0) = 0 (0x0)
15.9425 call 0x340(43,0,0,0) = 1 (0x1)
15.9585 call 0x340(44,0,0,0) = 0 (0x0)
15.9745 call 0x340(45,0,0,0) = 0 (0x0)
16.0067 call 0x340(46,0,0,0) = 1 (0x1)
16.0225 call 0x340(47,0,0,0) = 0 (0x0)
16.0545 call 0x340(48,0,0,0) = 1 (0x1)
16.0867 call 0x340(49,0,0,0) = 75000000 (0x47868c0)
16.1026 call 0x340(50,0,0,0) = 55000000 (0x3473bc0)
16.1185 call 0x340(51,0,0,0) = 40000000 (0x2625a00)
16.1505 call 0x340(52,0,0,0) = 30000000 (0x1c9c380)
16.1667 call 0x340(53,0,0,0) = 25000000 (0x17d7840)
16.1985 call 0x340(54,0,0,0) = 0 (0x0)
16.2145 call 0x340(55,0,0,0) = 1 (0x1)
16.2305 call 0x340(56,0,0,0) = 1 (0x1)
16.2467 call 0x340(57,0,0,0) = 0 (0x0)
16.2785 call 0x340(58,0,0,0) = 0 (0x0)
16.3105 call 0x340(59,0,0,0) = 0 (0x0)
16.3267 call 0x340(60,0,0,0) = 0 (0x0)
16.3427 call 0x340(61,0,0,0) = 2000 (0x7d0)
16.3586 call 0x340(62,0,0,0) = 30 (0x1e)
16.3745 call 0x340(63,0,0,0) = 1 (0x1)
16.4067 call 0x340(64,0,0,0) = 0 (0x0)
16.4225 call 0x340(65,0,0,0) = 0 (0x0)
16.4545 call 0x340(66,0,0,0) = 3 (0x3)
16.4705 call 0x340(67,0,0,0) = 1 (0x1)
16.4867 call 0x340(68,0,0,0) = 0 (0x0)
16.5025 call 0x340(69,0,0,0) = 0 (0x0)
16.5345 call 0x340(70,0,0,0) = 0 (0x0)
16.5667 call 0x340(71,0,0,0) = 2 (0x2)
16.5825 call 0x340(72,0,0,0) = 45 (0x2d)
16.5988 call 0x340(73,0,0,0) = 45 (0x2d)
16.6164 call 0x340(74,0,0,0) = 45 (0x2d)
16.6307 call 0x340(75,0,0,0) = 20 (0x14)
16.6470 call 0x340(76,0,0,0) = 15 (0xf)
16.6787 call 0x340(77,0,0,0) = 25 (0x19)
16.7107 call 0x340(78,0,0,0) = 15 (0xf)
16.7270 call 0x340(79,0,0,0) = 45 (0x2d)
16.7427 call 0x340(80,0,0,0) = 40 (0x28)
16.7587 call 0x340(81,0,0,0) = 25 (0x19)
16.7907 call 0x340(82,0,0,0) = 1 (0x1)
16.8070 call 0x340(83,0,0,0) = 5 (0x5)
16.8387 call 0x340(84,0,0,0) = 0 (0x0)
16.8549 call 0x340(85,0,0,0) = 0 (0x0)
16.8708 call 0x340(86,0,0,0) = 0 (0x0)
16.8870 call 0x340(87,0,0,0) = 1 (0x1)
16.9187 call 0x340(88,0,0,0) = 1 (0x1)
16.9507 call 0x340(89,0,0,0) = 1 (0x1)
16.9670 call 0x340(90,0,0,0) = 20 (0x14)
16.9827 call 0x340(91,0,0,0) = 0 (0x0)
16.9987 call 0x340(92,0,0,0) = 0 (0x0)
17.0307 call 0x340(93,0,0,0) = 327681 (0x50001)
17.0470 call 0x340(94,0,0,0) = 0 (0x0)
17.0787 call 0x340(95,0,0,0) = 0 (0x0)
17.1108 call 0x340(96,0,0,0) = 3 (0x3)
17.1268 call 0x340(97,0,0,0) = 0 (0x0)
17.1427 call 0x340(98,0,0,0) = 0 (0x0)
17.2227 country 4 -> 0x5350 returns 4
17.2387 call 0x340(1,0,0,0) = 2 (0x2)
17.2547 call 0x340(2,0,0,0) = 1 (0x1)
17.2870 call 0x340(3,0,0,0) = 0 (0x0)
17.3027 call 0x340(4,0,0,0) = 1 (0x1)
17.3348 call 0x340(5,0,0,0) = 2 (0x2)
17.3507 call 0x340(6,0,0,0) = 0 (0x0)
17.3671 call 0x340(7,0,0,0) = 0 (0x0)
17.3828 call 0x340(8,0,0,0) = 0 (0x0)
17.3987 call 0x340(9,0,0,0) = 1 (0x1)
17.4307 call 0x340(10,0,0,0) = 0 (0x0)
17.4470 call 0x340(11,0,0,0) = 3 (0x3)
17.4787 call 0x340(12,0,0,0) = 10 (0xa)
17.4947 call 0x340(13,0,0,0) = 0 (0x0)
17.5107 call 0x340(14,0,0,0) = 1 (0x1)
17.5270 call 0x340(15,0,0,0) = 20000000 (0x1312d00)
17.5587 call 0x340(16,0,0,0) = 60000000 (0x3938700)
17.5907 call 0x340(17,0,0,0) = 15000000 (0xe4e1c0)
17.6070 call 0x340(18,0,0,0) = 30000000 (0x1c9c380)
17.6229 call 0x340(19,0,0,0) = 45000000 (0x2aea540)
17.6389 call 0x340(20,0,0,0) = 60000000 (0x3938700)
17.6707 call 0x340(21,0,0,0) = 1 (0x1)
17.6870 call 0x340(22,0,0,0) = 1 (0x1)
17.7187 call 0x340(23,0,0,0) = 0 (0x0)
17.7507 call 0x340(24,0,0,0) = 10 (0xa)
17.7667 call 0x340(25,0,0,0) = 5 (0x5)
17.7827 call 0x340(26,0,0,0) = 5 (0x5)
17.8147 call 0x340(27,0,0,0) = 25 (0x19)
17.8470 call 0x340(28,0,0,0) = 13 (0xd)
17.8627 call 0x340(29,0,0,0) = 0 (0x0)
17.8788 call 0x340(30,0,0,0) = 9 (0x9)
17.8948 call 0x340(31,0,0,0) = 3 (0x3)
17.9270 call 0x340(32,0,0,0) = 2 (0x2)
17.9427 call 0x340(33,0,0,0) = 30 (0x1e)
17.9747 call 0x340(34,0,0,0) = 0 (0x0)
18.0069 call 0x340(35,0,0,0) = 2 (0x2)
18.0227 call 0x340(36,0,0,0) = 0 (0x0)
18.0387 call 0x340(37,0,0,0) = 0 (0x0)
18.0707 call 0x340(38,0,0,0) = 5 (0x5)
18.0870 call 0x340(39,0,0,0) = 0 (0x0)
18.1187 call 0x340(40,0,0,0) = 0 (0x0)
18.1348 call 0x340(41,0,0,0) = 0 (0x0)
18.1508 call 0x340(42,0,0,0) = 0 (0x0)
18.1670 call 0x340(43,0,0,0) = 1 (0x1)
18.1987 call 0x340(44,0,0,0) = 0 (0x0)
18.2307 call 0x340(45,0,0,0) = 0 (0x0)
18.2470 call 0x340(46,0,0,0) = 1 (0x1)
18.2627 call 0x340(47,0,0,0) = 0 (0x0)
18.2787 call 0x340(48,0,0,0) = 1 (0x1)
18.3107 call 0x340(49,0,0,0) = 75000000 (0x47868c0)
18.3271 call 0x340(50,0,0,0) = 55000000 (0x3473bc0)
18.3427 call 0x340(51,0,0,0) = 40000000 (0x2625a00)
18.3747 call 0x340(52,0,0,0) = 30000000 (0x1c9c380)
18.3908 call 0x340(53,0,0,0) = 25000000 (0x17d7840)
18.4071 call 0x340(54,0,0,0) = 0 (0x0)
18.4227 call 0x340(55,0,0,0) = 1 (0x1)
18.4547 call 0x340(56,0,0,0) = 1 (0x1)
18.4870 call 0x340(57,0,0,0) = 0 (0x0)
18.5027 call 0x340(58,0,0,0) = 0 (0x0)
18.5187 call 0x340(59,0,0,0) = 0 (0x0)
18.5347 call 0x340(60,0,0,0) = 0 (0x0)
18.5670 call 0x340(61,0,0,0) = 2000 (0x7d0)
18.5827 call 0x340(62,0,0,0) = 30 (0x1e)
18.6149 call 0x340(63,0,0,0) = 1 (0x1)
18.6326 call 0x340(64,0,0,0) = 0 (0x0)
18.6474 call 0x340(65,0,0,0) = 0 (0x0)
18.6631 call 0x340(66,0,0,0) = 3 (0x3)
18.6790 call 0x340(67,0,0,0) = 1 (0x1)
18.7110 call 0x340(68,0,0,0) = 0 (0x0)
18.7272 call 0x340(69,0,0,0) = 0 (0x0)
18.7590 call 0x340(70,0,0,0) = 0 (0x0)
18.7750 call 0x340(71,0,0,0) = 2 (0x2)
18.7910 call 0x340(72,0,0,0) = 45 (0x2d)
18.8072 call 0x340(73,0,0,0) = 45 (0x2d)
18.8390 call 0x340(74,0,0,0) = 45 (0x2d)
18.8710 call 0x340(75,0,0,0) = 20 (0x14)
18.8872 call 0x340(76,0,0,0) = 15 (0xf)
18.9031 call 0x340(77,0,0,0) = 25 (0x19)
18.9191 call 0x340(78,0,0,0) = 15 (0xf)
18.9510 call 0x340(79,0,0,0) = 45 (0x2d)
18.9672 call 0x340(80,0,0,0) = 40 (0x28)
18.9990 call 0x340(81,0,0,0) = 25 (0x19)
19.0310 call 0x340(82,0,0,0) = 1 (0x1)
19.0470 call 0x340(83,0,0,0) = 5 (0x5)
19.0630 call 0x340(84,0,0,0) = 0 (0x0)
19.0950 call 0x340(85,0,0,0) = 0 (0x0)
19.1272 call 0x340(86,0,0,0) = 0 (0x0)
19.1430 call 0x340(87,0,0,0) = 1 (0x1)
19.1591 call 0x340(88,0,0,0) = 1 (0x1)
19.1751 call 0x340(89,0,0,0) = 1 (0x1)
19.2072 call 0x340(90,0,0,0) = 20 (0x14)
19.2230 call 0x340(91,0,0,0) = 0 (0x0)
19.2550 call 0x340(92,0,0,0) = 0 (0x0)
19.2872 call 0x340(93,0,0,0) = 327681 (0x50001)
19.3030 call 0x340(94,0,0,0) = 0 (0x0)
19.3191 call 0x340(95,0,0,0) = 0 (0x0)
19.3350 call 0x340(96,0,0,0) = 3 (0x3)
19.3672 call 0x340(97,0,0,0) = 0 (0x0)
19.3830 call 0x340(98,0,0,0) = 0 (0x0)
19.4472 country 5 -> 0x5350 returns 5
19.4630 call 0x340(1,0,0,0) = 2 (0x2)
19.4949 call 0x340(2,0,0,0) = 1 (0x1)
19.5272 call 0x340(3,0,0,0) = 0 (0x0)
19.5430 call 0x340(4,0,0,0) = 1 (0x1)
19.5590 call 0x340(5,0,0,0) = 2 (0x2)
19.5750 call 0x340(6,0,0,0) = 0 (0x0)
19.6072 call 0x340(7,0,0,0) = 0 (0x0)
19.6230 call 0x340(8,0,0,0) = 0 (0x0)
19.6550 call 0x340(9,0,0,0) = 1 (0x1)
19.6711 call 0x340(10,0,0,0) = 0 (0x0)
19.6873 call 0x340(11,0,0,0) = 3 (0x3)
19.7030 call 0x340(12,0,0,0) = 10 (0xa)
19.7350 call 0x340(13,0,0,0) = 0 (0x0)
19.7672 call 0x340(14,0,0,0) = 1 (0x1)
19.7830 call 0x340(15,0,0,0) = 20000000 (0x1312d00)
19.7990 call 0x340(16,0,0,0) = 60000000 (0x3938700)
19.8150 call 0x340(17,0,0,0) = 15000000 (0xe4e1c0)
19.8472 call 0x340(18,0,0,0) = 30000000 (0x1c9c380)
19.8630 call 0x340(19,0,0,0) = 45000000 (0x2aea540)
19.8950 call 0x340(20,0,0,0) = 60000000 (0x3938700)
19.9272 call 0x340(21,0,0,0) = 1 (0x1)
19.9431 call 0x340(22,0,0,0) = 1 (0x1)
19.9590 call 0x340(23,0,0,0) = 0 (0x0)
19.9910 call 0x340(24,0,0,0) = 10 (0xa)
20.0072 call 0x340(25,0,0,0) = 5 (0x5)
20.0390 call 0x340(26,0,0,0) = 5 (0x5)
20.0550 call 0x340(27,0,0,0) = 25 (0x19)
20.0710 call 0x340(28,0,0,0) = 18 (0x12)
20.0872 call 0x340(29,0,0,0) = 0 (0x0)
20.1189 call 0x340(30,0,0,0) = 9 (0x9)
20.1510 call 0x340(31,0,0,0) = 3 (0x3)
20.1672 call 0x340(32,0,0,0) = 2 (0x2)
20.1831 call 0x340(33,0,0,0) = 30 (0x1e)
20.1991 call 0x340(34,0,0,0) = 0 (0x0)
20.2310 call 0x340(35,0,0,0) = 2 (0x2)
20.2472 call 0x340(36,0,0,0) = 1 (0x1)
20.2790 call 0x340(37,0,0,0) = 0 (0x0)
20.3111 call 0x340(38,0,0,0) = 5 (0x5)
20.3270 call 0x340(39,0,0,0) = 0 (0x0)
20.3430 call 0x340(40,0,0,0) = 0 (0x0)
20.3749 call 0x340(41,0,0,0) = 0 (0x0)
20.4072 call 0x340(42,0,0,0) = 0 (0x0)
20.4230 call 0x340(43,0,0,0) = 1 (0x1)
20.4391 call 0x340(44,0,0,0) = 0 (0x0)
20.4551 call 0x340(45,0,0,0) = 0 (0x0)
20.4872 call 0x340(46,0,0,0) = 1 (0x1)
20.5030 call 0x340(47,0,0,0) = 0 (0x0)
20.5350 call 0x340(48,0,0,0) = 1 (0x1)
20.5672 call 0x340(49,0,0,0) = 75000000 (0x47868c0)
20.5830 call 0x340(50,0,0,0) = 55000000 (0x3473bc0)
20.5990 call 0x340(51,0,0,0) = 40000000 (0x2625a00)
20.6311 call 0x340(52,0,0,0) = 30000000 (0x1c9c380)
20.6491 call 0x340(53,0,0,0) = 25000000 (0x17d7840)
20.6632 call 0x340(54,0,0,0) = 0 (0x0)
20.6953 call 0x340(55,0,0,0) = 1 (0x1)
20.7114 call 0x340(56,0,0,0) = 1 (0x1)
20.7275 call 0x340(57,0,0,0) = 0 (0x0)
20.7432 call 0x340(58,0,0,0) = 0 (0x0)
20.7752 call 0x340(59,0,0,0) = 0 (0x0)
20.8075 call 0x340(60,0,0,0) = 0 (0x0)
20.8232 call 0x340(61,0,0,0) = 2000 (0x7d0)
20.8392 call 0x340(62,0,0,0) = 30 (0x1e)
20.8552 call 0x340(63,0,0,0) = 1 (0x1)
20.8874 call 0x340(64,0,0,0) = 0 (0x0)
20.9032 call 0x340(65,0,0,0) = 0 (0x0)
20.9352 call 0x340(66,0,0,0) = 3 (0x3)
20.9514 call 0x340(67,0,0,0) = 1 (0x1)
20.9676 call 0x340(68,0,0,0) = 0 (0x0)
20.9832 call 0x340(69,0,0,0) = 0 (0x0)
21.0152 call 0x340(70,0,0,0) = 0 (0x0)
21.0475 call 0x340(71,0,0,0) = 2 (0x2)
21.0632 call 0x340(72,0,0,0) = 45 (0x2d)
21.0792 call 0x340(73,0,0,0) = 45 (0x2d)
21.0952 call 0x340(74,0,0,0) = 45 (0x2d)
21.1274 call 0x340(75,0,0,0) = 20 (0x14)
21.1432 call 0x340(76,0,0,0) = 15 (0xf)
21.1752 call 0x340(77,0,0,0) = 25 (0x19)
21.2075 call 0x340(78,0,0,0) = 15 (0xf)
21.2234 call 0x340(79,0,0,0) = 45 (0x2d)
21.2392 call 0x340(80,0,0,0) = 40 (0x28)
21.2712 call 0x340(81,0,0,0) = 25 (0x19)
21.2875 call 0x340(82,0,0,0) = 1 (0x1)
21.3033 call 0x340(83,0,0,0) = 5 (0x5)
21.3352 call 0x340(84,0,0,0) = 0 (0x0)
21.3512 call 0x340(85,0,0,0) = 0 (0x0)
21.3674 call 0x340(86,0,0,0) = 0 (0x0)
21.3832 call 0x340(87,0,0,0) = 1 (0x1)
21.4152 call 0x340(88,0,0,0) = 1 (0x1)
21.4475 call 0x340(89,0,0,0) = 1 (0x1)
21.4634 call 0x340(90,0,0,0) = 20 (0x14)
21.4794 call 0x340(91,0,0,0) = 0 (0x0)
21.4952 call 0x340(92,0,0,0) = 0 (0x0)
21.5275 call 0x340(93,0,0,0) = 327681 (0x50001)
21.5432 call 0x340(94,0,0,0) = 0 (0x0)
21.5752 call 0x340(95,0,0,0) = 0 (0x0)
21.5912 call 0x340(96,0,0,0) = 3 (0x3)
21.6075 call 0x340(97,0,0,0) = 0 (0x0)
21.6232 call 0x340(98,0,0,0) = 0 (0x0)
21.7032 country 6 -> 0x5350 returns 6
21.7194 call 0x340(1,0,0,0) = 2 (0x2)
21.7354 call 0x340(2,0,0,0) = 1 (0x1)
21.7674 call 0x340(3,0,0,0) = 0 (0x0)
21.7832 call 0x340(4,0,0,0) = 1 (0x1)
21.8152 call 0x340(5,0,0,0) = 2 (0x2)
21.8475 call 0x340(6,0,0,0) = 0 (0x0)
21.8632 call 0x340(7,0,0,0) = 2 (0x2)
21.8792 call 0x340(8,0,0,0) = 0 (0x0)
21.9112 call 0x340(9,0,0,0) = 1 (0x1)
21.9275 call 0x340(10,0,0,0) = 0 (0x0)
21.9592 call 0x340(11,0,0,0) = 3 (0x3)
21.9754 call 0x340(12,0,0,0) = 20 (0x14)
21.9913 call 0x340(13,0,0,0) = 0 (0x0)
22.0075 call 0x340(14,0,0,0) = 1 (0x1)
22.0392 call 0x340(15,0,0,0) = 30000000 (0x1c9c380)
22.0712 call 0x340(16,0,0,0) = 60000000 (0x3938700)
22.0875 call 0x340(17,0,0,0) = 15000000 (0xe4e1c0)
22.1032 call 0x340(18,0,0,0) = 30000000 (0x1c9c380)
22.1192 call 0x340(19,0,0,0) = 45000000 (0x2aea540)
22.1512 call 0x340(20,0,0,0) = 60000000 (0x3938700)
22.1675 call 0x340(21,0,0,0) = 1 (0x1)
22.1992 call 0x340(22,0,0,0) = 1 (0x1)
22.2313 call 0x340(23,0,0,0) = 0 (0x0)
22.2473 call 0x340(24,0,0,0) = 10 (0xa)
22.2632 call 0x340(25,0,0,0) = 5 (0x5)
22.2953 call 0x340(26,0,0,0) = 5 (0x5)
22.3112 call 0x340(27,0,0,0) = 10 (0xa)
22.3275 call 0x340(28,0,0,0) = 20 (0x14)
22.3592 call 0x340(29,0,0,0) = 0 (0x0)
22.3752 call 0x340(30,0,0,0) = 10 (0xa)
22.3912 call 0x340(31,0,0,0) = 3 (0x3)
22.4075 call 0x340(32,0,0,0) = 2 (0x2)
22.4392 call 0x340(33,0,0,0) = 30 (0x1e)
22.4712 call 0x340(34,0,0,0) = 0 (0x0)
22.4876 call 0x340(35,0,0,0) = 2 (0x2)
22.5033 call 0x340(36,0,0,0) = 0 (0x0)
22.5192 call 0x340(37,0,0,0) = 0 (0x0)
22.5512 call 0x340(38,0,0,0) = 5 (0x5)
22.5675 call 0x340(39,0,0,0) = 60 (0x3c)
22.5992 call 0x340(40,0,0,0) = 0 (0x0)
22.6152 call 0x340(41,0,0,0) = 0 (0x0)
22.6312 call 0x340(42,0,0,0) = 0 (0x0)
22.6477 call 0x340(43,0,0,0) = 1 (0x1)
22.6651 call 0x340(44,0,0,0) = 0 (0x0)
22.6955 call 0x340(45,0,0,0) = 0 (0x0)
22.7277 call 0x340(46,0,0,0) = 1 (0x1)
22.7436 call 0x340(47,0,0,0) = 0 (0x0)
22.7596 call 0x340(48,0,0,0) = 1 (0x1)
22.7755 call 0x340(49,0,0,0) = 75000000 (0x47868c0)
22.8077 call 0x340(50,0,0,0) = 55000000 (0x3473bc0)
22.8235 call 0x340(51,0,0,0) = 40000000 (0x2625a00)
22.8555 call 0x340(52,0,0,0) = 30000000 (0x1c9c380)
22.8715 call 0x340(53,0,0,0) = 25000000 (0x17d7840)
22.8877 call 0x340(54,0,0,0) = 0 (0x0)
22.9035 call 0x340(55,0,0,0) = 1 (0x1)
22.9355 call 0x340(56,0,0,0) = 1 (0x1)
22.9677 call 0x340(57,0,0,0) = 0 (0x0)
22.9835 call 0x340(58,0,0,0) = 0 (0x0)
22.9996 call 0x340(59,0,0,0) = 0 (0x0)
23.0156 call 0x340(60,0,0,0) = 0 (0x0)
23.0477 call 0x340(61,0,0,0) = 1000 (0x3e8)
23.0635 call 0x340(62,0,0,0) = 30 (0x1e)
23.0955 call 0x340(63,0,0,0) = 1 (0x1)
23.1277 call 0x340(64,0,0,0) = 0 (0x0)
23.1434 call 0x340(65,0,0,0) = 0 (0x0)
23.1595 call 0x340(66,0,0,0) = 3 (0x3)
23.1915 call 0x340(67,0,0,0) = 1 (0x1)
23.2077 call 0x340(68,0,0,0) = 0 (0x0)
23.2395 call 0x340(69,0,0,0) = 1 (0x1)
23.2556 call 0x340(70,0,0,0) = 0 (0x0)
23.2716 call 0x340(71,0,0,0) = 2 (0x2)
23.2878 call 0x340(72,0,0,0) = 45 (0x2d)
23.3035 call 0x340(73,0,0,0) = 45 (0x2d)
23.3355 call 0x340(74,0,0,0) = 45 (0x2d)
23.3677 call 0x340(75,0,0,0) = 20 (0x14)
23.3834 call 0x340(76,0,0,0) = 15 (0xf)
23.3994 call 0x340(77,0,0,0) = 25 (0x19)
23.4155 call 0x340(78,0,0,0) = 15 (0xf)
23.4477 call 0x340(79,0,0,0) = 45 (0x2d)
23.4635 call 0x340(80,0,0,0) = 40 (0x28)
23.4955 call 0x340(81,0,0,0) = 25 (0x19)
23.5116 call 0x340(82,0,0,0) = 1 (0x1)
23.5278 call 0x340(83,0,0,0) = 5 (0x5)
23.5435 call 0x340(84,0,0,0) = 0 (0x0)
23.5755 call 0x340(85,0,0,0) = 0 (0x0)
23.6077 call 0x340(86,0,0,0) = 0 (0x0)
23.6234 call 0x340(87,0,0,0) = 1 (0x1)
23.6395 call 0x340(88,0,0,0) = 1 (0x1)
23.6555 call 0x340(89,0,0,0) = 1 (0x1)
23.6877 call 0x340(90,0,0,0) = 20 (0x14)
23.7035 call 0x340(91,0,0,0) = 0 (0x0)
23.7355 call 0x340(92,0,0,0) = 0 (0x0)
23.7677 call 0x340(93,0,0,0) = 327681 (0x50001)
23.7836 call 0x340(94,0,0,0) = 0 (0x0)
23.7995 call 0x340(95,0,0,0) = 0 (0x0)
23.8315 call 0x340(96,0,0,0) = 3 (0x3)
23.8477 call 0x340(97,0,0,0) = 40 (0x28)
23.8794 call 0x340(98,0,0,0) = 40 (0x28)
23.9277 country 7 -> 0x5350 returns 7
23.9595 call 0x340(1,0,0,0) = 2 (0x2)
23.9915 call 0x340(2,0,0,0) = 1 (0x1)
24.0077 call 0x340(3,0,0,0) = 0 (0x0)
24.0236 call 0x340(4,0,0,0) = 1 (0x1)
24.0396 call 0x340(5,0,0,0) = 2 (0x2)
24.0715 call 0x340(6,0,0,0) = 0 (0x0)
24.0877 call 0x340(7,0,0,0) = 1 (0x1)
24.1195 call 0x340(8,0,0,0) = 0 (0x0)
24.1514 call 0x340(9,0,0,0) = 1 (0x1)
24.1675 call 0x340(10,0,0,0) = 0 (0x0)
24.1835 call 0x340(11,0,0,0) = 3 (0x3)
24.2155 call 0x340(12,0,0,0) = 10 (0xa)
24.2477 call 0x340(13,0,0,0) = 0 (0x0)
24.2634 call 0x340(14,0,0,0) = 1 (0x1)
24.2797 call 0x340(15,0,0,0) = 20000000 (0x1312d00)
24.2956 call 0x340(16,0,0,0) = 60000000 (0x3938700)
24.3115 call 0x340(17,0,0,0) = 15000000 (0xe4e1c0)
24.3277 call 0x340(18,0,0,0) = 30000000 (0x1c9c380)
24.3595 call 0x340(19,0,0,0) = 45000000 (0x2aea540)
24.3915 call 0x340(20,0,0,0) = 60000000 (0x3938700)
24.4077 call 0x340(21,0,0,0) = 1 (0x1)
24.4235 call 0x340(22,0,0,0) = 1 (0x1)
24.4395 call 0x340(23,0,0,0) = 0 (0x0)
24.4715 call 0x340(24,0,0,0) = 10 (0xa)
24.4877 call 0x340(25,0,0,0) = 5 (0x5)
24.5195 call 0x340(26,0,0,0) = 5 (0x5)
24.5356 call 0x340(27,0,0,0) = 25 (0x19)
24.5516 call 0x340(28,0,0,0) = 24 (0x18)
24.5677 call 0x340(29,0,0,0) = 0 (0x0)
24.5995 call 0x340(30,0,0,0) = 9 (0x9)
24.6315 call 0x340(31,0,0,0) = 3 (0x3)
24.6477 call 0x340(32,0,0,0) = 2 (0x2)
24.6637 call 0x340(33,0,0,0) = 30 (0x1e)
24.6814 call 0x340(34,0,0,0) = 0 (0x0)
24.6957 call 0x340(35,0,0,0) = 1 (0x1)
24.7280 call 0x340(36,0,0,0) = 1 (0x1)
24.7437 call 0x340(37,0,0,0) = 0 (0x0)
24.7757 call 0x340(38,0,0,0) = 5 (0x5)
24.7918 call 0x340(39,0,0,0) = 0 (0x0)
24.8081 call 0x340(40,0,0,0) = 0 (0x0)
24.8237 call 0x340(41,0,0,0) = 0 (0x0)
24.8557 call 0x340(42,0,0,0) = 0 (0x0)
24.8879 call 0x340(43,0,0,0) = 1 (0x1)
24.9037 call 0x340(44,0,0,0) = 0 (0x0)
24.9197 call 0x340(45,0,0,0) = 0 (0x0)
24.9357 call 0x340(46,0,0,0) = 1 (0x1)
24.9680 call 0x340(47,0,0,0) = 0 (0x0)
24.9837 call 0x340(48,0,0,0) = 1 (0x1)
25.0157 call 0x340(49,0,0,0) = 75000000 (0x47868c0)
25.0480 call 0x340(50,0,0,0) = 55000000 (0x3473bc0)
25.0638 call 0x340(51,0,0,0) = 40000000 (0x2625a00)
25.0797 call 0x340(52,0,0,0) = 30000000 (0x1c9c380)
25.1117 call 0x340(53,0,0,0) = 25000000 (0x17d7840)
25.1280 call 0x340(54,0,0,0) = 0 (0x0)
25.1597 call 0x340(55,0,0,0) = 1 (0x1)
25.1757 call 0x340(56,0,0,0) = 1 (0x1)
25.1917 call 0x340(57,0,0,0) = 0 (0x0)
25.2080 call 0x340(58,0,0,0) = 0 (0x0)
25.2397 call 0x340(59,0,0,0) = 0 (0x0)
25.2718 call 0x340(60,0,0,0) = 0 (0x0)
25.2880 call 0x340(61,0,0,0) = 2000 (0x7d0)
25.3038 call 0x340(62,0,0,0) = 30 (0x1e)
25.3198 call 0x340(63,0,0,0) = 1 (0x1)
25.3357 call 0x340(64,0,0,0) = 0 (0x0)
25.3679 call 0x340(65,0,0,0) = 0 (0x0)
25.3837 call 0x340(66,0,0,0) = 3 (0x3)
25.4157 call 0x340(67,0,0,0) = 1 (0x1)
25.4317 call 0x340(68,0,0,0) = 0 (0x0)
25.4480 call 0x340(69,0,0,0) = 0 (0x0)
25.4637 call 0x340(70,0,0,0) = 0 (0x0)
25.4957 call 0x340(71,0,0,0) = 2 (0x2)
25.5280 call 0x340(72,0,0,0) = 45 (0x2d)
25.5437 call 0x340(73,0,0,0) = 45 (0x2d)
25.5598 call 0x340(74,0,0,0) = 45 (0x2d)
25.5758 call 0x340(75,0,0,0) = 20 (0x14)
25.6080 call 0x340(76,0,0,0) = 15 (0xf)
25.6237 call 0x340(77,0,0,0) = 25 (0x19)
25.6557 call 0x340(78,0,0,0) = 15 (0xf)
25.6880 call 0x340(79,0,0,0) = 45 (0x2d)
25.7037 call 0x340(80,0,0,0) = 40 (0x28)
25.7197 call 0x340(81,0,0,0) = 25 (0x19)
25.7517 call 0x340(82,0,0,0) = 1 (0x1)
25.7680 call 0x340(83,0,0,0) = 5 (0x5)
25.7997 call 0x340(84,0,0,0) = 0 (0x0)
25.8158 call 0x340(85,0,0,0) = 0 (0x0)
25.8319 call 0x340(86,0,0,0) = 0 (0x0)
25.8480 call 0x340(87,0,0,0) = 1 (0x1)
25.8797 call 0x340(88,0,0,0) = 1 (0x1)
25.9117 call 0x340(89,0,0,0) = 1 (0x1)
25.9280 call 0x340(90,0,0,0) = 20 (0x14)
25.9437 call 0x340(91,0,0,0) = 0 (0x0)
25.9597 call 0x340(92,0,0,0) = 0 (0x0)
25.9917 call 0x340(93,0,0,0) = 327681 (0x50001)
26.0080 call 0x340(94,0,0,0) = 0 (0x0)
26.0397 call 0x340(95,0,0,0) = 0 (0x0)
26.0718 call 0x340(96,0,0,0) = 3 (0x3)
26.0879 call 0x340(97,0,0,0) = 0 (0x0)
26.1037 call 0x340(98,0,0,0) = 0 (0x0)
26.1837 country 8 -> 0x5350 returns 8
26.1997 call 0x340(1,0,0,0) = 2 (0x2)
26.2157 call 0x340(2,0,0,0) = 1 (0x1)
26.2479 call 0x340(3,0,0,0) = 0 (0x0)
26.2638 call 0x340(4,0,0,0) = 1 (0x1)
26.2797 call 0x340(5,0,0,0) = 2 (0x2)
26.3117 call 0x340(6,0,0,0) = 0 (0x0)
26.3281 call 0x340(7,0,0,0) = 4 (0x4)
26.3439 call 0x340(8,0,0,0) = 0 (0x0)
26.3597 call 0x340(9,0,0,0) = 1 (0x1)
26.3917 call 0x340(10,0,0,0) = 0 (0x0)
26.4080 call 0x340(11,0,0,0) = 3 (0x3)
26.4397 call 0x340(12,0,0,0) = 10 (0xa)
26.4557 call 0x340(13,0,0,0) = 0 (0x0)
26.4717 call 0x340(14,0,0,0) = 1 (0x1)
26.4880 call 0x340(15,0,0,0) = 20000000 (0x1312d00)
26.5197 call 0x340(16,0,0,0) = 60000000 (0x3938700)
26.5517 call 0x340(17,0,0,0) = 15000000 (0xe4e1c0)
26.5680 call 0x340(18,0,0,0) = 30000000 (0x1c9c380)
26.5839 call 0x340(19,0,0,0) = 45000000 (0x2aea540)
26.5999 call 0x340(20,0,0,0) = 60000000 (0x3938700)
26.6317 call 0x340(21,0,0,0) = 1 (0x1)
26.6480 call 0x340(22,0,0,0) = 1 (0x1)
26.6799 call 0x340(23,0,0,0) = 0 (0x0)
26.6976 call 0x340(24,0,0,0) = 10 (0xa)
26.7120 call 0x340(25,0,0,0) = 5 (0x5)
26.7282 call 0x340(26,0,0,0) = 5 (0x5)
26.7439 call 0x340(27,0,0,0) = 25 (0x19)
26.7760 call 0x340(28,0,0,0) = 26 (0x1a)
26.8082 call 0x340(29,0,0,0) = 0 (0x0)
26.8240 call 0x340(30,0,0,0) = 9 (0x9)
26.8401 call 0x340(31,0,0,0) = 3 (0x3)
26.8561 call 0x340(32,0,0,0) = 2 (0x2)
26.8882 call 0x340(33,0,0,0) = 30 (0x1e)
26.9040 call 0x340(34,0,0,0) = 0 (0x0)
26.9360 call 0x340(35,0,0,0) = 2 (0x2)
26.9682 call 0x340(36,0,0,0) = 1 (0x1)
26.9840 call 0x340(37,0,0,0) = 0 (0x0)
27.0000 call 0x340(38,0,0,0) = 5 (0x5)
27.0320 call 0x340(39,0,0,0) = 0 (0x0)
27.0482 call 0x340(40,0,0,0) = 0 (0x0)
27.0800 call 0x340(41,0,0,0) = 0 (0x0)
27.0961 call 0x340(42,0,0,0) = 0 (0x0)
27.1121 call 0x340(43,0,0,0) = 1 (0x1)
27.1282 call 0x340(44,0,0,0) = 0 (0x0)
27.1600 call 0x340(45,0,0,0) = 0 (0x0)
27.1920 call 0x340(46,0,0,0) = 1 (0x1)
27.2082 call 0x340(47,0,0,0) = 0 (0x0)
27.2240 call 0x340(48,0,0,0) = 1 (0x1)
27.2400 call 0x340(49,0,0,0) = 75000000 (0x47868c0)
27.2561 call 0x340(50,0,0,0) = 55000000 (0x3473bc0)
27.2882 call 0x340(51,0,0,0) = 40000000 (0x2625a00)
27.3040 call 0x340(52,0,0,0) = 30000000 (0x1c9c380)
27.3360 call 0x340(53,0,0,0) = 25000000 (0x17d7840)
27.3521 call 0x340(54,0,0,0) = 0 (0x0)
27.3684 call 0x340(55,0,0,0) = 1 (0x1)
27.3839 call 0x340(56,0,0,0) = 1 (0x1)
27.4160 call 0x340(57,0,0,0) = 0 (0x0)
27.4482 call 0x340(58,0,0,0) = 0 (0x0)
27.4640 call 0x340(59,0,0,0) = 0 (0x0)
27.4800 call 0x340(60,0,0,0) = 0 (0x0)
27.4960 call 0x340(61,0,0,0) = 2000 (0x7d0)
27.5282 call 0x340(62,0,0,0) = 30 (0x1e)
27.5440 call 0x340(63,0,0,0) = 1 (0x1)
27.5760 call 0x340(64,0,0,0) = 0 (0x0)
27.6082 call 0x340(65,0,0,0) = 0 (0x0)
27.6241 call 0x340(66,0,0,0) = 3 (0x3)
27.6400 call 0x340(67,0,0,0) = 1 (0x1)
27.6720 call 0x340(68,0,0,0) = 0 (0x0)
27.6882 call 0x340(69,0,0,0) = 0 (0x0)
27.7200 call 0x340(70,0,0,0) = 0 (0x0)
27.7360 call 0x340(71,0,0,0) = 2 (0x2)
27.7520 call 0x340(72,0,0,0) = 45 (0x2d)
27.7682 call 0x340(73,0,0,0) = 45 (0x2d)
27.8000 call 0x340(74,0,0,0) = 45 (0x2d)
27.8320 call 0x340(75,0,0,0) = 20 (0x14)
27.8482 call 0x340(76,0,0,0) = 15 (0xf)
27.8641 call 0x340(77,0,0,0) = 25 (0x19)
27.8801 call 0x340(78,0,0,0) = 15 (0xf)
27.9120 call 0x340(79,0,0,0) = 45 (0x2d)
27.9282 call 0x340(80,0,0,0) = 40 (0x28)
27.9600 call 0x340(81,0,0,0) = 25 (0x19)
27.9919 call 0x340(82,0,0,0) = 1 (0x1)
28.0079 call 0x340(83,0,0,0) = 5 (0x5)
28.0240 call 0x340(84,0,0,0) = 0 (0x0)
28.0560 call 0x340(85,0,0,0) = 0 (0x0)
28.0882 call 0x340(86,0,0,0) = 0 (0x0)
28.1040 call 0x340(87,0,0,0) = 1 (0x1)
28.1201 call 0x340(88,0,0,0) = 1 (0x1)
28.1361 call 0x340(89,0,0,0) = 1 (0x1)
28.1682 call 0x340(90,0,0,0) = 20 (0x14)
28.1840 call 0x340(91,0,0,0) = 0 (0x0)
28.2160 call 0x340(92,0,0,0) = 0 (0x0)
28.2483 call 0x340(93,0,0,0) = 327681 (0x50001)
28.2639 call 0x340(94,0,0,0) = 0 (0x0)
28.2800 call 0x340(95,0,0,0) = 0 (0x0)
28.3120 call 0x340(96,0,0,0) = 3 (0x3)
28.3282 call 0x340(97,0,0,0) = 0 (0x0)
28.3600 call 0x340(98,0,0,0) = 0 (0x0)
28.4082 country 9 -> 0x5350 returns 9
28.4400 call 0x340(1,0,0,0) = 2 (0x2)
28.4720 call 0x340(2,0,0,0) = 1 (0x1)
28.4882 call 0x340(3,0,0,0) = 0 (0x0)
28.5040 call 0x340(4,0,0,0) = 1 (0x1)
28.5200 call 0x340(5,0,0,0) = 2 (0x2)
28.5520 call 0x340(6,0,0,0) = 0 (0x0)
28.5682 call 0x340(7,0,0,0) = 0 (0x0)
28.6000 call 0x340(8,0,0,0) = 0 (0x0)
28.6321 call 0x340(9,0,0,0) = 1 (0x1)
28.6481 call 0x340(10,0,0,0) = 0 (0x0)
28.6640 call 0x340(11,0,0,0) = 3 (0x3)
28.6960 call 0x340(12,0,0,0) = 10 (0xa)
28.7140 call 0x340(13,0,0,0) = 0 (0x0)
28.7292 call 0x340(14,0,0,0) = 1 (0x1)
28.7449 call 0x340(15,0,0,0) = 20000000 (0x1312d00)
28.7611 call 0x340(16,0,0,0) = 60000000 (0x3938700)
28.7771 call 0x340(17,0,0,0) = 15000000 (0xe4e1c0)
28.7931 call 0x340(18,0,0,0) = 30000000 (0x1c9c380)
28.8094 call 0x340(19,0,0,0) = 45000000 (0x2aea540)
28.8256 call 0x340(20,0,0,0) = 60000000 (0x3938700)
28.8419 call 0x340(21,0,0,0) = 1 (0x1)
28.8581 call 0x340(22,0,0,0) = 1 (0x1)
28.8744 call 0x340(23,0,0,0) = 0 (0x0)
28.8906 call 0x340(24,0,0,0) = 10 (0xa)
28.9069 call 0x340(25,0,0,0) = 5 (0x5)
28.9231 call 0x340(26,0,0,0) = 5 (0x5)
28.9394 call 0x340(27,0,0,0) = 25 (0x19)
28.9557 call 0x340(28,0,0,0) = 9 (0x9)
28.9717 call 0x340(29,0,0,0) = 0 (0x0)
28.9876 call 0x340(30,0,0,0) = 9 (0x9)
29.0039 call 0x340(31,0,0,0) = 3 (0x3)
29.0199 call 0x340(32,0,0,0) = 2 (0x2)
29.0359 call 0x340(33,0,0,0) = 30 (0x1e)
29.0519 call 0x340(34,0,0,0) = 0 (0x0)
29.0679 call 0x340(35,0,0,0) = 2 (0x2)
29.0839 call 0x340(36,0,0,0) = 1 (0x1)
29.0999 call 0x340(37,0,0,0) = 0 (0x0)
29.1159 call 0x340(38,0,0,0) = 5 (0x5)
29.1321 call 0x340(39,0,0,0) = 0 (0x0)
29.1484 call 0x340(40,0,0,0) = 0 (0x0)
29.1646 call 0x340(41,0,0,0) = 0 (0x0)
29.1809 call 0x340(42,0,0,0) = 0 (0x0)
29.1971 call 0x340(43,0,0,0) = 1 (0x1)
29.2134 call 0x340(44,0,0,0) = 0 (0x0)
29.2296 call 0x340(45,0,0,0) = 0 (0x0)
29.2460 call 0x340(46,0,0,0) = 1 (0x1)
29.2619 call 0x340(47,0,0,0) = 0 (0x0)
29.2781 call 0x340(48,0,0,0) = 1 (0x1)
29.2941 call 0x340(49,0,0,0) = 75000000 (0x47868c0)
29.3102 call 0x340(50,0,0,0) = 55000000 (0x3473bc0)
29.3262 call 0x340(51,0,0,0) = 40000000 (0x2625a00)
29.3422 call 0x340(52,0,0,0) = 30000000 (0x1c9c380)
29.3581 call 0x340(53,0,0,0) = 25000000 (0x17d7840)
29.3744 call 0x340(54,0,0,0) = 0 (0x0)
29.3904 call 0x340(55,0,0,0) = 1 (0x1)
29.4064 call 0x340(56,0,0,0) = 1 (0x1)
29.4224 call 0x340(57,0,0,0) = 0 (0x0)
29.4384 call 0x340(58,0,0,0) = 0 (0x0)
29.4546 call 0x340(59,0,0,0) = 0 (0x0)
29.4709 call 0x340(60,0,0,0) = 0 (0x0)
29.4871 call 0x340(61,0,0,0) = 2000 (0x7d0)
29.5034 call 0x340(62,0,0,0) = 30 (0x1e)
29.5196 call 0x340(63,0,0,0) = 1 (0x1)
29.5359 call 0x340(64,0,0,0) = 0 (0x0)
29.5521 call 0x340(65,0,0,0) = 0 (0x0)
29.5684 call 0x340(66,0,0,0) = 3 (0x3)
29.5846 call 0x340(67,0,0,0) = 1 (0x1)
29.6009 call 0x340(68,0,0,0) = 0 (0x0)
29.6169 call 0x340(69,0,0,0) = 0 (0x0)
29.6329 call 0x340(70,0,0,0) = 0 (0x0)
29.6489 call 0x340(71,0,0,0) = 2 (0x2)
29.6649 call 0x340(72,0,0,0) = 45 (0x2d)
29.6809 call 0x340(73,0,0,0) = 45 (0x2d)
29.6969 call 0x340(74,0,0,0) = 45 (0x2d)
29.7129 call 0x340(75,0,0,0) = 20 (0x14)
29.7289 call 0x340(76,0,0,0) = 15 (0xf)
29.7449 call 0x340(77,0,0,0) = 25 (0x19)
29.7611 call 0x340(78,0,0,0) = 15 (0xf)
29.7774 call 0x340(79,0,0,0) = 45 (0x2d)
29.7936 call 0x340(80,0,0,0) = 40 (0x28)
29.8099 call 0x340(81,0,0,0) = 25 (0x19)
29.8261 call 0x340(82,0,0,0) = 1 (0x1)
29.8424 call 0x340(83,0,0,0) = 5 (0x5)
29.8586 call 0x340(84,0,0,0) = 0 (0x0)
29.8749 call 0x340(85,0,0,0) = 0 (0x0)
29.8911 call 0x340(86,0,0,0) = 0 (0x0)
29.9074 call 0x340(87,0,0,0) = 1 (0x1)
29.9236 call 0x340(88,0,0,0) = 1 (0x1)
29.9397 call 0x340(89,0,0,0) = 1 (0x1)
29.9557 call 0x340(90,0,0,0) = 20 (0x14)
29.9717 call 0x340(91,0,0,0) = 0 (0x0)
29.9876 call 0x340(92,0,0,0) = 0 (0x0)
30.0039 call 0x340(93,0,0,0) = 327681 (0x50001)
30.0199 call 0x340(94,0,0,0) = 0 (0x0)
30.0359 call 0x340(95,0,0,0) = 0 (0x0)
30.0519 call 0x340(96,0,0,0) = 3 (0x3)
30.0679 call 0x340(97,0,0,0) = 0 (0x0)
30.0839 call 0x340(98,0,0,0) = 0 (0x0)
30.1326 country 10 -> 0x5350 returns 10
30.1489 call 0x340(1,0,0,0) = 2 (0x2)
30.1651 call 0x340(2,0,0,0) = 1 (0x1)
30.1814 call 0x340(3,0,0,0) = 0 (0x0)
30.1976 call 0x340(4,0,0,0) = 1 (0x1)
30.2139 call 0x340(5,0,0,0) = 2 (0x2)
30.2301 call 0x340(6,0,0,0) = 0 (0x0)
30.2465 call 0x340(7,0,0,0) = 0 (0x0)
30.2621 call 0x340(8,0,0,0) = 0 (0x0)
30.2784 call 0x340(9,0,0,0) = 1 (0x1)
30.2944 call 0x340(10,0,0,0) = 0 (0x0)
30.3104 call 0x340(11,0,0,0) = 3 (0x3)
30.3264 call 0x340(12,0,0,0) = 10 (0xa)
30.3421 call 0x340(13,0,0,0) = 0 (0x0)
30.3584 call 0x340(14,0,0,0) = 1 (0x1)
30.3746 call 0x340(15,0,0,0) = 20000000 (0x1312d00)
30.3906 call 0x340(16,0,0,0) = 60000000 (0x3938700)
30.4066 call 0x340(17,0,0,0) = 15000000 (0xe4e1c0)
30.4225 call 0x340(18,0,0,0) = 30000000 (0x1c9c380)
30.4391 call 0x340(19,0,0,0) = 45000000 (0x2aea540)
30.4554 call 0x340(20,0,0,0) = 60000000 (0x3938700)
30.4716 call 0x340(21,0,0,0) = 1 (0x1)
30.4879 call 0x340(22,0,0,0) = 1 (0x1)
30.5039 call 0x340(23,0,0,0) = 0 (0x0)
30.5201 call 0x340(24,0,0,0) = 10 (0xa)
30.5364 call 0x340(25,0,0,0) = 5 (0x5)
30.5526 call 0x340(26,0,0,0) = 5 (0x5)
30.5689 call 0x340(27,0,0,0) = 25 (0x19)
30.5846 call 0x340(28,0,0,0) = 34 (0x22)
30.6009 call 0x340(29,0,0,0) = 0 (0x0)
30.6169 call 0x340(30,0,0,0) = 9 (0x9)
30.6331 call 0x340(31,0,0,0) = 3 (0x3)
30.6491 call 0x340(32,0,0,0) = 2 (0x2)
30.6648 call 0x340(33,0,0,0) = 30 (0x1e)
30.6814 call 0x340(34,0,0,0) = 0 (0x0)
30.6974 call 0x340(35,0,0,0) = 2 (0x2)
30.7134 call 0x340(36,0,0,0) = 0 (0x0)
30.7288 call 0x340(37,0,0,0) = 0 (0x0)
30.7472 call 0x340(38,0,0,0) = 5 (0x5)
30.7616 call 0x340(39,0,0,0) = 0 (0x0)
30.7779 call 0x340(40,0,0,0) = 0 (0x0)
30.7941 call 0x340(41,0,0,0) = 0 (0x0)
30.8104 call 0x340(42,0,0,0) = 0 (0x0)
30.8266 call 0x340(43,0,0,0) = 1 (0x1)
30.8429 call 0x340(44,0,0,0) = 0 (0x0)
30.8591 call 0x340(45,0,0,0) = 0 (0x0)
30.8754 call 0x340(46,0,0,0) = 1 (0x1)
30.8916 call 0x340(47,0,0,0) = 0 (0x0)
30.9076 call 0x340(48,0,0,0) = 1 (0x1)
30.9236 call 0x340(49,0,0,0) = 75000000 (0x47868c0)
30.9397 call 0x340(50,0,0,0) = 55000000 (0x3473bc0)
30.9557 call 0x340(51,0,0,0) = 40000000 (0x2625a00)
30.9717 call 0x340(52,0,0,0) = 30000000 (0x1c9c380)
30.9876 call 0x340(53,0,0,0) = 25000000 (0x17d7840)
31.0039 call 0x340(54,0,0,0) = 0 (0x0)
31.0199 call 0x340(55,0,0,0) = 1 (0x1)
31.0359 call 0x340(56,0,0,0) = 1 (0x1)
31.0519 call 0x340(57,0,0,0) = 0 (0x0)
31.0681 call 0x340(58,0,0,0) = 0 (0x0)
31.0844 call 0x340(59,0,0,0) = 0 (0x0)
31.1006 call 0x340(60,0,0,0) = 0 (0x0)
31.1169 call 0x340(61,0,0,0) = 2000 (0x7d0)
31.1331 call 0x340(62,0,0,0) = 30 (0x1e)
31.1494 call 0x340(63,0,0,0) = 1 (0x1)
31.1656 call 0x340(64,0,0,0) = 0 (0x0)
31.1819 call 0x340(65,0,0,0) = 0 (0x0)
31.1981 call 0x340(66,0,0,0) = 3 (0x3)
31.2144 call 0x340(67,0,0,0) = 1 (0x1)
31.2306 call 0x340(68,0,0,0) = 0 (0x0)
31.2470 call 0x340(69,0,0,0) = 0 (0x0)
31.2629 call 0x340(70,0,0,0) = 0 (0x0)
31.2789 call 0x340(71,0,0,0) = 2 (0x2)
31.2949 call 0x340(72,0,0,0) = 45 (0x2d)
31.3109 call 0x340(73,0,0,0) = 45 (0x2d)
31.3269 call 0x340(74,0,0,0) = 45 (0x2d)
31.3429 call 0x340(75,0,0,0) = 20 (0x14)
31.3589 call 0x340(76,0,0,0) = 15 (0xf)
31.3751 call 0x340(77,0,0,0) = 25 (0x19)
31.3914 call 0x340(78,0,0,0) = 15 (0xf)
31.4076 call 0x340(79,0,0,0) = 45 (0x2d)
31.4239 call 0x340(80,0,0,0) = 40 (0x28)
31.4401 call 0x340(81,0,0,0) = 25 (0x19)
31.4564 call 0x340(82,0,0,0) = 1 (0x1)
31.4726 call 0x340(83,0,0,0) = 5 (0x5)
31.4889 call 0x340(84,0,0,0) = 0 (0x0)
31.5051 call 0x340(85,0,0,0) = 0 (0x0)
31.5214 call 0x340(86,0,0,0) = 0 (0x0)
31.5376 call 0x340(87,0,0,0) = 1 (0x1)
31.5536 call 0x340(88,0,0,0) = 1 (0x1)
31.5699 call 0x340(89,0,0,0) = 1 (0x1)
31.5859 call 0x340(90,0,0,0) = 20 (0x14)
31.6019 call 0x340(91,0,0,0) = 0 (0x0)
31.6179 call 0x340(92,0,0,0) = 0 (0x0)
31.6339 call 0x340(93,0,0,0) = 327681 (0x50001)
31.6499 call 0x340(94,0,0,0) = 0 (0x0)
31.6659 call 0x340(95,0,0,0) = 0 (0x0)
31.6819 call 0x340(96,0,0,0) = 3 (0x3)
31.6979 call 0x340(97,0,0,0) = 0 (0x0)
31.7141 call 0x340(98,0,0,0) = 0 (0x0)
31.7629 country 11 -> 0x5350 returns 11
31.7791 call 0x340(1,0,0,0) = 2 (0x2)
31.7954 call 0x340(2,0,0,0) = 1 (0x1)
31.8116 call 0x340(3,0,0,0) = 0 (0x0)
31.8279 call 0x340(4,0,0,0) = 1 (0x1)
31.8441 call 0x340(5,0,0,0) = 2 (0x2)
31.8604 call 0x340(6,0,0,0) = 0 (0x0)
31.8766 call 0x340(7,0,0,0) = 0 (0x0)
31.8926 call 0x340(8,0,0,0) = 0 (0x0)
31.9086 call 0x340(9,0,0,0) = 1 (0x1)
31.9246 call 0x340(10,0,0,0) = 0 (0x0)
31.9407 call 0x340(11,0,0,0) = 3 (0x3)
31.9567 call 0x340(12,0,0,0) = 10 (0xa)
31.9727 call 0x340(13,0,0,0) = 0 (0x0)
31.9886 call 0x340(14,0,0,0) = 1 (0x1)
32.0049 call 0x340(15,0,0,0) = 20000000 (0x1312d00)
32.0209 call 0x340(16,0,0,0) = 60000000 (0x3938700)
32.0371 call 0x340(17,0,0,0) = 15000000 (0xe4e1c0)
32.0534 call 0x340(18,0,0,0) = 30000000 (0x1c9c380)
32.0696 call 0x340(19,0,0,0) = 45000000 (0x2aea540)
32.0859 call 0x340(20,0,0,0) = 60000000 (0x3938700)
32.1021 call 0x340(21,0,0,0) = 1 (0x1)
32.1184 call 0x340(22,0,0,0) = 1 (0x1)
32.1346 call 0x340(23,0,0,0) = 0 (0x0)
32.1509 call 0x340(24,0,0,0) = 10 (0xa)
32.1671 call 0x340(25,0,0,0) = 5 (0x5)
32.1834 call 0x340(26,0,0,0) = 5 (0x5)
32.1994 call 0x340(27,0,0,0) = 25 (0x19)
32.2154 call 0x340(28,0,0,0) = 46 (0x2e)
32.2314 call 0x340(29,0,0,0) = 0 (0x0)
32.2477 call 0x340(30,0,0,0) = 9 (0x9)
32.2636 call 0x340(31,0,0,0) = 3 (0x3)
32.2796 call 0x340(32,0,0,0) = 2 (0x2)
32.2956 call 0x340(33,0,0,0) = 30 (0x1e)
32.3117 call 0x340(34,0,0,0) = 0 (0x0)
32.3277 call 0x340(35,0,0,0) = 2 (0x2)
32.3436 call 0x340(36,0,0,0) = 0 (0x0)
32.3599 call 0x340(37,0,0,0) = 0 (0x0)
32.3761 call 0x340(38,0,0,0) = 5 (0x5)
32.3924 call 0x340(39,0,0,0) = 0 (0x0)
32.4086 call 0x340(40,0,0,0) = 0 (0x0)
32.4249 call 0x340(41,0,0,0) = 0 (0x0)
32.4411 call 0x340(42,0,0,0) = 0 (0x0)
32.4574 call 0x340(43,0,0,0) = 1 (0x1)
32.4736 call 0x340(44,0,0,0) = 0 (0x0)
32.4899 call 0x340(45,0,0,0) = 0 (0x0)
32.5061 call 0x340(46,0,0,0) = 1 (0x1)
32.5221 call 0x340(47,0,0,0) = 0 (0x0)
32.5381 call 0x340(48,0,0,0) = 1 (0x1)
32.5541 call 0x340(49,0,0,0) = 75000000 (0x47868c0)
32.5702 call 0x340(50,0,0,0) = 55000000 (0x3473bc0)
32.5862 call 0x340(51,0,0,0) = 40000000 (0x2625a00)
32.6022 call 0x340(52,0,0,0) = 30000000 (0x1c9c380)
32.6181 call 0x340(53,0,0,0) = 25000000 (0x17d7840)
32.6341 call 0x340(54,0,0,0) = 0 (0x0)
32.6501 call 0x340(55,0,0,0) = 1 (0x1)
32.6661 call 0x340(56,0,0,0) = 1 (0x1)
32.6824 call 0x340(57,0,0,0) = 0 (0x0)
32.6986 call 0x340(58,0,0,0) = 0 (0x0)
32.7149 call 0x340(59,0,0,0) = 0 (0x0)
32.7311 call 0x340(60,0,0,0) = 0 (0x0)
32.7474 call 0x340(61,0,0,0) = 2000 (0x7d0)
32.7634 call 0x340(62,0,0,0) = 30 (0x1e)
32.7824 call 0x340(63,0,0,0) = 1 (0x1)
32.7950 call 0x340(64,0,0,0) = 0 (0x0)
32.8140 call 0x340(65,0,0,0) = 0 (0x0)
32.8464 call 0x340(66,0,0,0) = 3 (0x3)
32.8592 call 0x340(67,0,0,0) = 1 (0x1)
32.8784 call 0x340(68,0,0,0) = 0 (0x0)
32.8912 call 0x340(69,0,0,0) = 0 (0x0)
32.9104 call 0x340(70,0,0,0) = 0 (0x0)
32.9236 call 0x340(71,0,0,0) = 2 (0x2)
32.9424 call 0x340(72,0,0,0) = 45 (0x2d)
32.9552 call 0x340(73,0,0,0) = 45 (0x2d)
32.9745 call 0x340(74,0,0,0) = 45 (0x2d)
33.0065 call 0x340(75,0,0,0) = 20 (0x14)
33.0196 call 0x340(76,0,0,0) = 15 (0xf)
33.0388 call 0x340(77,0,0,0) = 25 (0x19)
33.0517 call 0x340(78,0,0,0) = 15 (0xf)
33.0711 call 0x340(79,0,0,0) = 45 (0x2d)
33.0843 call 0x340(80,0,0,0) = 40 (0x28)
33.1034 call 0x340(81,0,0,0) = 25 (0x19)
33.1356 call 0x340(82,0,0,0) = 1 (0x1)
33.1484 call 0x340(83,0,0,0) = 5 (0x5)
33.1679 call 0x340(84,0,0,0) = 0 (0x0)
33.1805 call 0x340(85,0,0,0) = 0 (0x0)
33.2000 call 0x340(86,0,0,0) = 0 (0x0)
33.2320 call 0x340(87,0,0,0) = 1 (0x1)
33.2449 call 0x340(88,0,0,0) = 1 (0x1)
33.2640 call 0x340(89,0,0,0) = 1 (0x1)
33.2766 call 0x340(90,0,0,0) = 20 (0x14)
33.2961 call 0x340(91,0,0,0) = 0 (0x0)
33.3085 call 0x340(92,0,0,0) = 0 (0x0)
33.3285 call 0x340(93,0,0,0) = 327681 (0x50001)
33.3407 call 0x340(94,0,0,0) = 0 (0x0)
33.3604 call 0x340(95,0,0,0) = 0 (0x0)
33.3926 call 0x340(96,0,0,0) = 3 (0x3)
33.4056 call 0x340(97,0,0,0) = 0 (0x0)
33.4249 call 0x340(98,0,0,0) = 0 (0x0)
33.4895 country 12 -> 0x5350 returns 12
33.5019 call 0x340(1,0,0,0) = 2 (0x2)
33.5218 call 0x340(2,0,0,0) = 1 (0x1)
33.5341 call 0x340(3,0,0,0) = 0 (0x0)
33.5540 call 0x340(4,0,0,0) = 1 (0x1)
33.5663 call 0x340(5,0,0,0) = 2 (0x2)
33.5859 call 0x340(6,0,0,0) = 0 (0x0)
33.5980 call 0x340(7,0,0,0) = 1 (0x1)
33.6179 call 0x340(8,0,0,0) = 0 (0x0)
33.6502 call 0x340(9,0,0,0) = 1 (0x1)
33.6625 call 0x340(10,0,0,0) = 1 (0x1)
33.6825 call 0x340(11,0,0,0) = 3 (0x3)
33.6947 call 0x340(12,0,0,0) = 10 (0xa)
33.7148 call 0x340(13,0,0,0) = 0 (0x0)
33.7274 call 0x340(14,0,0,0) = 1 (0x1)
33.7471 call 0x340(15,0,0,0) = 20000000 (0x1312d00)
33.7793 call 0x340(16,0,0,0) = 60000000 (0x3938700)
33.7916 call 0x340(17,0,0,0) = 15000000 (0xe4e1c0)
33.8116 call 0x340(18,0,0,0) = 30000000 (0x1c9c380)
33.8235 call 0x340(19,0,0,0) = 45000000 (0x2aea540)
33.8437 call 0x340(20,0,0,0) = 60000000 (0x3938700)
33.8756 call 0x340(21,0,0,0) = 1 (0x1)
33.8881 call 0x340(22,0,0,0) = 1 (0x1)
33.9079 call 0x340(23,0,0,0) = 0 (0x0)
33.9197 call 0x340(24,0,0,0) = 10 (0xa)
33.9399 call 0x340(25,0,0,0) = 5 (0x5)
33.9517 call 0x340(26,0,0,0) = 5 (0x5)
33.9723 call 0x340(27,0,0,0) = 25 (0x19)
33.9840 call 0x340(28,0,0,0) = 48 (0x30)
34.0041 call 0x340(29,0,0,0) = 0 (0x0)
34.0364 call 0x340(30,0,0,0) = 9 (0x9)
34.0488 call 0x340(31,0,0,0) = 3 (0x3)
34.0686 call 0x340(32,0,0,0) = 2 (0x2)
34.0807 call 0x340(33,0,0,0) = 30 (0x1e)
34.1009 call 0x340(34,0,0,0) = 0 (0x0)
34.1331 call 0x340(35,0,0,0) = 2 (0x2)
34.1449 call 0x340(36,0,0,0) = 1 (0x1)
34.1651 call 0x340(37,0,0,0) = 0 (0x0)
34.1770 call 0x340(38,0,0,0) = 5 (0x5)
34.1972 call 0x340(39,0,0,0) = 0 (0x0)
34.2094 call 0x340(40,0,0,0) = 0 (0x0)
34.2291 call 0x340(41,0,0,0) = 0 (0x0)
34.2411 call 0x340(42,0,0,0) = 0 (0x0)
34.2611 call 0x340(43,0,0,0) = 1 (0x1)
34.2730 call 0x340(44,0,0,0) = 0 (0x0)
34.2935 call 0x340(45,0,0,0) = 0 (0x0)
34.3053 call 0x340(46,0,0,0) = 1 (0x1)
34.3254 call 0x340(47,0,0,0) = 0 (0x0)
34.3375 call 0x340(48,0,0,0) = 1 (0x1)
34.3577 call 0x340(49,0,0,0) = 75000000 (0x47868c0)
34.3701 call 0x340(50,0,0,0) = 55000000 (0x3473bc0)
34.3899 call 0x340(51,0,0,0) = 40000000 (0x2625a00)
34.4221 call 0x340(52,0,0,0) = 30000000 (0x1c9c380)
34.4342 call 0x340(53,0,0,0) = 25000000 (0x17d7840)
34.4544 call 0x340(54,0,0,0) = 0 (0x0)
34.4662 call 0x340(55,0,0,0) = 1 (0x1)
34.4864 call 0x340(56,0,0,0) = 1 (0x1)
34.5186 call 0x340(57,0,0,0) = 0 (0x0)
34.5308 call 0x340(58,0,0,0) = 0 (0x0)
34.5506 call 0x340(59,0,0,0) = 0 (0x0)
34.5626 call 0x340(60,0,0,0) = 0 (0x0)
34.5826 call 0x340(61,0,0,0) = 2000 (0x7d0)
34.5945 call 0x340(62,0,0,0) = 30 (0x1e)
34.6150 call 0x340(63,0,0,0) = 1 (0x1)
34.6267 call 0x340(64,0,0,0) = 0 (0x0)
34.6469 call 0x340(65,0,0,0) = 0 (0x0)
34.6791 call 0x340(66,0,0,0) = 3 (0x3)
34.6916 call 0x340(67,0,0,0) = 1 (0x1)
34.7114 call 0x340(68,0,0,0) = 0 (0x0)
34.7235 call 0x340(69,0,0,0) = 0 (0x0)
34.7436 call 0x340(70,0,0,0) = 0 (0x0)
34.7759 call 0x340(71,0,0,0) = 2 (0x2)
34.7877 call 0x340(72,0,0,0) = 45 (0x2d)
34.8079 call 0x340(73,0,0,0) = 45 (0x2d)
34.8198 call 0x340(74,0,0,0) = 45 (0x2d)
34.8400 call 0x340(75,0,0,0) = 20 (0x14)
34.8521 call 0x340(76,0,0,0) = 15 (0xf)
34.8719 call 0x340(77,0,0,0) = 25 (0x19)
34.8837 call 0x340(78,0,0,0) = 15 (0xf)
34.9039 call 0x340(79,0,0,0) = 45 (0x2d)
34.9359 call 0x340(80,0,0,0) = 40 (0x28)
34.9480 call 0x340(81,0,0,0) = 25 (0x19)
34.9681 call 0x340(82,0,0,0) = 1 (0x1)
34.9802 call 0x340(83,0,0,0) = 5 (0x5)
35.0004 call 0x340(84,0,0,0) = 0 (0x0)
35.0128 call 0x340(85,0,0,0) = 0 (0x0)
35.0326 call 0x340(86,0,0,0) = 0 (0x0)
35.0649 call 0x340(87,0,0,0) = 1 (0x1)
35.0771 call 0x340(88,0,0,0) = 1 (0x1)
35.0971 call 0x340(89,0,0,0) = 1 (0x1)
35.1090 call 0x340(90,0,0,0) = 20 (0x14)
35.1291 call 0x340(91,0,0,0) = 0 (0x0)
35.1611 call 0x340(92,0,0,0) = 0 (0x0)
35.1733 call 0x340(93,0,0,0) = 327681 (0x50001)
35.1931 call 0x340(94,0,0,0) = 0 (0x0)
35.2050 call 0x340(95,0,0,0) = 0 (0x0)
35.2250 call 0x340(96,0,0,0) = 3 (0x3)
35.2371 call 0x340(97,0,0,0) = 0 (0x0)
35.2570 call 0x340(98,0,0,0) = 0 (0x0)
35.3214 country 13 -> 0x5350 returns 13
35.3341 call 0x340(1,0,0,0) = 2 (0x2)
35.3536 call 0x340(2,0,0,0) = 1 (0x1)
35.3660 call 0x340(3,0,0,0) = 0 (0x0)
35.3859 call 0x340(4,0,0,0) = 1 (0x1)
35.4181 call 0x340(5,0,0,0) = 2 (0x2)
35.4302 call 0x340(6,0,0,0) = 0 (0x0)
35.4501 call 0x340(7,0,0,0) = 0 (0x0)
35.4622 call 0x340(8,0,0,0) = 0 (0x0)
35.4820 call 0x340(9,0,0,0) = 1 (0x1)
35.4945 call 0x340(10,0,0,0) = 0 (0x0)
35.5139 call 0x340(11,0,0,0) = 3 (0x3)
35.5262 call 0x340(12,0,0,0) = 10 (0xa)
35.5460 call 0x340(13,0,0,0) = 0 (0x0)
35.5779 call 0x340(14,0,0,0) = 1 (0x1)
35.5906 call 0x340(15,0,0,0) = 20000000 (0x1312d00)
35.6101 call 0x340(16,0,0,0) = 60000000 (0x3938700)
35.6227 call 0x340(17,0,0,0) = 15000000 (0xe4e1c0)
35.6423 call 0x340(18,0,0,0) = 30000000 (0x1c9c380)
35.6554 call 0x340(19,0,0,0) = 45000000 (0x2aea540)
35.6745 call 0x340(20,0,0,0) = 60000000 (0x3938700)
35.7067 call 0x340(21,0,0,0) = 1 (0x1)
35.7195 call 0x340(22,0,0,0) = 1 (0x1)
35.7389 call 0x340(23,0,0,0) = 0 (0x0)
35.7517 call 0x340(24,0,0,0) = 10 (0xa)
35.7712 call 0x340(25,0,0,0) = 5 (0x5)
35.8031 call 0x340(26,0,0,0) = 5 (0x5)
35.8161 call 0x340(27,0,0,0) = 25 (0x19)
35.8351 call 0x340(28,0,0,0) = 2 (0x2)
35.8479 call 0x340(29,0,0,0) = 0 (0x0)
35.8670 call 0x340(30,0,0,0) = 9 (0x9)
35.8800 call 0x340(31,0,0,0) = 3 (0x3)
35.8997 call 0x340(32,0,0,0) = 2 (0x2)
35.9122 call 0x340(33,0,0,0) = 30 (0x1e)
35.9315 call 0x340(34,0,0,0) = 0 (0x0)
35.9637 call 0x340(35,0,0,0) = 2 (0x2)
35.9770 call 0x340(36,0,0,0) = 1 (0x1)
35.9959 call 0x340(37,0,0,0) = 0 (0x0)
36.0090 call 0x340(38,0,0,0) = 5 (0x5)
36.0281 call 0x340(39,0,0,0) = 0 (0x0)
36.0604 call 0x340(40,0,0,0) = 0 (0x0)
36.0732 call 0x340(41,0,0,0) = 0 (0x0)
36.0924 call 0x340(42,0,0,0) = 0 (0x0)
36.1054 call 0x340(43,0,0,0) = 1 (0x1)
36.1244 call 0x340(44,0,0,0) = 0 (0x0)
36.1376 call 0x340(45,0,0,0) = 0 (0x0)
36.1563 call 0x340(46,0,0,0) = 1 (0x1)
36.1692 call 0x340(47,0,0,0) = 0 (0x0)
36.1883 call 0x340(48,0,0,0) = 1 (0x1)
36.2202 call 0x340(49,0,0,0) = 75000000 (0x47868c0)
36.2336 call 0x340(50,0,0,0) = 55000000 (0x3473bc0)
36.2525 call 0x340(51,0,0,0) = 40000000 (0x2625a00)
36.2657 call 0x340(52,0,0,0) = 30000000 (0x1c9c380)
36.2848 call 0x340(53,0,0,0) = 25000000 (0x17d7840)
36.2984 call 0x340(54,0,0,0) = 0 (0x0)
36.3170 call 0x340(55,0,0,0) = 1 (0x1)
36.3492 call 0x340(56,0,0,0) = 1 (0x1)
36.3626 call 0x340(57,0,0,0) = 0 (0x0)
36.3815 call 0x340(58,0,0,0) = 0 (0x0)
36.3944 call 0x340(59,0,0,0) = 0 (0x0)
36.4135 call 0x340(60,0,0,0) = 0 (0x0)
36.4455 call 0x340(61,0,0,0) = 2000 (0x7d0)
36.4588 call 0x340(62,0,0,0) = 30 (0x1e)
36.4775 call 0x340(63,0,0,0) = 1 (0x1)
36.4904 call 0x340(64,0,0,0) = 0 (0x0)
36.5065 call 0x340(65,0,0,0) = 0 (0x0)
36.5266 call 0x340(66,0,0,0) = 3 (0x3)
36.5391 call 0x340(67,0,0,0) = 1 (0x1)
36.5588 call 0x340(68,0,0,0) = 0 (0x0)
36.5710 call 0x340(69,0,0,0) = 0 (0x0)
36.5911 call 0x340(70,0,0,0) = 0 (0x0)
36.6222 call 0x340(71,0,0,0) = 2 (0x2)
36.6356 call 0x340(72,0,0,0) = 45 (0x2d)
36.6545 call 0x340(73,0,0,0) = 45 (0x2d)
36.6677 call 0x340(74,0,0,0) = 45 (0x2d)
36.6868 call 0x340(75,0,0,0) = 20 (0x14)
36.7001 call 0x340(76,0,0,0) = 15 (0xf)
36.7188 call 0x340(77,0,0,0) = 25 (0x19)
36.7507 call 0x340(78,0,0,0) = 15 (0xf)
36.7637 call 0x340(79,0,0,0) = 45 (0x2d)
36.7827 call 0x340(80,0,0,0) = 40 (0x28)
36.7957 call 0x340(81,0,0,0) = 25 (0x19)
36.8148 call 0x340(82,0,0,0) = 1 (0x1)
36.8467 call 0x340(83,0,0,0) = 5 (0x5)
36.8604 call 0x340(84,0,0,0) = 0 (0x0)
36.8789 call 0x340(85,0,0,0) = 0 (0x0)
36.8923 call 0x340(86,0,0,0) = 0 (0x0)
36.9112 call 0x340(87,0,0,0) = 1 (0x1)
36.9245 call 0x340(88,0,0,0) = 1 (0x1)
36.9438 call 0x340(89,0,0,0) = 1 (0x1)
36.9567 call 0x340(90,0,0,0) = 20 (0x14)
36.9757 call 0x340(91,0,0,0) = 0 (0x0)
37.0079 call 0x340(92,0,0,0) = 0 (0x0)
37.0216 call 0x340(93,0,0,0) = 327681 (0x50001)
37.0402 call 0x340(94,0,0,0) = 0 (0x0)
37.0532 call 0x340(95,0,0,0) = 0 (0x0)
37.0734 call 0x340(96,0,0,0) = 3 (0x3)
37.1054 call 0x340(97,0,0,0) = 0 (0x0)
37.1172 call 0x340(98,0,0,0) = 0 (0x0)
37.1693 country 14 -> 0x5350 returns 14
37.1818 call 0x340(1,0,0,0) = 2 (0x2)
37.2016 call 0x340(2,0,0,0) = 1 (0x1)
37.2137 call 0x340(3,0,0,0) = 0 (0x0)
37.2340 call 0x340(4,0,0,0) = 1 (0x1)
37.2457 call 0x340(5,0,0,0) = 2 (0x2)
37.2662 call 0x340(6,0,0,0) = 0 (0x0)
37.2780 call 0x340(7,0,0,0) = 0 (0x0)
37.2981 call 0x340(8,0,0,0) = 0 (0x0)
37.3102 call 0x340(9,0,0,0) = 2 (0x2)
37.3304 call 0x340(10,0,0,0) = 0 (0x0)
37.3426 call 0x340(11,0,0,0) = 3 (0x3)
37.3623 call 0x340(12,0,0,0) = 10 (0xa)
37.3947 call 0x340(13,0,0,0) = 0 (0x0)
37.4066 call 0x340(14,0,0,0) = 1 (0x1)
37.4254 call 0x340(15,0,0,0) = 20000000 (0x1312d00)
37.4385 call 0x340(16,0,0,0) = 60000000 (0x3938700)
37.4586 call 0x340(17,0,0,0) = 15000000 (0xe4e1c0)
37.4905 call 0x340(18,0,0,0) = 30000000 (0x1c9c380)
37.5031 call 0x340(19,0,0,0) = 45000000 (0x2aea540)
37.5228 call 0x340(20,0,0,0) = 60000000 (0x3938700)
37.5350 call 0x340(21,0,0,0) = 1 (0x1)
37.5552 call 0x340(22,0,0,0) = 1 (0x1)
37.5672 call 0x340(23,0,0,0) = 0 (0x0)
37.5865 call 0x340(24,0,0,0) = 10 (0xa)
37.5995 call 0x340(25,0,0,0) = 5 (0x5)
37.6197 call 0x340(26,0,0,0) = 5 (0x5)
37.6504 call 0x340(27,0,0,0) = 25 (0x19)
37.6640 call 0x340(28,0,0,0) = 55 (0x37)
37.6824 call 0x340(29,0,0,0) = 0 (0x0)
37.6957 call 0x340(30,0,0,0) = 9 (0x9)
37.7145 call 0x340(31,0,0,0) = 3 (0x3)
37.7464 call 0x340(32,0,0,0) = 2 (0x2)
37.7597 call 0x340(33,0,0,0) = 9 (0x9)
37.7785 call 0x340(34,0,0,0) = 0 (0x0)
37.7917 call 0x340(35,0,0,0) = 2 (0x2)
37.8103 call 0x340(36,0,0,0) = 1 (0x1)
37.8244 call 0x340(37,0,0,0) = 0 (0x0)
37.8426 call 0x340(38,0,0,0) = 5 (0x5)
37.8562 call 0x340(39,0,0,0) = 0 (0x0)
37.8748 call 0x340(40,0,0,0) = 0 (0x0)
37.9070 call 0x340(41,0,0,0) = 0 (0x0)
37.9208 call 0x340(42,0,0,0) = 0 (0x0)
37.9393 call 0x340(43,0,0,0) = 1 (0x1)
37.9530 call 0x340(44,0,0,0) = 0 (0x0)
37.9716 call 0x340(45,0,0,0) = 0 (0x0)
37.9854 call 0x340(46,0,0,0) = 1 (0x1)
38.0036 call 0x340(47,0,0,0) = 0 (0x0)
38.0355 call 0x340(48,0,0,0) = 1 (0x1)
38.0490 call 0x340(49,0,0,0) = 75000000 (0x47868c0)
38.0675 call 0x340(50,0,0,0) = 55000000 (0x3473bc0)
38.0810 call 0x340(51,0,0,0) = 40000000 (0x2625a00)
38.0995 call 0x340(52,0,0,0) = 30000000 (0x1c9c380)
38.1315 call 0x340(53,0,0,0) = 25000000 (0x17d7840)
38.1455 call 0x340(54,0,0,0) = 0 (0x0)
38.1637 call 0x340(55,0,0,0) = 1 (0x1)
38.1776 call 0x340(56,0,0,0) = 0 (0x0)
38.1960 call 0x340(57,0,0,0) = 0 (0x0)
38.2097 call 0x340(58,0,0,0) = 0 (0x0)
38.2288 call 0x340(59,0,0,0) = 0 (0x0)
38.2417 call 0x340(60,0,0,0) = 1 (0x1)
38.2602 call 0x340(61,0,0,0) = 2000 (0x7d0)
38.2925 call 0x340(62,0,0,0) = 30 (0x1e)
38.3063 call 0x340(63,0,0,0) = 1 (0x1)
38.3245 call 0x340(64,0,0,0) = 0 (0x0)
38.3380 call 0x340(65,0,0,0) = 0 (0x0)
38.3565 call 0x340(66,0,0,0) = 3 (0x3)
38.3887 call 0x340(67,0,0,0) = 1 (0x1)
38.4022 call 0x340(68,0,0,0) = 0 (0x0)
38.4208 call 0x340(69,0,0,0) = 0 (0x0)
38.4343 call 0x340(70,0,0,0) = 0 (0x0)
38.4527 call 0x340(71,0,0,0) = 2 (0x2)
38.4669 call 0x340(72,0,0,0) = 45 (0x2d)
38.4849 call 0x340(73,0,0,0) = 45 (0x2d)
38.4987 call 0x340(74,0,0,0) = 45 (0x2d)
38.5172 call 0x340(75,0,0,0) = 20 (0x14)
38.5494 call 0x340(76,0,0,0) = 15 (0xf)
38.5632 call 0x340(77,0,0,0) = 25 (0x19)
38.5817 call 0x340(78,0,0,0) = 15 (0xf)
38.5955 call 0x340(79,0,0,0) = 45 (0x2d)
38.6139 call 0x340(80,0,0,0) = 40 (0x28)
38.6281 call 0x340(81,0,0,0) = 25 (0x19)
38.6462 call 0x340(82,0,0,0) = 1 (0x1)
38.6785 call 0x340(83,0,0,0) = 5 (0x5)
38.6921 call 0x340(84,0,0,0) = 0 (0x0)
38.7105 call 0x340(85,0,0,0) = 0 (0x0)
38.7240 call 0x340(86,0,0,0) = 0 (0x0)
38.7425 call 0x340(87,0,0,0) = 1 (0x1)
38.7744 call 0x340(88,0,0,0) = 1 (0x1)
38.7886 call 0x340(89,0,0,0) = 1 (0x1)
38.8067 call 0x340(90,0,0,0) = 20 (0x14)
38.8205 call 0x340(91,0,0,0) = 0 (0x0)
38.8389 call 0x340(92,0,0,0) = 0 (0x0)
38.8527 call 0x340(93,0,0,0) = 327681 (0x50001)
38.8715 call 0x340(94,0,0,0) = 0 (0x0)
38.8850 call 0x340(95,0,0,0) = 0 (0x0)
38.9034 call 0x340(96,0,0,0) = 3 (0x3)
38.9357 call 0x340(97,0,0,0) = 0 (0x0)
38.9496 call 0x340(98,0,0,0) = 0 (0x0)
38.9996 country 15 -> 0x5350 returns 15
39.0316 call 0x340(1,0,0,0) = 2 (0x2)
39.0452 call 0x340(2,0,0,0) = 1 (0x1)
39.0636 call 0x340(3,0,0,0) = 0 (0x0)
39.0772 call 0x340(4,0,0,0) = 1 (0x1)
39.0955 call 0x340(5,0,0,0) = 2 (0x2)
39.1098 call 0x340(6,0,0,0) = 0 (0x0)
39.1278 call 0x340(7,0,0,0) = 0 (0x0)
39.1417 call 0x340(8,0,0,0) = 0 (0x0)
39.1601 call 0x340(9,0,0,0) = 1 (0x1)
39.1923 call 0x340(10,0,0,0) = 0 (0x0)
39.2063 call 0x340(11,0,0,0) = 3 (0x3)
39.2247 call 0x340(12,0,0,0) = 10 (0xa)
39.2382 call 0x340(13,0,0,0) = 0 (0x0)
39.2565 call 0x340(14,0,0,0) = 1 (0x1)
39.2706 call 0x340(15,0,0,0) = 20000000 (0x1312d00)
39.2885 call 0x340(16,0,0,0) = 60000000 (0x3938700)
39.3205 call 0x340(17,0,0,0) = 15000000 (0xe4e1c0)
39.3342 call 0x340(18,0,0,0) = 30000000 (0x1c9c380)
39.3525 call 0x340(19,0,0,0) = 45000000 (0x2aea540)
39.3662 call 0x340(20,0,0,0) = 60000000 (0x3938700)
39.3845 call 0x340(21,0,0,0) = 1 (0x1)
39.4164 call 0x340(22,0,0,0) = 1 (0x1)
39.4308 call 0x340(23,0,0,0) = 0 (0x0)
39.4487 call 0x340(24,0,0,0) = 10 (0xa)
39.4629 call 0x340(25,0,0,0) = 5 (0x5)
39.4809 call 0x340(26,0,0,0) = 5 (0x5)
39.4950 call 0x340(27,0,0,0) = 25 (0x19)
39.5136 call 0x340(28,0,0,0) = 18 (0x12)
39.5272 call 0x340(29,0,0,0) = 0 (0x0)
39.5455 call 0x340(30,0,0,0) = 9 (0x9)
39.5777 call 0x340(31,0,0,0) = 3 (0x3)
39.5918 call 0x340(32,0,0,0) = 2 (0x2)
39.6097 call 0x340(33,0,0,0) = 30 (0x1e)
39.6237 call 0x340(34,0,0,0) = 0 (0x0)
39.6419 call 0x340(35,0,0,0) = 2 (0x2)
39.6740 call 0x340(36,0,0,0) = 1 (0x1)
39.6877 call 0x340(37,0,0,0) = 0 (0x0)
39.7061 call 0x340(38,0,0,0) = 5 (0x5)
39.7199 call 0x340(39,0,0,0) = 0 (0x0)
39.7379 call 0x340(40,0,0,0) = 0 (0x0)
39.7524 call 0x340(41,0,0,0) = 0 (0x0)
39.7702 call 0x340(42,0,0,0) = 0 (0x0)
39.7842 call 0x340(43,0,0,0) = 1 (0x1)
39.8025 call 0x340(44,0,0,0) = 0 (0x0)
39.8347 call 0x340(45,0,0,0) = 0 (0x0)
39.8487 call 0x340(46,0,0,0) = 1 (0x1)
39.8669 call 0x340(47,0,0,0) = 0 (0x0)
39.8810 call 0x340(48,0,0,0) = 1 (0x1)
39.8992 call 0x340(49,0,0,0) = 75000000 (0x47868c0)
39.9136 call 0x340(50,0,0,0) = 55000000 (0x3473bc0)
39.9315 call 0x340(51,0,0,0) = 40000000 (0x2625a00)
39.9634 call 0x340(52,0,0,0) = 30000000 (0x1c9c380)
39.9774 call 0x340(53,0,0,0) = 25000000 (0x17d7840)
39.9954 call 0x340(54,0,0,0) = 0 (0x0)
40.0092 call 0x340(55,0,0,0) = 1 (0x1)
40.0275 call 0x340(56,0,0,0) = 1 (0x1)
40.0594 call 0x340(57,0,0,0) = 0 (0x0)
40.0738 call 0x340(58,0,0,0) = 0 (0x0)
40.0917 call 0x340(59,0,0,0) = 0 (0x0)
40.1057 call 0x340(60,0,0,0) = 0 (0x0)
40.1239 call 0x340(61,0,0,0) = 2000 (0x7d0)
40.1380 call 0x340(62,0,0,0) = 30 (0x1e)
40.1565 call 0x340(63,0,0,0) = 1 (0x1)
40.1702 call 0x340(64,0,0,0) = 0 (0x0)
40.1884 call 0x340(65,0,0,0) = 0 (0x0)
40.2207 call 0x340(66,0,0,0) = 3 (0x3)
40.2349 call 0x340(67,0,0,0) = 1 (0x1)
40.2526 call 0x340(68,0,0,0) = 0 (0x0)
40.2664 call 0x340(69,0,0,0) = 0 (0x0)
40.2846 call 0x340(70,0,0,0) = 0 (0x0)
40.3166 call 0x340(71,0,0,0) = 2 (0x2)
40.3305 call 0x340(72,0,0,0) = 45 (0x2d)
40.3486 call 0x340(73,0,0,0) = 45 (0x2d)
40.3624 call 0x340(74,0,0,0) = 45 (0x2d)
40.3806 call 0x340(75,0,0,0) = 20 (0x14)
40.3951 call 0x340(76,0,0,0) = 15 (0xf)
40.4128 call 0x340(77,0,0,0) = 25 (0x19)
40.4270 call 0x340(78,0,0,0) = 15 (0xf)
40.4450 call 0x340(79,0,0,0) = 45 (0x2d)
40.4773 call 0x340(80,0,0,0) = 40 (0x28)
40.4916 call 0x340(81,0,0,0) = 25 (0x19)
40.5096 call 0x340(82,0,0,0) = 1 (0x1)
40.5237 call 0x340(83,0,0,0) = 5 (0x5)
40.5418 call 0x340(84,0,0,0) = 0 (0x0)
40.5561 call 0x340(85,0,0,0) = 0 (0x0)
40.5738 call 0x340(86,0,0,0) = 0 (0x0)
40.6059 call 0x340(87,0,0,0) = 1 (0x1)
40.6197 call 0x340(88,0,0,0) = 1 (0x1)
40.6397 call 0x340(89,0,0,0) = 1 (0x1)
40.6517 call 0x340(90,0,0,0) = 20 (0x14)
40.6677 call 0x340(91,0,0,0) = 0 (0x0)
40.6998 call 0x340(92,0,0,0) = 0 (0x0)
40.7182 call 0x340(93,0,0,0) = 327681 (0x50001)
40.7321 call 0x340(94,0,0,0) = 0 (0x0)
40.7481 call 0x340(95,0,0,0) = 0 (0x0)
40.7640 call 0x340(96,0,0,0) = 3 (0x3)
40.7963 call 0x340(97,0,0,0) = 0 (0x0)
40.8120 call 0x340(98,0,0,0) = 0 (0x0)
40.8764 country 16 -> 0x5350 returns 16
40.8919 call 0x340(1,0,0,0) = 2 (0x2)
40.9240 call 0x340(2,0,0,0) = 1 (0x1)
40.9564 call 0x340(3,0,0,0) = 0 (0x0)
40.9720 call 0x340(4,0,0,0) = 1 (0x1)
40.9881 call 0x340(5,0,0,0) = 2 (0x2)
41.0041 call 0x340(6,0,0,0) = 0 (0x0)
41.0363 call 0x340(7,0,0,0) = 0 (0x0)
41.0520 call 0x340(8,0,0,0) = 0 (0x0)
41.0840 call 0x340(9,0,0,0) = 1 (0x1)
41.1164 call 0x340(10,0,0,0) = 0 (0x0)
41.1319 call 0x340(11,0,0,0) = 3 (0x3)
41.1480 call 0x340(12,0,0,0) = 10 (0xa)
41.1800 call 0x340(13,0,0,0) = 0 (0x0)
41.1964 call 0x340(14,0,0,0) = 1 (0x1)
41.2121 call 0x340(15,0,0,0) = 20000000 (0x1312d00)
41.2441 call 0x340(16,0,0,0) = 60000000 (0x3938700)
41.2601 call 0x340(17,0,0,0) = 15000000 (0xe4e1c0)
41.2763 call 0x340(18,0,0,0) = 30000000 (0x1c9c380)
41.2920 call 0x340(19,0,0,0) = 45000000 (0x2aea540)
41.3240 call 0x340(20,0,0,0) = 60000000 (0x3938700)
41.3564 call 0x340(21,0,0,0) = 1 (0x1)
41.3719 call 0x340(22,0,0,0) = 1 (0x1)
41.3879 call 0x340(23,0,0,0) = 0 (0x0)
41.4040 call 0x340(24,0,0,0) = 10 (0xa)
41.4363 call 0x340(25,0,0,0) = 5 (0x5)
41.4520 call 0x340(26,0,0,0) = 5 (0x5)
41.4840 call 0x340(27,0,0,0) = 25 (0x19)
41.5001 call 0x340(28,0,0,0) = 32 (0x20)
41.5164 call 0x340(29,0,0,0) = 0 (0x0)
41.5320 call 0x340(30,0,0,0) = 9 (0x9)
41.5640 call 0x340(31,0,0,0) = 3 (0x3)
41.5964 call 0x340(32,0,0,0) = 2 (0x2)
41.6120 call 0x340(33,0,0,0) = 30 (0x1e)
41.6280 call 0x340(34,0,0,0) = 0 (0x0)
41.6440 call 0x340(35,0,0,0) = 2 (0x2)
41.6764 call 0x340(36,0,0,0) = 1 (0x1)
41.6920 call 0x340(37,0,0,0) = 0 (0x0)
41.7240 call 0x340(38,0,0,0) = 5 (0x5)
41.7563 call 0x340(39,0,0,0) = 0 (0x0)
41.7721 call 0x340(40,0,0,0) = 0 (0x0)
41.7880 call 0x340(41,0,0,0) = 0 (0x0)
41.8200 call 0x340(42,0,0,0) = 0 (0x0)
41.8364 call 0x340(43,0,0,0) = 1 (0x1)
41.8680 call 0x340(44,0,0,0) = 0 (0x0)
41.8840 call 0x340(45,0,0,0) = 0 (0x0)
41.9000 call 0x340(46,0,0,0) = 1 (0x1)
41.9164 call 0x340(47,0,0,0) = 0 (0x0)
41.9480 call 0x340(48,0,0,0) = 1 (0x1)
41.9800 call 0x340(49,0,0,0) = 75000000 (0x47868c0)
41.9963 call 0x340(50,0,0,0) = 55000000 (0x3473bc0)
42.0121 call 0x340(51,0,0,0) = 40000000 (0x2625a00)
42.0281 call 0x340(52,0,0,0) = 30000000 (0x1c9c380)
42.0600 call 0x340(53,0,0,0) = 25000000 (0x17d7840)
42.0764 call 0x340(54,0,0,0) = 0 (0x0)
42.1080 call 0x340(55,0,0,0) = 1 (0x1)
42.1399 call 0x340(56,0,0,0) = 1 (0x1)
42.1563 call 0x340(57,0,0,0) = 0 (0x0)
42.1720 call 0x340(58,0,0,0) = 0 (0x0)
42.2041 call 0x340(59,0,0,0) = 0 (0x0)
42.2200 call 0x340(60,0,0,0) = 0 (0x0)
42.2363 call 0x340(61,0,0,0) = 2000 (0x7d0)
42.2681 call 0x340(62,0,0,0) = 30 (0x1e)
42.2841 call 0x340(63,0,0,0) = 1 (0x1)
42.3000 call 0x340(64,0,0,0) = 0 (0x0)
42.3164 call 0x340(65,0,0,0) = 0 (0x0)
42.3480 call 0x340(66,0,0,0) = 3 (0x3)
42.3800 call 0x340(67,0,0,0) = 1 (0x1)
42.3964 call 0x340(68,0,0,0) = 0 (0x0)
42.4120 call 0x340(69,0,0,0) = 0 (0x0)
42.4280 call 0x340(70,0,0,0) = 0 (0x0)
42.4600 call 0x340(71,0,0,0) = 2 (0x2)
42.4763 call 0x340(72,0,0,0) = 45 (0x2d)
42.5079 call 0x340(73,0,0,0) = 45 (0x2d)
42.5241 call 0x340(74,0,0,0) = 45 (0x2d)
42.5401 call 0x340(75,0,0,0) = 20 (0x14)
42.5564 call 0x340(76,0,0,0) = 15 (0xf)
42.5880 call 0x340(77,0,0,0) = 25 (0x19)
42.6200 call 0x340(78,0,0,0) = 15 (0xf)
42.6364 call 0x340(79,0,0,0) = 45 (0x2d)
42.6520 call 0x340(80,0,0,0) = 40 (0x28)
42.6680 call 0x340(81,0,0,0) = 25 (0x19)
42.7000 call 0x340(82,0,0,0) = 1 (0x1)
42.7164 call 0x340(83,0,0,0) = 5 (0x5)
42.7339 call 0x340(84,0,0,0) = 0 (0x0)
42.7642 call 0x340(85,0,0,0) = 0 (0x0)
42.7803 call 0x340(86,0,0,0) = 0 (0x0)
42.7967 call 0x340(87,0,0,0) = 1 (0x1)
42.8122 call 0x340(88,0,0,0) = 1 (0x1)
42.8442 call 0x340(89,0,0,0) = 1 (0x1)
42.8766 call 0x340(90,0,0,0) = 20 (0x14)
42.8922 call 0x340(91,0,0,0) = 0 (0x0)
42.9082 call 0x340(92,0,0,0) = 0 (0x0)
42.9242 call 0x340(93,0,0,0) = 327681 (0x50001)
42.9565 call 0x340(94,0,0,0) = 0 (0x0)
42.9722 call 0x340(95,0,0,0) = 0 (0x0)
43.0042 call 0x340(96,0,0,0) = 3 (0x3)
43.0366 call 0x340(97,0,0,0) = 0 (0x0)
43.0523 call 0x340(98,0,0,0) = 0 (0x0)
43.1166 country 17 -> 0x5350 returns 17
43.1482 call 0x340(1,0,0,0) = 2 (0x2)
43.1642 call 0x340(2,0,0,0) = 1 (0x1)
43.1802 call 0x340(3,0,0,0) = 0 (0x0)
43.1967 call 0x340(4,0,0,0) = 1 (0x1)
43.2122 call 0x340(5,0,0,0) = 2 (0x2)
43.2442 call 0x340(6,0,0,0) = 0 (0x0)
43.2766 call 0x340(7,0,0,0) = 0 (0x0)
43.2923 call 0x340(8,0,0,0) = 0 (0x0)
43.3083 call 0x340(9,0,0,0) = 1 (0x1)
43.3242 call 0x340(10,0,0,0) = 1 (0x1)
43.3566 call 0x340(11,0,0,0) = 3 (0x3)
43.3722 call 0x340(12,0,0,0) = 10 (0xa)
43.4042 call 0x340(13,0,0,0) = 0 (0x0)
43.4202 call 0x340(14,0,0,0) = 1 (0x1)
43.4365 call 0x340(15,0,0,0) = 20000000 (0x1312d00)
43.4522 call 0x340(16,0,0,0) = 60000000 (0x3938700)
43.4842 call 0x340(17,0,0,0) = 15000000 (0xe4e1c0)
43.5166 call 0x340(18,0,0,0) = 30000000 (0x1c9c380)
43.5322 call 0x340(19,0,0,0) = 45000000 (0x2aea540)
43.5483 call 0x340(20,0,0,0) = 60000000 (0x3938700)
43.5643 call 0x340(21,0,0,0) = 1 (0x1)
43.5966 call 0x340(22,0,0,0) = 1 (0x1)
43.6122 call 0x340(23,0,0,0) = 0 (0x0)
43.6442 call 0x340(24,0,0,0) = 10 (0xa)
43.6765 call 0x340(25,0,0,0) = 5 (0x5)
43.6922 call 0x340(26,0,0,0) = 5 (0x5)
43.7082 call 0x340(27,0,0,0) = 25 (0x19)
43.7402 call 0x340(28,0,0,0) = 42 (0x2a)
43.7566 call 0x340(29,0,0,0) = 0 (0x0)
43.7882 call 0x340(30,0,0,0) = 9 (0x9)
43.8043 call 0x340(31,0,0,0) = 3 (0x3)
43.8203 call 0x340(32,0,0,0) = 2 (0x2)
43.8366 call 0x340(33,0,0,0) = 30 (0x1e)
43.8682 call 0x340(34,0,0,0) = 0 (0x0)
43.9002 call 0x340(35,0,0,0) = 2 (0x2)
43.9166 call 0x340(36,0,0,0) = 1 (0x1)
43.9322 call 0x340(37,0,0,0) = 0 (0x0)
43.9482 call 0x340(38,0,0,0) = 5 (0x5)
43.9802 call 0x340(39,0,0,0) = 0 (0x0)
43.9966 call 0x340(40,0,0,0) = 0 (0x0)
44.0282 call 0x340(41,0,0,0) = 0 (0x0)
44.0603 call 0x340(42,0,0,0) = 0 (0x0)
44.0766 call 0x340(43,0,0,0) = 1 (0x1)
44.0922 call 0x340(44,0,0,0) = 0 (0x0)
44.1242 call 0x340(45,0,0,0) = 0 (0x0)
44.1565 call 0x340(46,0,0,0) = 1 (0x1)
44.1722 call 0x340(47,0,0,0) = 0 (0x0)
44.1883 call 0x340(48,0,0,0) = 1 (0x1)
44.2042 call 0x340(49,0,0,0) = 75000000 (0x47868c0)
44.2202 call 0x340(50,0,0,0) = 55000000 (0x3473bc0)
44.2366 call 0x340(51,0,0,0) = 40000000 (0x2625a00)
44.2682 call 0x340(52,0,0,0) = 30000000 (0x1c9c380)
44.3002 call 0x340(53,0,0,0) = 25000000 (0x17d7840)
44.3167 call 0x340(54,0,0,0) = 0 (0x0)
44.3323 call 0x340(55,0,0,0) = 1 (0x1)
44.3482 call 0x340(56,0,0,0) = 1 (0x1)
44.3802 call 0x340(57,0,0,0) = 0 (0x0)
44.3966 call 0x340(58,0,0,0) = 0 (0x0)
44.4282 call 0x340(59,0,0,0) = 0 (0x0)
44.4442 call 0x340(60,0,0,0) = 0 (0x0)
44.4602 call 0x340(61,0,0,0) = 2000 (0x7d0)
44.4766 call 0x340(62,0,0,0) = 30 (0x1e)
44.5082 call 0x340(63,0,0,0) = 1 (0x1)
44.5402 call 0x340(64,0,0,0) = 0 (0x0)
44.5566 call 0x340(65,0,0,0) = 0 (0x0)
44.5724 call 0x340(66,0,0,0) = 3 (0x3)
44.5884 call 0x340(67,0,0,0) = 1 (0x1)
44.6202 call 0x340(68,0,0,0) = 0 (0x0)
44.6366 call 0x340(69,0,0,0) = 0 (0x0)
44.6682 call 0x340(70,0,0,0) = 0 (0x0)
44.7002 call 0x340(71,0,0,0) = 2 (0x2)
44.7166 call 0x340(72,0,0,0) = 45 (0x2d)
44.7323 call 0x340(73,0,0,0) = 45 (0x2d)
44.7497 call 0x340(74,0,0,0) = 45 (0x2d)
44.7802 call 0x340(75,0,0,0) = 20 (0x14)
44.7966 call 0x340(76,0,0,0) = 15 (0xf)
44.8283 call 0x340(77,0,0,0) = 25 (0x19)
44.8444 call 0x340(78,0,0,0) = 15 (0xf)
44.8602 call 0x340(79,0,0,0) = 45 (0x2d)
44.8766 call 0x340(80,0,0,0) = 40 (0x28)
44.9082 call 0x340(81,0,0,0) = 25 (0x19)
44.9402 call 0x340(82,0,0,0) = 1 (0x1)
44.9566 call 0x340(83,0,0,0) = 5 (0x5)
44.9722 call 0x340(84,0,0,0) = 0 (0x0)
44.9882 call 0x340(85,0,0,0) = 0 (0x0)
45.0202 call 0x340(86,0,0,0) = 0 (0x0)
45.0366 call 0x340(87,0,0,0) = 1 (0x1)
45.0682 call 0x340(88,0,0,0) = 1 (0x1)
45.0844 call 0x340(89,0,0,0) = 1 (0x1)
45.1004 call 0x340(90,0,0,0) = 20 (0x14)
45.1166 call 0x340(91,0,0,0) = 0 (0x0)
45.1482 call 0x340(92,0,0,0) = 0 (0x0)
45.1803 call 0x340(93,0,0,0) = 327681 (0x50001)
45.1966 call 0x340(94,0,0,0) = 0 (0x0)
45.2122 call 0x340(95,0,0,0) = 0 (0x0)
45.2282 call 0x340(96,0,0,0) = 3 (0x3)
45.2442 call 0x340(97,0,0,0) = 0 (0x0)
45.2766 call 0x340(98,0,0,0) = 0 (0x0)
45.3404 country 18 -> 0x5350 returns 18
45.3567 call 0x340(1,0,0,0) = 2 (0x2)
45.3722 call 0x340(2,0,0,0) = 1 (0x1)
45.4042 call 0x340(3,0,0,0) = 0 (0x0)
45.4366 call 0x340(4,0,0,0) = 1 (0x1)
45.4522 call 0x340(5,0,0,0) = 2 (0x2)
45.4682 call 0x340(6,0,0,0) = 0 (0x0)
45.4842 call 0x340(7,0,0,0) = 3 (0x3)
45.5166 call 0x340(8,0,0,0) = 0 (0x0)
45.5322 call 0x340(9,0,0,0) = 1 (0x1)
45.5642 call 0x340(10,0,0,0) = 0 (0x0)
45.5965 call 0x340(11,0,0,0) = 3 (0x3)
45.6123 call 0x340(12,0,0,0) = 10 (0xa)
45.6282 call 0x340(13,0,0,0) = 0 (0x0)
45.6602 call 0x340(14,0,0,0) = 1 (0x1)
45.6766 call 0x340(15,0,0,0) = 20000000 (0x1312d00)
45.7082 call 0x340(16,0,0,0) = 60000000 (0x3938700)
45.7242 call 0x340(17,0,0,0) = 15000000 (0xe4e1c0)
45.7402 call 0x340(18,0,0,0) = 30000000 (0x1c9c380)
45.7566 call 0x340(19,0,0,0) = 45000000 (0x2aea540)
45.7882 call 0x340(20,0,0,0) = 60000000 (0x3938700)
45.8202 call 0x340(21,0,0,0) = 1 (0x1)
45.8366 call 0x340(22,0,0,0) = 1 (0x1)
45.8524 call 0x340(23,0,0,0) = 0 (0x0)
45.8684 call 0x340(24,0,0,0) = 10 (0xa)
45.9002 call 0x340(25,0,0,0) = 5 (0x5)
45.9166 call 0x340(26,0,0,0) = 5 (0x5)
45.9482 call 0x340(27,0,0,0) = 25 (0x19)
45.9802 call 0x340(28,0,0,0) = 18 (0x12)
45.9966 call 0x340(29,0,0,0) = 0 (0x0)
46.0122 call 0x340(30,0,0,0) = 9 (0x9)
46.0442 call 0x340(31,0,0,0) = 3 (0x3)
46.0765 call 0x340(32,0,0,0) = 2 (0x2)
46.0922 call 0x340(33,0,0,0) = 30 (0x1e)
46.1084 call 0x340(34,0,0,0) = 0 (0x0)
46.1243 call 0x340(35,0,0,0) = 2 (0x2)
46.1566 call 0x340(36,0,0,0) = 1 (0x1)
46.1723 call 0x340(37,0,0,0) = 0 (0x0)
46.1882 call 0x340(38,0,0,0) = 5 (0x5)
46.2202 call 0x340(39,0,0,0) = 0 (0x0)
46.2366 call 0x340(40,0,0,0) = 0 (0x0)
46.2522 call 0x340(41,0,0,0) = 0 (0x0)
46.2682 call 0x340(42,0,0,0) = 0 (0x0)
46.3002 call 0x340(43,0,0,0) = 1 (0x1)
46.3166 call 0x340(44,0,0,0) = 0 (0x0)
46.3482 call 0x340(45,0,0,0) = 0 (0x0)
46.3643 call 0x340(46,0,0,0) = 1 (0x1)
46.3803 call 0x340(47,0,0,0) = 0 (0x0)
46.3966 call 0x340(48,0,0,0) = 1 (0x1)
46.4282 call 0x340(49,0,0,0) = 75000000 (0x47868c0)
46.4602 call 0x340(50,0,0,0) = 55000000 (0x3473bc0)
46.4766 call 0x340(51,0,0,0) = 40000000 (0x2625a00)
46.4922 call 0x340(52,0,0,0) = 30000000 (0x1c9c380)
46.5082 call 0x340(53,0,0,0) = 25000000 (0x17d7840)
46.5402 call 0x340(54,0,0,0) = 0 (0x0)
46.5566 call 0x340(55,0,0,0) = 1 (0x1)
46.5882 call 0x340(56,0,0,0) = 1 (0x1)
46.6203 call 0x340(57,0,0,0) = 0 (0x0)
46.6366 call 0x340(58,0,0,0) = 0 (0x0)
46.6522 call 0x340(59,0,0,0) = 0 (0x0)
46.6842 call 0x340(60,0,0,0) = 0 (0x0)
46.7166 call 0x340(61,0,0,0) = 2000 (0x7d0)
46.7322 call 0x340(62,0,0,0) = 30 (0x1e)
46.7483 call 0x340(63,0,0,0) = 1 (0x1)
46.7660 call 0x340(64,0,0,0) = 0 (0x0)
46.7805 call 0x340(65,0,0,0) = 0 (0x0)
46.7968 call 0x340(66,0,0,0) = 3 (0x3)
46.8285 call 0x340(67,0,0,0) = 1 (0x1)
46.8605 call 0x340(68,0,0,0) = 0 (0x0)
46.8770 call 0x340(69,0,0,0) = 0 (0x0)
46.8926 call 0x340(70,0,0,0) = 0 (0x0)
46.9085 call 0x340(71,0,0,0) = 2 (0x2)
46.9405 call 0x340(72,0,0,0) = 45 (0x2d)
46.9569 call 0x340(73,0,0,0) = 45 (0x2d)
46.9885 call 0x340(74,0,0,0) = 45 (0x2d)
47.0045 call 0x340(75,0,0,0) = 20 (0x14)
47.0205 call 0x340(76,0,0,0) = 15 (0xf)
47.0368 call 0x340(77,0,0,0) = 25 (0x19)
47.0685 call 0x340(78,0,0,0) = 15 (0xf)
47.1005 call 0x340(79,0,0,0) = 45 (0x2d)
47.1169 call 0x340(80,0,0,0) = 40 (0x28)
47.1326 call 0x340(81,0,0,0) = 25 (0x19)
47.1486 call 0x340(82,0,0,0) = 1 (0x1)
47.1646 call 0x340(83,0,0,0) = 5 (0x5)
47.1969 call 0x340(84,0,0,0) = 0 (0x0)
47.2125 call 0x340(85,0,0,0) = 0 (0x0)
47.2445 call 0x340(86,0,0,0) = 0 (0x0)
47.2605 call 0x340(87,0,0,0) = 1 (0x1)
47.2768 call 0x340(88,0,0,0) = 1 (0x1)
47.2925 call 0x340(89,0,0,0) = 1 (0x1)
47.3245 call 0x340(90,0,0,0) = 20 (0x14)
47.3569 call 0x340(91,0,0,0) = 0 (0x0)
47.3724 call 0x340(92,0,0,0) = 0 (0x0)
47.3886 call 0x340(93,0,0,0) = 327681 (0x50001)
47.4046 call 0x340(94,0,0,0) = 0 (0x0)
47.4369 call 0x340(95,0,0,0) = 0 (0x0)
47.4525 call 0x340(96,0,0,0) = 3 (0x3)
47.4845 call 0x340(97,0,0,0) = 0 (0x0)
47.5168 call 0x340(98,0,0,0) = 0 (0x0)
47.5805 country 19 -> 0x5350 returns 19
47.5969 call 0x340(1,0,0,0) = 2 (0x2)
47.6285 call 0x340(2,0,0,0) = 1 (0x1)
47.6446 call 0x340(3,0,0,0) = 0 (0x0)
47.6606 call 0x340(4,0,0,0) = 1 (0x1)
47.6769 call 0x340(5,0,0,0) = 2 (0x2)
47.7085 call 0x340(6,0,0,0) = 0 (0x0)
47.7405 call 0x340(7,0,0,0) = 0 (0x0)
47.7568 call 0x340(8,0,0,0) = 0 (0x0)
47.7725 call 0x340(9,0,0,0) = 1 (0x1)
47.7885 call 0x340(10,0,0,0) = 0 (0x0)
47.8205 call 0x340(11,0,0,0) = 2 (0x2)
47.8369 call 0x340(12,0,0,0) = 2 (0x2)
47.8685 call 0x340(13,0,0,0) = 1 (0x1)
47.9006 call 0x340(14,0,0,0) = 1 (0x1)
47.9169 call 0x340(15,0,0,0) = 20000000 (0x1312d00)
47.9325 call 0x340(16,0,0,0) = 50000000 (0x2faf080)
47.9645 call 0x340(17,0,0,0) = 15000000 (0xe4e1c0)
47.9968 call 0x340(18,0,0,0) = 30000000 (0x1c9c380)
48.0125 call 0x340(19,0,0,0) = 45000000 (0x2aea540)
48.0285 call 0x340(20,0,0,0) = 60000000 (0x3938700)
48.0445 call 0x340(21,0,0,0) = 1 (0x1)
48.0769 call 0x340(22,0,0,0) = 1 (0x1)
48.0925 call 0x340(23,0,0,0) = 0 (0x0)
48.1245 call 0x340(24,0,0,0) = 10 (0xa)
48.1570 call 0x340(25,0,0,0) = 1 (0x1)
48.1726 call 0x340(26,0,0,0) = 9 (0x9)
48.1885 call 0x340(27,0,0,0) = 25 (0x19)
48.2205 call 0x340(28,0,0,0) = 57 (0x39)
48.2368 call 0x340(29,0,0,0) = 0 (0x0)
48.2684 call 0x340(30,0,0,0) = 11 (0xb)
48.2845 call 0x340(31,0,0,0) = 3 (0x3)
48.3005 call 0x340(32,0,0,0) = 2 (0x2)
48.3169 call 0x340(33,0,0,0) = 10 (0xa)
48.3485 call 0x340(34,0,0,0) = 0 (0x0)
48.3805 call 0x340(35,0,0,0) = 2 (0x2)
48.3969 call 0x340(36,0,0,0) = 0 (0x0)
48.4126 call 0x340(37,0,0,0) = 0 (0x0)
48.4286 call 0x340(38,0,0,0) = 5 (0x5)
48.4605 call 0x340(39,0,0,0) = 60 (0x3c)
48.4768 call 0x340(40,0,0,0) = 2 (0x2)
48.5085 call 0x340(41,0,0,0) = 1 (0x1)
48.5405 call 0x340(42,0,0,0) = 0 (0x0)
48.5569 call 0x340(43,0,0,0) = 1 (0x1)
48.5725 call 0x340(44,0,0,0) = 0 (0x0)
48.6045 call 0x340(45,0,0,0) = 1 (0x1)
48.6369 call 0x340(46,0,0,0) = 1 (0x1)
48.6525 call 0x340(47,0,0,0) = 0 (0x0)
48.6686 call 0x340(48,0,0,0) = 1 (0x1)
48.6846 call 0x340(49,0,0,0) = 5000000 (0x4c4b40)
48.7168 call 0x340(50,0,0,0) = 4000000 (0x3d0900)
48.7325 call 0x340(51,0,0,0) = 3000000 (0x2dc6c0)
48.7647 call 0x340(52,0,0,0) = 2000000 (0x1e8480)
48.7823 call 0x340(53,0,0,0) = 1000000 (0xf4240)
48.7971 call 0x340(54,0,0,0) = 0 (0x0)
48.8127 call 0x340(55,0,0,0) = 0 (0x0)
48.8287 call 0x340(56,0,0,0) = 0 (0x0)
48.8607 call 0x340(57,0,0,0) = 0 (0x0)
48.8771 call 0x340(58,0,0,0) = 0 (0x0)
48.9087 call 0x340(59,0,0,0) = 0 (0x0)
48.9248 call 0x340(60,0,0,0) = 1 (0x1)
48.9408 call 0x340(61,0,0,0) = 4000 (0xfa0)
48.9571 call 0x340(62,0,0,0) = 30 (0x1e)
48.9887 call 0x340(63,0,0,0) = 1 (0x1)
49.0207 call 0x340(64,0,0,0) = 0 (0x0)
49.0371 call 0x340(65,0,0,0) = 0 (0x0)
49.0527 call 0x340(66,0,0,0) = 3 (0x3)
49.0687 call 0x340(67,0,0,0) = 1 (0x1)
49.1007 call 0x340(68,0,0,0) = 0 (0x0)
49.1171 call 0x340(69,0,0,0) = 0 (0x0)
49.1488 call 0x340(70,0,0,0) = 0 (0x0)
49.1647 call 0x340(71,0,0,0) = 2 (0x2)
49.1808 call 0x340(72,0,0,0) = 45 (0x2d)
49.1972 call 0x340(73,0,0,0) = 45 (0x2d)
49.2127 call 0x340(74,0,0,0) = 45 (0x2d)
49.2447 call 0x340(75,0,0,0) = 20 (0x14)
49.2771 call 0x340(76,0,0,0) = 15 (0xf)
49.2927 call 0x340(77,0,0,0) = 25 (0x19)
49.3087 call 0x340(78,0,0,0) = 15 (0xf)
49.3247 call 0x340(79,0,0,0) = 45 (0x2d)
49.3571 call 0x340(80,0,0,0) = 40 (0x28)
49.3727 call 0x340(81,0,0,0) = 25 (0x19)
49.4047 call 0x340(82,0,0,0) = 1 (0x1)
49.4370 call 0x340(83,0,0,0) = 5 (0x5)
49.4528 call 0x340(84,0,0,0) = 0 (0x0)
49.4687 call 0x340(85,0,0,0) = 0 (0x0)
49.5007 call 0x340(86,0,0,0) = 0 (0x0)
49.5171 call 0x340(87,0,0,0) = 1 (0x1)
49.5487 call 0x340(88,0,0,0) = 1 (0x1)
49.5647 call 0x340(89,0,0,0) = 1 (0x1)
49.5807 call 0x340(90,0,0,0) = 20 (0x14)
49.5971 call 0x340(91,0,0,0) = 0 (0x0)
49.6287 call 0x340(92,0,0,0) = 0 (0x0)
49.6607 call 0x340(93,0,0,0) = 327681 (0x50001)
49.6771 call 0x340(94,0,0,0) = 0 (0x0)
49.6929 call 0x340(95,0,0,0) = 0 (0x0)
49.7089 call 0x340(96,0,0,0) = 3 (0x3)
49.7407 call 0x340(97,0,0,0) = 0 (0x0)
49.7571 call 0x340(98,0,0,0) = 0 (0x0)
49.8371 country 20 -> 0x5350 returns 20
49.8527 call 0x340(1,0,0,0) = 2 (0x2)
49.8847 call 0x340(2,0,0,0) = 1 (0x1)
49.9170 call 0x340(3,0,0,0) = 0 (0x0)
49.9327 call 0x340(4,0,0,0) = 1 (0x1)
49.9488 call 0x340(5,0,0,0) = 2 (0x2)
49.9649 call 0x340(6,0,0,0) = 0 (0x0)
49.9971 call 0x340(7,0,0,0) = 0 (0x0)
50.0127 call 0x340(8,0,0,0) = 0 (0x0)
50.0447 call 0x340(9,0,0,0) = 1 (0x1)
50.0771 call 0x340(10,0,0,0) = 0 (0x0)
50.0927 call 0x340(11,0,0,0) = 3 (0x3)
50.1087 call 0x340(12,0,0,0) = 10 (0xa)
50.1408 call 0x340(13,0,0,0) = 0 (0x0)
50.1570 call 0x340(14,0,0,0) = 1 (0x1)
50.1727 call 0x340(15,0,0,0) = 20000000 (0x1312d00)
50.2048 call 0x340(16,0,0,0) = 60000000 (0x3938700)
50.2209 call 0x340(17,0,0,0) = 15000000 (0xe4e1c0)
50.2371 call 0x340(18,0,0,0) = 30000000 (0x1c9c380)
50.2527 call 0x340(19,0,0,0) = 45000000 (0x2aea540)
50.2847 call 0x340(20,0,0,0) = 60000000 (0x3938700)
50.3171 call 0x340(21,0,0,0) = 1 (0x1)
50.3327 call 0x340(22,0,0,0) = 1 (0x1)
50.3487 call 0x340(23,0,0,0) = 0 (0x0)
50.3647 call 0x340(24,0,0,0) = 10 (0xa)
50.3970 call 0x340(25,0,0,0) = 5 (0x5)
50.4127 call 0x340(26,0,0,0) = 5 (0x5)
50.4447 call 0x340(27,0,0,0) = 25 (0x19)
50.4609 call 0x340(28,0,0,0) = 44 (0x2c)
50.4772 call 0x340(29,0,0,0) = 0 (0x0)
50.4927 call 0x340(30,0,0,0) = 9 (0x9)
50.5247 call 0x340(31,0,0,0) = 3 (0x3)
50.5571 call 0x340(32,0,0,0) = 2 (0x2)
50.5727 call 0x340(33,0,0,0) = 30 (0x1e)
50.5887 call 0x340(34,0,0,0) = 0 (0x0)
50.6047 call 0x340(35,0,0,0) = 2 (0x2)
50.6371 call 0x340(36,0,0,0) = 1 (0x1)
50.6527 call 0x340(37,0,0,0) = 0 (0x0)
50.6847 call 0x340(38,0,0,0) = 5 (0x5)
50.7171 call 0x340(39,0,0,0) = 0 (0x0)
50.7328 call 0x340(40,0,0,0) = 0 (0x0)
50.7487 call 0x340(41,0,0,0) = 0 (0x0)
50.7809 call 0x340(42,0,0,0) = 0 (0x0)
50.7989 call 0x340(43,0,0,0) = 1 (0x1)
50.8130 call 0x340(44,0,0,0) = 0 (0x0)
50.8450 call 0x340(45,0,0,0) = 0 (0x0)
50.8610 call 0x340(46,0,0,0) = 1 (0x1)
50.8773 call 0x340(47,0,0,0) = 0 (0x0)
50.8930 call 0x340(48,0,0,0) = 1 (0x1)
50.9250 call 0x340(49,0,0,0) = 75000000 (0x47868c0)
50.9574 call 0x340(50,0,0,0) = 55000000 (0x3473bc0)
50.9731 call 0x340(51,0,0,0) = 40000000 (0x2625a00)
50.9891 call 0x340(52,0,0,0) = 30000000 (0x1c9c380)
51.0050 call 0x340(53,0,0,0) = 25000000 (0x17d7840)
51.0374 call 0x340(54,0,0,0) = 0 (0x0)
51.0530 call 0x340(55,0,0,0) = 1 (0x1)
51.0850 call 0x340(56,0,0,0) = 1 (0x1)
51.1010 call 0x340(57,0,0,0) = 0 (0x0)
51.1173 call 0x340(58,0,0,0) = 0 (0x0)
51.1331 call 0x340(59,0,0,0) = 0 (0x0)
51.1489 call 0x340(60,0,0,0) = 0 (0x0)
51.1810 call 0x340(61,0,0,0) = 2000 (0x7d0)
51.1974 call 0x340(62,0,0,0) = 30 (0x1e)
51.2291 call 0x340(63,0,0,0) = 1 (0x1)
51.2451 call 0x340(64,0,0,0) = 0 (0x0)
51.2610 call 0x340(65,0,0,0) = 0 (0x0)
51.2774 call 0x340(66,0,0,0) = 3 (0x3)
51.3090 call 0x340(67,0,0,0) = 1 (0x1)
51.3410 call 0x340(68,0,0,0) = 0 (0x0)
51.3573 call 0x340(69,0,0,0) = 0 (0x0)
51.3729 call 0x340(70,0,0,0) = 0 (0x0)
51.3890 call 0x340(71,0,0,0) = 2 (0x2)
51.4210 call 0x340(72,0,0,0) = 45 (0x2d)
51.4374 call 0x340(73,0,0,0) = 45 (0x2d)
51.4690 call 0x340(74,0,0,0) = 45 (0x2d)
51.4851 call 0x340(75,0,0,0) = 20 (0x14)
51.5011 call 0x340(76,0,0,0) = 15 (0xf)
51.5174 call 0x340(77,0,0,0) = 25 (0x19)
51.5490 call 0x340(78,0,0,0) = 15 (0xf)
51.5810 call 0x340(79,0,0,0) = 45 (0x2d)
51.5973 call 0x340(80,0,0,0) = 40 (0x28)
51.6130 call 0x340(81,0,0,0) = 25 (0x19)
51.6290 call 0x340(82,0,0,0) = 1 (0x1)
51.6610 call 0x340(83,0,0,0) = 5 (0x5)
51.6774 call 0x340(84,0,0,0) = 0 (0x0)
51.7090 call 0x340(85,0,0,0) = 0 (0x0)
51.7411 call 0x340(86,0,0,0) = 0 (0x0)
51.7573 call 0x340(87,0,0,0) = 1 (0x1)
51.7729 call 0x340(88,0,0,0) = 1 (0x1)
51.8050 call 0x340(89,0,0,0) = 1 (0x1)
51.8373 call 0x340(90,0,0,0) = 20 (0x14)
51.8530 call 0x340(91,0,0,0) = 0 (0x0)
51.8690 call 0x340(92,0,0,0) = 0 (0x0)
51.8850 call 0x340(93,0,0,0) = 327681 (0x50001)
51.9174 call 0x340(94,0,0,0) = 0 (0x0)
51.9330 call 0x340(95,0,0,0) = 0 (0x0)
51.9650 call 0x340(96,0,0,0) = 3 (0x3)
51.9974 call 0x340(97,0,0,0) = 0 (0x0)
52.0131 call 0x340(98,0,0,0) = 0 (0x0)
52.0773 country 21 -> 0x5350 returns 21
52.1090 call 0x340(1,0,0,0) = 2 (0x2)
52.1251 call 0x340(2,0,0,0) = 1 (0x1)
52.1409 call 0x340(3,0,0,0) = 0 (0x0)
52.1573 call 0x340(4,0,0,0) = 1 (0x1)
52.1730 call 0x340(5,0,0,0) = 2 (0x2)
52.2050 call 0x340(6,0,0,0) = 0 (0x0)
52.2374 call 0x340(7,0,0,0) = 0 (0x0)
52.2531 call 0x340(8,0,0,0) = 0 (0x0)
52.2691 call 0x340(9,0,0,0) = 1 (0x1)
52.2850 call 0x340(10,0,0,0) = 0 (0x0)
52.3173 call 0x340(11,0,0,0) = 3 (0x3)
52.3330 call 0x340(12,0,0,0) = 10 (0xa)
52.3650 call 0x340(13,0,0,0) = 0 (0x0)
52.3810 call 0x340(14,0,0,0) = 1 (0x1)
52.3974 call 0x340(15,0,0,0) = 20000000 (0x1312d00)
52.4130 call 0x340(16,0,0,0) = 60000000 (0x3938700)
52.4450 call 0x340(17,0,0,0) = 15000000 (0xe4e1c0)
52.4774 call 0x340(18,0,0,0) = 30000000 (0x1c9c380)
52.4929 call 0x340(19,0,0,0) = 45000000 (0x2aea540)
52.5091 call 0x340(20,0,0,0) = 60000000 (0x3938700)
52.5251 call 0x340(21,0,0,0) = 1 (0x1)
52.5573 call 0x340(22,0,0,0) = 1 (0x1)
52.5730 call 0x340(23,0,0,0) = 0 (0x0)
52.6050 call 0x340(24,0,0,0) = 10 (0xa)
52.6374 call 0x340(25,0,0,0) = 5 (0x5)
52.6530 call 0x340(26,0,0,0) = 5 (0x5)
52.6690 call 0x340(27,0,0,0) = 25 (0x19)
52.7010 call 0x340(28,0,0,0) = 29 (0x1d)
52.7174 call 0x340(29,0,0,0) = 0 (0x0)
52.7489 call 0x340(30,0,0,0) = 9 (0x9)
52.7651 call 0x340(31,0,0,0) = 3 (0x3)
52.7811 call 0x340(32,0,0,0) = 2 (0x2)
52.7975 call 0x340(33,0,0,0) = 30 (0x1e)
52.8148 call 0x340(34,0,0,0) = 0 (0x0)
52.8452 call 0x340(35,0,0,0) = 2 (0x2)
52.8776 call 0x340(36,0,0,0) = 1 (0x1)
52.8932 call 0x340(37,0,0,0) = 0 (0x0)
52.9092 call 0x340(38,0,0,0) = 5 (0x5)
52.9252 call 0x340(39,0,0,0) = 0 (0x0)
52.9576 call 0x340(40,0,0,0) = 0 (0x0)
52.9732 call 0x340(41,0,0,0) = 0 (0x0)
53.0052 call 0x340(42,0,0,0) = 0 (0x0)
53.0213 call 0x340(43,0,0,0) = 1 (0x1)
53.0377 call 0x340(44,0,0,0) = 0 (0x0)
53.0532 call 0x340(45,0,0,0) = 0 (0x0)
53.0852 call 0x340(46,0,0,0) = 1 (0x1)
53.1177 call 0x340(47,0,0,0) = 0 (0x0)
53.1332 call 0x340(48,0,0,0) = 1 (0x1)
53.1492 call 0x340(49,0,0,0) = 75000000 (0x47868c0)
53.1652 call 0x340(50,0,0,0) = 55000000 (0x3473bc0)
53.1976 call 0x340(51,0,0,0) = 40000000 (0x2625a00)
53.2132 call 0x340(52,0,0,0) = 30000000 (0x1c9c380)
53.2452 call 0x340(53,0,0,0) = 25000000 (0x17d7840)
53.2775 call 0x340(54,0,0,0) = 0 (0x0)
53.2933 call 0x340(55,0,0,0) = 1 (0x1)
53.3092 call 0x340(56,0,0,0) = 1 (0x1)
53.3412 call 0x340(57,0,0,0) = 0 (0x0)
53.3576 call 0x340(58,0,0,0) = 0 (0x0)
53.3892 call 0x340(59,0,0,0) = 0 (0x0)
53.4052 call 0x340(60,0,0,0) = 0 (0x0)
53.4212 call 0x340(61,0,0,0) = 2000 (0x7d0)
53.4376 call 0x340(62,0,0,0) = 30 (0x1e)
53.4692 call 0x340(63,0,0,0) = 1 (0x1)
53.5012 call 0x340(64,0,0,0) = 0 (0x0)
53.5176 call 0x340(65,0,0,0) = 0 (0x0)
53.5334 call 0x340(66,0,0,0) = 3 (0x3)
53.5494 call 0x340(67,0,0,0) = 1 (0x1)
53.5812 call 0x340(68,0,0,0) = 0 (0x0)
53.5976 call 0x340(69,0,0,0) = 0 (0x0)
53.6292 call 0x340(70,0,0,0) = 0 (0x0)
53.6612 call 0x340(71,0,0,0) = 2 (0x2)
53.6776 call 0x340(72,0,0,0) = 45 (0x2d)
53.6932 call 0x340(73,0,0,0) = 45 (0x2d)
53.7252 call 0x340(74,0,0,0) = 45 (0x2d)
53.7575 call 0x340(75,0,0,0) = 20 (0x14)
53.7732 call 0x340(76,0,0,0) = 15 (0xf)
53.7893 call 0x340(77,0,0,0) = 25 (0x19)
53.8053 call 0x340(78,0,0,0) = 15 (0xf)
53.8376 call 0x340(79,0,0,0) = 45 (0x2d)
53.8532 call 0x340(80,0,0,0) = 40 (0x28)
53.8852 call 0x340(81,0,0,0) = 25 (0x19)
53.9176 call 0x340(82,0,0,0) = 1 (0x1)
53.9332 call 0x340(83,0,0,0) = 5 (0x5)
53.9492 call 0x340(84,0,0,0) = 0 (0x0)
53.9812 call 0x340(85,0,0,0) = 0 (0x0)
53.9976 call 0x340(86,0,0,0) = 0 (0x0)
54.0292 call 0x340(87,0,0,0) = 1 (0x1)
54.0453 call 0x340(88,0,0,0) = 1 (0x1)
54.0613 call 0x340(89,0,0,0) = 1 (0x1)
54.0776 call 0x340(90,0,0,0) = 20 (0x14)
54.1093 call 0x340(91,0,0,0) = 0 (0x0)
54.1252 call 0x340(92,0,0,0) = 0 (0x0)
54.1576 call 0x340(93,0,0,0) = 327681 (0x50001)
54.1732 call 0x340(94,0,0,0) = 0 (0x0)
54.1892 call 0x340(95,0,0,0) = 0 (0x0)
54.2052 call 0x340(96,0,0,0) = 3 (0x3)
54.2375 call 0x340(97,0,0,0) = 0 (0x0)
54.2532 call 0x340(98,0,0,0) = 0 (0x0)
54.3177 country 22 -> 0x5350 returns 22
54.3332 call 0x340(1,0,0,0) = 2 (0x2)
54.3652 call 0x340(2,0,0,0) = 1 (0x1)
54.3976 call 0x340(3,0,0,0) = 0 (0x0)
54.4132 call 0x340(4,0,0,0) = 1 (0x1)
54.4292 call 0x340(5,0,0,0) = 2 (0x2)
54.4452 call 0x340(6,0,0,0) = 0 (0x0)
54.4775 call 0x340(7,0,0,0) = 0 (0x0)
54.4932 call 0x340(8,0,0,0) = 0 (0x0)
54.5252 call 0x340(9,0,0,0) = 1 (0x1)
54.5576 call 0x340(10,0,0,0) = 0 (0x0)
54.5733 call 0x340(11,0,0,0) = 3 (0x3)
54.5892 call 0x340(12,0,0,0) = 10 (0xa)
54.6212 call 0x340(13,0,0,0) = 0 (0x0)
54.6376 call 0x340(14,0,0,0) = 1 (0x1)
54.6692 call 0x340(15,0,0,0) = 20000000 (0x1312d00)
54.6852 call 0x340(16,0,0,0) = 60000000 (0x3938700)
54.7012 call 0x340(17,0,0,0) = 15000000 (0xe4e1c0)
54.7176 call 0x340(18,0,0,0) = 30000000 (0x1c9c380)
54.7492 call 0x340(19,0,0,0) = 45000000 (0x2aea540)
54.7812 call 0x340(20,0,0,0) = 60000000 (0x3938700)
54.7976 call 0x340(21,0,0,0) = 1 (0x1)
54.8135 call 0x340(22,0,0,0) = 1 (0x1)
54.8312 call 0x340(23,0,0,0) = 0 (0x0)
54.8455 call 0x340(24,0,0,0) = 10 (0xa)
54.8778 call 0x340(25,0,0,0) = 5 (0x5)
54.8935 call 0x340(26,0,0,0) = 5 (0x5)
54.9255 call 0x340(27,0,0,0) = 25 (0x19)
54.9415 call 0x340(28,0,0,0) = 8 (0x8)
54.9578 call 0x340(29,0,0,0) = 0 (0x0)
54.9735 call 0x340(30,0,0,0) = 9 (0x9)
55.0054 call 0x340(31,0,0,0) = 3 (0x3)
55.0378 call 0x340(32,0,0,0) = 2 (0x2)
55.0535 call 0x340(33,0,0,0) = 30 (0x1e)
55.0696 call 0x340(34,0,0,0) = 0 (0x0)
55.0856 call 0x340(35,0,0,0) = 2 (0x2)
55.1016 call 0x340(36,0,0,0) = 1 (0x1)
55.1179 call 0x340(37,0,0,0) = 0 (0x0)
55.1495 call 0x340(38,0,0,0) = 5 (0x5)
55.1815 call 0x340(39,0,0,0) = 0 (0x0)
55.1978 call 0x340(40,0,0,0) = 0 (0x0)
55.2135 call 0x340(41,0,0,0) = 0 (0x0)
55.2295 call 0x340(42,0,0,0) = 0 (0x0)
55.2615 call 0x340(43,0,0,0) = 1 (0x1)
55.2779 call 0x340(44,0,0,0) = 0 (0x0)
55.3095 call 0x340(45,0,0,0) = 0 (0x0)
55.3256 call 0x340(46,0,0,0) = 1 (0x1)
55.3416 call 0x340(47,0,0,0) = 0 (0x0)
55.3579 call 0x340(48,0,0,0) = 1 (0x1)
55.3894 call 0x340(49,0,0,0) = 75000000 (0x47868c0)
55.4215 call 0x340(50,0,0,0) = 55000000 (0x3473bc0)
55.4378 call 0x340(51,0,0,0) = 40000000 (0x2625a00)
55.4535 call 0x340(52,0,0,0) = 30000000 (0x1c9c380)
55.4695 call 0x340(53,0,0,0) = 25000000 (0x17d7840)
55.5015 call 0x340(54,0,0,0) = 0 (0x0)
55.5179 call 0x340(55,0,0,0) = 1 (0x1)
55.5495 call 0x340(56,0,0,0) = 1 (0x1)
55.5816 call 0x340(57,0,0,0) = 0 (0x0)
55.5979 call 0x340(58,0,0,0) = 0 (0x0)
55.6135 call 0x340(59,0,0,0) = 0 (0x0)
55.6455 call 0x340(60,0,0,0) = 0 (0x0)
55.6778 call 0x340(61,0,0,0) = 2000 (0x7d0)
55.6935 call 0x340(62,0,0,0) = 30 (0x1e)
55.7095 call 0x340(63,0,0,0) = 1 (0x1)
55.7255 call 0x340(64,0,0,0) = 0 (0x0)
55.7578 call 0x340(65,0,0,0) = 0 (0x0)
55.7735 call 0x340(66,0,0,0) = 3 (0x3)
55.8055 call 0x340(67,0,0,0) = 1 (0x1)
55.8379 call 0x340(68,0,0,0) = 0 (0x0)
55.8536 call 0x340(69,0,0,0) = 0 (0x0)
55.8695 call 0x340(70,0,0,0) = 0 (0x0)
55.9015 call 0x340(71,0,0,0) = 2 (0x2)
55.9178 call 0x340(72,0,0,0) = 45 (0x2d)
55.9495 call 0x340(73,0,0,0) = 45 (0x2d)
55.9655 call 0x340(74,0,0,0) = 45 (0x2d)
55.9815 call 0x340(75,0,0,0) = 20 (0x14)
55.9979 call 0x340(76,0,0,0) = 15 (0xf)
56.0295 call 0x340(77,0,0,0) = 25 (0x19)
56.0615 call 0x340(78,0,0,0) = 15 (0xf)
56.0779 call 0x340(79,0,0,0) = 45 (0x2d)
56.0937 call 0x340(80,0,0,0) = 40 (0x28)
56.1096 call 0x340(81,0,0,0) = 25 (0x19)
56.1255 call 0x340(82,0,0,0) = 1 (0x1)
56.1578 call 0x340(83,0,0,0) = 5 (0x5)
56.1735 call 0x340(84,0,0,0) = 0 (0x0)
56.2055 call 0x340(85,0,0,0) = 0 (0x0)
56.2215 call 0x340(86,0,0,0) = 0 (0x0)
56.2379 call 0x340(87,0,0,0) = 1 (0x1)
56.2534 call 0x340(88,0,0,0) = 1 (0x1)
56.2855 call 0x340(89,0,0,0) = 1 (0x1)
56.3178 call 0x340(90,0,0,0) = 20 (0x14)
56.3335 call 0x340(91,0,0,0) = 0 (0x0)
56.3496 call 0x340(92,0,0,0) = 0 (0x0)
56.3656 call 0x340(93,0,0,0) = 327681 (0x50001)
56.3978 call 0x340(94,0,0,0) = 0 (0x0)
56.4135 call 0x340(95,0,0,0) = 0 (0x0)
56.4455 call 0x340(96,0,0,0) = 3 (0x3)
56.4779 call 0x340(97,0,0,0) = 0 (0x0)
56.4934 call 0x340(98,0,0,0) = 0 (0x0)
56.5579 country 23 -> 0x5350 returns 23
56.5895 call 0x340(1,0,0,0) = 2 (0x2)
56.6056 call 0x340(2,0,0,0) = 1 (0x1)
56.6216 call 0x340(3,0,0,0) = 0 (0x0)
56.6378 call 0x340(4,0,0,0) = 1 (0x1)
56.6695 call 0x340(5,0,0,0) = 2 (0x2)
56.7015 call 0x340(6,0,0,0) = 0 (0x0)
56.7179 call 0x340(7,0,0,0) = 0 (0x0)
56.7335 call 0x340(8,0,0,0) = 0 (0x0)
56.7495 call 0x340(9,0,0,0) = 1 (0x1)
56.7815 call 0x340(10,0,0,0) = 0 (0x0)
56.7979 call 0x340(11,0,0,0) = 3 (0x3)
56.8297 call 0x340(12,0,0,0) = 10 (0xa)
56.8473 call 0x340(13,0,0,0) = 0 (0x0)
56.8619 call 0x340(14,0,0,0) = 1 (0x1)
56.8782 call 0x340(15,0,0,0) = 20000000 (0x1312d00)
56.8937 call 0x340(16,0,0,0) = 60000000 (0x3938700)
56.9257 call 0x340(17,0,0,0) = 15000000 (0xe4e1c0)
56.9581 call 0x340(18,0,0,0) = 30000000 (0x1c9c380)
56.9737 call 0x340(19,0,0,0) = 45000000 (0x2aea540)
56.9897 call 0x340(20,0,0,0) = 60000000 (0x3938700)
57.0057 call 0x340(21,0,0,0) = 1 (0x1)
57.0381 call 0x340(22,0,0,0) = 1 (0x1)
57.0537 call 0x340(23,0,0,0) = 0 (0x0)
57.0859 call 0x340(24,0,0,0) = 10 (0xa)
57.1017 call 0x340(25,0,0,0) = 5 (0x5)
57.1182 call 0x340(26,0,0,0) = 5 (0x5)
57.1338 call 0x340(27,0,0,0) = 25 (0x19)
57.1497 call 0x340(28,0,0,0) = 31 (0x1f)
57.1817 call 0x340(29,0,0,0) = 0 (0x0)
57.1981 call 0x340(30,0,0,0) = 9 (0x9)
57.2297 call 0x340(31,0,0,0) = 3 (0x3)
57.2457 call 0x340(32,0,0,0) = 2 (0x2)
57.2617 call 0x340(33,0,0,0) = 30 (0x1e)
57.2781 call 0x340(34,0,0,0) = 0 (0x0)
57.3097 call 0x340(35,0,0,0) = 2 (0x2)
57.3417 call 0x340(36,0,0,0) = 1 (0x1)
57.3581 call 0x340(37,0,0,0) = 0 (0x0)
57.3739 call 0x340(38,0,0,0) = 5 (0x5)
57.3899 call 0x340(39,0,0,0) = 0 (0x0)
57.4217 call 0x340(40,0,0,0) = 0 (0x0)
57.4381 call 0x340(41,0,0,0) = 0 (0x0)
57.4697 call 0x340(42,0,0,0) = 0 (0x0)
57.5017 call 0x340(43,0,0,0) = 1 (0x1)
57.5181 call 0x340(44,0,0,0) = 0 (0x0)
57.5337 call 0x340(45,0,0,0) = 0 (0x0)
57.5657 call 0x340(46,0,0,0) = 1 (0x1)
57.5980 call 0x340(47,0,0,0) = 0 (0x0)
57.6137 call 0x340(48,0,0,0) = 1 (0x1)
57.6298 call 0x340(49,0,0,0) = 75000000 (0x47868c0)
57.6458 call 0x340(50,0,0,0) = 55000000 (0x3473bc0)
57.6781 call 0x340(51,0,0,0) = 40000000 (0x2625a00)
57.6937 call 0x340(52,0,0,0) = 30000000 (0x1c9c380)
57.7257 call 0x340(53,0,0,0) = 25000000 (0x17d7840)
57.7581 call 0x340(54,0,0,0) = 0 (0x0)
57.7737 call 0x340(55,0,0,0) = 1 (0x1)
57.7897 call 0x340(56,0,0,0) = 1 (0x1)
57.8217 call 0x340(57,0,0,0) = 0 (0x0)
57.8381 call 0x340(58,0,0,0) = 0 (0x0)
57.8697 call 0x340(59,0,0,0) = 0 (0x0)
57.8858 call 0x340(60,0,0,0) = 0 (0x0)
57.9018 call 0x340(61,0,0,0) = 2000 (0x7d0)
57.9181 call 0x340(62,0,0,0) = 30 (0x1e)
57.9497 call 0x340(63,0,0,0) = 1 (0x1)
57.9817 call 0x340(64,0,0,0) = 0 (0x0)
57.9981 call 0x340(65,0,0,0) = 0 (0x0)
58.0137 call 0x340(66,0,0,0) = 3 (0x3)
58.0297 call 0x340(67,0,0,0) = 1 (0x1)
58.0617 call 0x340(68,0,0,0) = 0 (0x0)
58.0782 call 0x340(69,0,0,0) = 0 (0x0)
58.0937 call 0x340(70,0,0,0) = 0 (0x0)
58.1257 call 0x340(71,0,0,0) = 2 (0x2)
58.1418 call 0x340(72,0,0,0) = 45 (0x2d)
58.1582 call 0x340(73,0,0,0) = 45 (0x2d)
58.1737 call 0x340(74,0,0,0) = 45 (0x2d)
58.2057 call 0x340(75,0,0,0) = 20 (0x14)
58.2381 call 0x340(76,0,0,0) = 15 (0xf)
58.2537 call 0x340(77,0,0,0) = 25 (0x19)
58.2697 call 0x340(78,0,0,0) = 15 (0xf)
58.2857 call 0x340(79,0,0,0) = 45 (0x2d)
58.3180 call 0x340(80,0,0,0) = 40 (0x28)
58.3337 call 0x340(81,0,0,0) = 25 (0x19)
58.3657 call 0x340(82,0,0,0) = 1 (0x1)
58.3981 call 0x340(83,0,0,0) = 5 (0x5)
58.4138 call 0x340(84,0,0,0) = 0 (0x0)
58.4297 call 0x340(85,0,0,0) = 0 (0x0)
58.4617 call 0x340(86,0,0,0) = 0 (0x0)
58.4781 call 0x340(87,0,0,0) = 1 (0x1)
58.5097 call 0x340(88,0,0,0) = 1 (0x1)
58.5257 call 0x340(89,0,0,0) = 1 (0x1)
58.5417 call 0x340(90,0,0,0) = 20 (0x14)
58.5581 call 0x340(91,0,0,0) = 0 (0x0)
58.5897 call 0x340(92,0,0,0) = 0 (0x0)
58.6217 call 0x340(93,0,0,0) = 327681 (0x50001)
58.6381 call 0x340(94,0,0,0) = 0 (0x0)
58.6539 call 0x340(95,0,0,0) = 0 (0x0)
58.6699 call 0x340(96,0,0,0) = 3 (0x3)
58.7017 call 0x340(97,0,0,0) = 0 (0x0)
58.7181 call 0x340(98,0,0,0) = 0 (0x0)
58.7980 country 24 -> 0x5350 returns 24
58.8137 call 0x340(1,0,0,0) = 2 (0x2)
58.8459 call 0x340(2,0,0,0) = 1 (0x1)
58.8636 call 0x340(3,0,0,0) = 0 (0x0)
58.8784 call 0x340(4,0,0,0) = 1 (0x1)
58.9101 call 0x340(5,0,0,0) = 2 (0x2)
58.9261 call 0x340(6,0,0,0) = 0 (0x0)
58.9420 call 0x340(7,0,0,0) = 0 (0x0)
58.9584 call 0x340(8,0,0,0) = 0 (0x0)
58.9900 call 0x340(9,0,0,0) = 1 (0x1)
59.0220 call 0x340(10,0,0,0) = 0 (0x0)
59.0383 call 0x340(11,0,0,0) = 3 (0x3)
59.0540 call 0x340(12,0,0,0) = 10 (0xa)
59.0701 call 0x340(13,0,0,0) = 0 (0x0)
59.0860 call 0x340(14,0,0,0) = 1 (0x1)
59.1183 call 0x340(15,0,0,0) = 20000000 (0x1312d00)
59.1339 call 0x340(16,0,0,0) = 60000000 (0x3938700)
59.1661 call 0x340(17,0,0,0) = 15000000 (0xe4e1c0)
59.1821 call 0x340(18,0,0,0) = 30000000 (0x1c9c380)
59.1983 call 0x340(19,0,0,0) = 45000000 (0x2aea540)
59.2140 call 0x340(20,0,0,0) = 60000000 (0x3938700)
59.2460 call 0x340(21,0,0,0) = 1 (0x1)
59.2783 call 0x340(22,0,0,0) = 1 (0x1)
59.2940 call 0x340(23,0,0,0) = 0 (0x0)
59.3100 call 0x340(24,0,0,0) = 10 (0xa)
59.3260 call 0x340(25,0,0,0) = 5 (0x5)
59.3584 call 0x340(26,0,0,0) = 5 (0x5)
59.3740 call 0x340(27,0,0,0) = 25 (0x19)
59.4060 call 0x340(28,0,0,0) = 50 (0x32)
59.4221 call 0x340(29,0,0,0) = 0 (0x0)
59.4385 call 0x340(30,0,0,0) = 9 (0x9)
59.4540 call 0x340(31,0,0,0) = 3 (0x3)
59.4860 call 0x340(32,0,0,0) = 2 (0x2)
59.5183 call 0x340(33,0,0,0) = 30 (0x1e)
59.5340 call 0x340(34,0,0,0) = 0 (0x0)
59.5500 call 0x340(35,0,0,0) = 2 (0x2)
59.5660 call 0x340(36,0,0,0) = 1 (0x1)
59.5984 call 0x340(37,0,0,0) = 0 (0x0)
59.6140 call 0x340(38,0,0,0) = 5 (0x5)
59.6460 call 0x340(39,0,0,0) = 0 (0x0)
59.6783 call 0x340(40,0,0,0) = 0 (0x0)
59.6941 call 0x340(41,0,0,0) = 0 (0x0)
59.7100 call 0x340(42,0,0,0) = 0 (0x0)
59.7420 call 0x340(43,0,0,0) = 1 (0x1)
59.7583 call 0x340(44,0,0,0) = 0 (0x0)
59.7900 call 0x340(45,0,0,0) = 0 (0x0)
59.8060 call 0x340(46,0,0,0) = 1 (0x1)
59.8220 call 0x340(47,0,0,0) = 0 (0x0)
59.8384 call 0x340(48,0,0,0) = 1 (0x1)
59.8700 call 0x340(49,0,0,0) = 75000000 (0x47868c0)
59.9020 call 0x340(50,0,0,0) = 55000000 (0x3473bc0)
59.9184 call 0x340(51,0,0,0) = 40000000 (0x2625a00)
59.9341 call 0x340(52,0,0,0) = 30000000 (0x1c9c380)
59.9501 call 0x340(53,0,0,0) = 25000000 (0x17d7840)
59.9820 call 0x340(54,0,0,0) = 0 (0x0)
59.9983 call 0x340(55,0,0,0) = 1 (0x1)
60.0300 call 0x340(56,0,0,0) = 1 (0x1)
60.0621 call 0x340(57,0,0,0) = 0 (0x0)
60.0780 call 0x340(58,0,0,0) = 0 (0x0)
60.0940 call 0x340(59,0,0,0) = 0 (0x0)
60.1259 call 0x340(60,0,0,0) = 0 (0x0)
60.1580 call 0x340(61,0,0,0) = 2000 (0x7d0)
60.1901 call 0x340(62,0,0,0) = 30 (0x1e)
60.2061 call 0x340(63,0,0,0) = 1 (0x1)
60.2220 call 0x340(64,0,0,0) = 0 (0x0)
60.2540 call 0x340(65,0,0,0) = 0 (0x0)
60.2860 call 0x340(66,0,0,0) = 3 (0x3)
60.3180 call 0x340(67,0,0,0) = 1 (0x1)
60.3340 call 0x340(68,0,0,0) = 0 (0x0)
60.3500 call 0x340(69,0,0,0) = 0 (0x0)
60.3819 call 0x340(70,0,0,0) = 0 (0x0)
60.4140 call 0x340(71,0,0,0) = 2 (0x2)
60.4461 call 0x340(72,0,0,0) = 45 (0x2d)
60.4621 call 0x340(73,0,0,0) = 45 (0x2d)
60.4780 call 0x340(74,0,0,0) = 45 (0x2d)
60.5099 call 0x340(75,0,0,0) = 20 (0x14)
60.5420 call 0x340(76,0,0,0) = 15 (0xf)
60.5740 call 0x340(77,0,0,0) = 25 (0x19)
60.5900 call 0x340(78,0,0,0) = 15 (0xf)
60.6060 call 0x340(79,0,0,0) = 45 (0x2d)
60.6380 call 0x340(80,0,0,0) = 40 (0x28)
60.6700 call 0x340(81,0,0,0) = 25 (0x19)
60.7021 call 0x340(82,0,0,0) = 1 (0x1)
60.7181 call 0x340(83,0,0,0) = 5 (0x5)
60.7340 call 0x340(84,0,0,0) = 0 (0x0)
60.7659 call 0x340(85,0,0,0) = 0 (0x0)
60.7980 call 0x340(86,0,0,0) = 0 (0x0)
60.8300 call 0x340(87,0,0,0) = 1 (0x1)
60.8460 call 0x340(88,0,0,0) = 1 (0x1)
60.8622 call 0x340(89,0,0,0) = 1 (0x1)
60.8799 call 0x340(90,0,0,0) = 20 (0x14)
60.9102 call 0x340(91,0,0,0) = 0 (0x0)
60.9422 call 0x340(92,0,0,0) = 0 (0x0)
60.9584 call 0x340(93,0,0,0) = 327681 (0x50001)
60.9744 call 0x340(94,0,0,0) = 0 (0x0)
61.0062 call 0x340(95,0,0,0) = 0 (0x0)
61.0382 call 0x340(96,0,0,0) = 3 (0x3)
61.0702 call 0x340(97,0,0,0) = 0 (0x0)
61.0862 call 0x340(98,0,0,0) = 0 (0x0)
61.1662 country 25 -> 0x5350 returns 25
61.1822 call 0x340(1,0,0,0) = 2 (0x2)
61.2144 call 0x340(2,0,0,0) = 1 (0x1)
61.2304 call 0x340(3,0,0,0) = 0 (0x0)
61.2462 call 0x340(4,0,0,0) = 1 (0x1)
61.2782 call 0x340(5,0,0,0) = 2 (0x2)
61.3102 call 0x340(6,0,0,0) = 0 (0x0)
61.3422 call 0x340(7,0,0,0) = 0 (0x0)
61.3582 call 0x340(8,0,0,0) = 0 (0x0)
61.3742 call 0x340(9,0,0,0) = 1 (0x1)
61.4062 call 0x340(10,0,0,0) = 0 (0x0)
61.4382 call 0x340(11,0,0,0) = 3 (0x3)
61.4704 call 0x340(12,0,0,0) = 10 (0xa)
61.4863 call 0x340(13,0,0,0) = 0 (0x0)
61.5022 call 0x340(14,0,0,0) = 1 (0x1)
61.5342 call 0x340(15,0,0,0) = 20000000 (0x1312d00)
61.5502 call 0x340(16,0,0,0) = 60000000 (0x3938700)
61.5822 call 0x340(17,0,0,0) = 15000000 (0xe4e1c0)
61.5982 call 0x340(18,0,0,0) = 30000000 (0x1c9c380)
61.6142 call 0x340(19,0,0,0) = 45000000 (0x2aea540)
61.6462 call 0x340(20,0,0,0) = 60000000 (0x3938700)
61.6782 call 0x340(21,0,0,0) = 1 (0x1)
61.7102 call 0x340(22,0,0,0) = 1 (0x1)
61.7264 call 0x340(23,0,0,0) = 0 (0x0)
61.7423 call 0x340(24,0,0,0) = 10 (0xa)
61.7742 call 0x340(25,0,0,0) = 5 (0x5)
61.8062 call 0x340(26,0,0,0) = 5 (0x5)
61.8382 call 0x340(27,0,0,0) = 25 (0x19)
61.8542 call 0x340(28,0,0,0) = 43 (0x2b)
61.8702 call 0x340(29,0,0,0) = 0 (0x0)
61.8862 call 0x340(30,0,0,0) = 9 (0x9)
61.9182 call 0x340(31,0,0,0) = 3 (0x3)
61.9502 call 0x340(32,0,0,0) = 2 (0x2)
61.9823 call 0x340(33,0,0,0) = 30 (0x1e)
61.9983 call 0x340(34,0,0,0) = 0 (0x0)
62.0142 call 0x340(35,0,0,0) = 2 (0x2)
62.0463 call 0x340(36,0,0,0) = 1 (0x1)
62.0782 call 0x340(37,0,0,0) = 0 (0x0)
62.1102 call 0x340(38,0,0,0) = 5 (0x5)
62.1262 call 0x340(39,0,0,0) = 0 (0x0)
62.1422 call 0x340(40,0,0,0) = 0 (0x0)
62.1742 call 0x340(41,0,0,0) = 0 (0x0)
62.1902 call 0x340(42,0,0,0) = 0 (0x0)
62.2222 call 0x340(43,0,0,0) = 1 (0x1)
62.2384 call 0x340(44,0,0,0) = 0 (0x0)
62.2543 call 0x340(45,0,0,0) = 0 (0x0)
62.2862 call 0x340(46,0,0,0) = 1 (0x1)
62.3182 call 0x340(47,0,0,0) = 0 (0x0)
62.3502 call 0x340(48,0,0,0) = 1 (0x1)
62.3662 call 0x340(49,0,0,0) = 75000000 (0x47868c0)
62.3822 call 0x340(50,0,0,0) = 55000000 (0x3473bc0)
62.4142 call 0x340(51,0,0,0) = 40000000 (0x2625a00)
62.4462 call 0x340(52,0,0,0) = 30000000 (0x1c9c380)
62.4622 call 0x340(53,0,0,0) = 25000000 (0x17d7840)
62.4943 call 0x340(54,0,0,0) = 0 (0x0)
62.5103 call 0x340(55,0,0,0) = 1 (0x1)
62.5262 call 0x340(56,0,0,0) = 1 (0x1)
62.5582 call 0x340(57,0,0,0) = 0 (0x0)
62.5902 call 0x340(58,0,0,0) = 0 (0x0)
62.6222 call 0x340(59,0,0,0) = 0 (0x0)
62.6382 call 0x340(60,0,0,0) = 0 (0x0)
62.6542 call 0x340(61,0,0,0) = 2000 (0x7d0)
62.6862 call 0x340(62,0,0,0) = 30 (0x1e)
62.7182 call 0x340(63,0,0,0) = 1 (0x1)
62.7503 call 0x340(64,0,0,0) = 0 (0x0)
62.7663 call 0x340(65,0,0,0) = 0 (0x0)
62.7822 call 0x340(66,0,0,0) = 3 (0x3)
62.8142 call 0x340(67,0,0,0) = 1 (0x1)
62.8462 call 0x340(68,0,0,0) = 0 (0x0)
62.8782 call 0x340(69,0,0,0) = 0 (0x0)
62.8961 call 0x340(70,0,0,0) = 0 (0x0)
62.9105 call 0x340(71,0,0,0) = 2 (0x2)
62.9425 call 0x340(72,0,0,0) = 45 (0x2d)
62.9745 call 0x340(73,0,0,0) = 45 (0x2d)
63.0066 call 0x340(74,0,0,0) = 45 (0x2d)
63.0226 call 0x340(75,0,0,0) = 20 (0x14)
63.0386 call 0x340(76,0,0,0) = 15 (0xf)
63.0705 call 0x340(77,0,0,0) = 25 (0x19)
63.1025 call 0x340(78,0,0,0) = 15 (0xf)
63.1344 call 0x340(79,0,0,0) = 45 (0x2d)
63.1504 call 0x340(80,0,0,0) = 40 (0x28)
63.1665 call 0x340(81,0,0,0) = 25 (0x19)
63.1985 call 0x340(82,0,0,0) = 1 (0x1)
63.2305 call 0x340(83,0,0,0) = 5 (0x5)
63.2626 call 0x340(84,0,0,0) = 0 (0x0)
63.2786 call 0x340(85,0,0,0) = 0 (0x0)
63.2945 call 0x340(86,0,0,0) = 0 (0x0)
63.3265 call 0x340(87,0,0,0) = 1 (0x1)
63.3585 call 0x340(88,0,0,0) = 1 (0x1)
63.3904 call 0x340(89,0,0,0) = 1 (0x1)
63.4065 call 0x340(90,0,0,0) = 20 (0x14)
63.4225 call 0x340(91,0,0,0) = 0 (0x0)
63.4545 call 0x340(92,0,0,0) = 0 (0x0)
63.4865 call 0x340(93,0,0,0) = 327681 (0x50001)
63.5025 call 0x340(94,0,0,0) = 0 (0x0)
63.5186 call 0x340(95,0,0,0) = 0 (0x0)
63.5346 call 0x340(96,0,0,0) = 3 (0x3)
63.5665 call 0x340(97,0,0,0) = 0 (0x0)
63.5985 call 0x340(98,0,0,0) = 0 (0x0)
63.6625 country 26 -> 0x5350 returns 26
63.6945 call 0x340(1,0,0,0) = 2 (0x2)
63.7105 call 0x340(2,0,0,0) = 1 (0x1)
63.7425 call 0x340(3,0,0,0) = 0 (0x0)
63.7746 call 0x340(4,0,0,0) = 1 (0x1)
63.7906 call 0x340(5,0,0,0) = 2 (0x2)
63.8065 call 0x340(6,0,0,0) = 0 (0x0)
63.8385 call 0x340(7,0,0,0) = 0 (0x0)
63.8705 call 0x340(8,0,0,0) = 0 (0x0)
63.9024 call 0x340(9,0,0,0) = 1 (0x1)
63.9185 call 0x340(10,0,0,0) = 1 (0x1)
63.9345 call 0x340(11,0,0,0) = 3 (0x3)
63.9665 call 0x340(12,0,0,0) = 10 (0xa)
63.9984 call 0x340(13,0,0,0) = 0 (0x0)
64.0307 call 0x340(14,0,0,0) = 1 (0x1)
64.0466 call 0x340(15,0,0,0) = 20000000 (0x1312d00)
64.0625 call 0x340(16,0,0,0) = 60000000 (0x3938700)
64.0945 call 0x340(17,0,0,0) = 15000000 (0xe4e1c0)
64.1105 call 0x340(18,0,0,0) = 30000000 (0x1c9c380)
64.1425 call 0x340(19,0,0,0) = 45000000 (0x2aea540)
64.1585 call 0x340(20,0,0,0) = 60000000 (0x3938700)
64.1745 call 0x340(21,0,0,0) = 1 (0x1)
64.2065 call 0x340(22,0,0,0) = 1 (0x1)
64.2385 call 0x340(23,0,0,0) = 0 (0x0)
64.2545 call 0x340(24,0,0,0) = 10 (0xa)
64.2866 call 0x340(25,0,0,0) = 5 (0x5)
64.3026 call 0x340(26,0,0,0) = 5 (0x5)
64.3185 call 0x340(27,0,0,0) = 25 (0x19)
64.3505 call 0x340(28,0,0,0) = 7 (0x7)
64.3825 call 0x340(29,0,0,0) = 0 (0x0)
64.4145 call 0x340(30,0,0,0) = 9 (0x9)
64.4305 call 0x340(31,0,0,0) = 3 (0x3)
64.4465 call 0x340(32,0,0,0) = 2 (0x2)
64.4785 call 0x340(33,0,0,0) = 30 (0x1e)
64.5105 call 0x340(34,0,0,0) = 0 (0x0)
64.5426 call 0x340(35,0,0,0) = 2 (0x2)
64.5586 call 0x340(36,0,0,0) = 1 (0x1)
64.5745 call 0x340(37,0,0,0) = 0 (0x0)
64.6065 call 0x340(38,0,0,0) = 5 (0x5)
64.6384 call 0x340(39,0,0,0) = 0 (0x0)
64.6705 call 0x340(40,0,0,0) = 0 (0x0)
64.6865 call 0x340(41,0,0,0) = 0 (0x0)
64.7025 call 0x340(42,0,0,0) = 0 (0x0)
64.7345 call 0x340(43,0,0,0) = 1 (0x1)
64.7664 call 0x340(44,0,0,0) = 0 (0x0)
64.7825 call 0x340(45,0,0,0) = 0 (0x0)
64.7986 call 0x340(46,0,0,0) = 1 (0x1)
64.8146 call 0x340(47,0,0,0) = 0 (0x0)
64.8465 call 0x340(48,0,0,0) = 1 (0x1)
64.8625 call 0x340(49,0,0,0) = 75000000 (0x47868c0)
64.8946 call 0x340(50,0,0,0) = 55000000 (0x3473bc0)
64.9124 call 0x340(51,0,0,0) = 40000000 (0x2625a00)
64.9267 call 0x340(52,0,0,0) = 30000000 (0x1c9c380)
64.9427 call 0x340(53,0,0,0) = 25000000 (0x17d7840)
64.9587 call 0x340(54,0,0,0) = 0 (0x0)
64.9907 call 0x340(55,0,0,0) = 1 (0x1)
65.0067 call 0x340(56,0,0,0) = 1 (0x1)
65.0387 call 0x340(57,0,0,0) = 0 (0x0)
65.0548 call 0x340(58,0,0,0) = 0 (0x0)
65.0708 call 0x340(59,0,0,0) = 0 (0x0)
65.0867 call 0x340(60,0,0,0) = 0 (0x0)
65.1187 call 0x340(61,0,0,0) = 2000 (0x7d0)
65.1347 call 0x340(62,0,0,0) = 30 (0x1e)
65.1667 call 0x340(63,0,0,0) = 1 (0x1)
65.1827 call 0x340(64,0,0,0) = 0 (0x0)
65.1987 call 0x340(65,0,0,0) = 0 (0x0)
65.2147 call 0x340(66,0,0,0) = 3 (0x3)
65.2467 call 0x340(67,0,0,0) = 1 (0x1)
65.2627 call 0x340(68,0,0,0) = 0 (0x0)
65.2947 call 0x340(69,0,0,0) = 0 (0x0)
65.3108 call 0x340(70,0,0,0) = 0 (0x0)
65.3268 call 0x340(71,0,0,0) = 2 (0x2)
65.3427 call 0x340(72,0,0,0) = 45 (0x2d)
65.3747 call 0x340(73,0,0,0) = 45 (0x2d)
65.3907 call 0x340(74,0,0,0) = 45 (0x2d)
65.4227 call 0x340(75,0,0,0) = 20 (0x14)
65.4387 call 0x340(76,0,0,0) = 15 (0xf)
65.4547 call 0x340(77,0,0,0) = 25 (0x19)
65.4707 call 0x340(78,0,0,0) = 15 (0xf)
65.5027 call 0x340(79,0,0,0) = 45 (0x2d)
65.5187 call 0x340(80,0,0,0) = 40 (0x28)
65.5507 call 0x340(81,0,0,0) = 25 (0x19)
65.5668 call 0x340(82,0,0,0) = 1 (0x1)
65.5828 call 0x340(83,0,0,0) = 5 (0x5)
65.5987 call 0x340(84,0,0,0) = 0 (0x0)
65.6307 call 0x340(85,0,0,0) = 0 (0x0)
65.6467 call 0x340(86,0,0,0) = 0 (0x0)
65.6787 call 0x340(87,0,0,0) = 1 (0x1)
65.6947 call 0x340(88,0,0,0) = 1 (0x1)
65.7107 call 0x340(89,0,0,0) = 1 (0x1)
65.7267 call 0x340(90,0,0,0) = 20 (0x14)
65.7587 call 0x340(91,0,0,0) = 0 (0x0)
65.7747 call 0x340(92,0,0,0) = 0 (0x0)
65.8067 call 0x340(93,0,0,0) = 327681 (0x50001)
65.8228 call 0x340(94,0,0,0) = 0 (0x0)
65.8389 call 0x340(95,0,0,0) = 0 (0x0)
65.8547 call 0x340(96,0,0,0) = 3 (0x3)
65.8867 call 0x340(97,0,0,0) = 0 (0x0)
65.9027 call 0x340(98,0,0,0) = 0 (0x0)
65.9667 country 27 -> 0x5350 returns 27
65.9827 call 0x340(1,0,0,0) = 2 (0x2)
66.0148 call 0x340(2,0,0,0) = 1 (0x1)
66.0307 call 0x340(3,0,0,0) = 0 (0x0)
66.0627 call 0x340(4,0,0,0) = 1 (0x1)
66.0789 call 0x340(5,0,0,0) = 2 (0x2)
66.0949 call 0x340(6,0,0,0) = 0 (0x0)
66.1107 call 0x340(7,0,0,0) = 0 (0x0)
66.1427 call 0x340(8,0,0,0) = 0 (0x0)
66.1587 call 0x340(9,0,0,0) = 1 (0x1)
66.1907 call 0x340(10,0,0,0) = 0 (0x0)
66.2067 call 0x340(11,0,0,0) = 3 (0x3)
66.2227 call 0x340(12,0,0,0) = 10 (0xa)
66.2547 call 0x340(13,0,0,0) = 0 (0x0)
66.2867 call 0x340(14,0,0,0) = 1 (0x1)
66.3187 call 0x340(15,0,0,0) = 20000000 (0x1312d00)
66.3349 call 0x340(16,0,0,0) = 60000000 (0x3938700)
66.3509 call 0x340(17,0,0,0) = 15000000 (0xe4e1c0)
66.3667 call 0x340(18,0,0,0) = 30000000 (0x1c9c380)
66.3987 call 0x340(19,0,0,0) = 45000000 (0x2aea540)
66.4307 call 0x340(20,0,0,0) = 60000000 (0x3938700)
66.4627 call 0x340(21,0,0,0) = 1 (0x1)
66.4787 call 0x340(22,0,0,0) = 1 (0x1)
66.4947 call 0x340(23,0,0,0) = 0 (0x0)
66.5267 call 0x340(24,0,0,0) = 10 (0xa)
66.5427 call 0x340(25,0,0,0) = 5 (0x5)
66.5747 call 0x340(26,0,0,0) = 5 (0x5)
66.5909 call 0x340(27,0,0,0) = 25 (0x19)
66.6069 call 0x340(28,0,0,0) = 30 (0x1e)
66.6387 call 0x340(29,0,0,0) = 0 (0x0)
66.6707 call 0x340(30,0,0,0) = 9 (0x9)
66.7027 call 0x340(31,0,0,0) = 3 (0x3)
66.7187 call 0x340(32,0,0,0) = 2 (0x2)
66.7347 call 0x340(33,0,0,0) = 30 (0x1e)
66.7507 call 0x340(34,0,0,0) = 0 (0x0)
66.7827 call 0x340(35,0,0,0) = 2 (0x2)
66.8147 call 0x340(36,0,0,0) = 1 (0x1)
66.8469 call 0x340(37,0,0,0) = 0 (0x0)
66.8628 call 0x340(38,0,0,0) = 5 (0x5)
66.8787 call 0x340(39,0,0,0) = 0 (0x0)
66.9107 call 0x340(40,0,0,0) = 0 (0x0)
66.9286 call 0x340(41,0,0,0) = 0 (0x0)
66.9430 call 0x340(42,0,0,0) = 0 (0x0)
66.9750 call 0x340(43,0,0,0) = 1 (0x1)
66.9909 call 0x340(44,0,0,0) = 0 (0x0)
67.0071 call 0x340(45,0,0,0) = 0 (0x0)
67.0390 call 0x340(46,0,0,0) = 1 (0x1)
67.0710 call 0x340(47,0,0,0) = 0 (0x0)
67.1031 call 0x340(48,0,0,0) = 1 (0x1)
67.1191 call 0x340(49,0,0,0) = 75000000 (0x47868c0)
67.1349 call 0x340(50,0,0,0) = 55000000 (0x3473bc0)
67.1670 call 0x340(51,0,0,0) = 40000000 (0x2625a00)
67.1990 call 0x340(52,0,0,0) = 30000000 (0x1c9c380)
67.2310 call 0x340(53,0,0,0) = 25000000 (0x17d7840)
67.2469 call 0x340(54,0,0,0) = 0 (0x0)
67.2630 call 0x340(55,0,0,0) = 1 (0x1)
67.2950 call 0x340(56,0,0,0) = 1 (0x1)
67.3110 call 0x340(57,0,0,0) = 0 (0x0)
67.3430 call 0x340(58,0,0,0) = 0 (0x0)
67.3591 call 0x340(59,0,0,0) = 0 (0x0)
67.3751 call 0x340(60,0,0,0) = 0 (0x0)
67.4070 call 0x340(61,0,0,0) = 2000 (0x7d0)
67.4390 call 0x340(62,0,0,0) = 30 (0x1e)
67.4710 call 0x340(63,0,0,0) = 1 (0x1)
67.4870 call 0x340(64,0,0,0) = 0 (0x0)
67.5030 call 0x340(65,0,0,0) = 0 (0x0)
67.5189 call 0x340(66,0,0,0) = 3 (0x3)
67.5510 call 0x340(67,0,0,0) = 1 (0x1)
67.5830 call 0x340(68,0,0,0) = 0 (0x0)
67.6151 call 0x340(69,0,0,0) = 0 (0x0)
67.6311 call 0x340(70,0,0,0) = 0 (0x0)
67.6470 call 0x340(71,0,0,0) = 2 (0x2)
67.6790 call 0x340(72,0,0,0) = 45 (0x2d)
67.6950 call 0x340(73,0,0,0) = 45 (0x2d)
67.7270 call 0x340(74,0,0,0) = 45 (0x2d)
67.7430 call 0x340(75,0,0,0) = 20 (0x14)
67.7590 call 0x340(76,0,0,0) = 15 (0xf)
67.7910 call 0x340(77,0,0,0) = 25 (0x19)
67.8230 call 0x340(78,0,0,0) = 15 (0xf)
67.8550 call 0x340(79,0,0,0) = 45 (0x2d)
67.8711 call 0x340(80,0,0,0) = 40 (0x28)
67.8871 call 0x340(81,0,0,0) = 25 (0x19)
67.9030 call 0x340(82,0,0,0) = 1 (0x1)
67.9350 call 0x340(83,0,0,0) = 5 (0x5)
67.9670 call 0x340(84,0,0,0) = 0 (0x0)
67.9991 call 0x340(85,0,0,0) = 0 (0x0)
68.0149 call 0x340(86,0,0,0) = 0 (0x0)
68.0310 call 0x340(87,0,0,0) = 1 (0x1)
68.0631 call 0x340(88,0,0,0) = 1 (0x1)
68.0792 call 0x340(89,0,0,0) = 1 (0x1)
68.0950 call 0x340(90,0,0,0) = 20 (0x14)
68.1271 call 0x340(91,0,0,0) = 0 (0x0)
68.1431 call 0x340(92,0,0,0) = 0 (0x0)
68.1592 call 0x340(93,0,0,0) = 327681 (0x50001)
68.1750 call 0x340(94,0,0,0) = 0 (0x0)
68.2070 call 0x340(95,0,0,0) = 0 (0x0)
68.2392 call 0x340(96,0,0,0) = 3 (0x3)
68.2549 call 0x340(97,0,0,0) = 0 (0x0)
68.2709 call 0x340(98,0,0,0) = 0 (0x0)
68.3350 country 28 -> 0x5350 returns 28
68.3670 call 0x340(1,0,0,0) = 2 (0x2)
68.3831 call 0x340(2,0,0,0) = 1 (0x1)
68.3993 call 0x340(3,0,0,0) = 0 (0x0)
68.4150 call 0x340(4,0,0,0) = 1 (0x1)
68.4470 call 0x340(5,0,0,0) = 2 (0x2)
68.4792 call 0x340(6,0,0,0) = 0 (0x0)
68.4950 call 0x340(7,0,0,0) = 0 (0x0)
68.5110 call 0x340(8,0,0,0) = 0 (0x0)
68.5270 call 0x340(9,0,0,0) = 1 (0x1)
68.5592 call 0x340(10,0,0,0) = 0 (0x0)
68.5750 call 0x340(11,0,0,0) = 3 (0x3)
68.6070 call 0x340(12,0,0,0) = 10 (0xa)
68.6392 call 0x340(13,0,0,0) = 0 (0x0)
68.6551 call 0x340(14,0,0,0) = 1 (0x1)
68.6710 call 0x340(15,0,0,0) = 20000000 (0x1312d00)
68.7030 call 0x340(16,0,0,0) = 60000000 (0x3938700)
68.7192 call 0x340(17,0,0,0) = 15000000 (0xe4e1c0)
68.7510 call 0x340(18,0,0,0) = 30000000 (0x1c9c380)
68.7670 call 0x340(19,0,0,0) = 45000000 (0x2aea540)
68.7830 call 0x340(20,0,0,0) = 60000000 (0x3938700)
68.7992 call 0x340(21,0,0,0) = 1 (0x1)
68.8310 call 0x340(22,0,0,0) = 1 (0x1)
68.8630 call 0x340(23,0,0,0) = 0 (0x0)
68.8792 call 0x340(24,0,0,0) = 10 (0xa)
68.8951 call 0x340(25,0,0,0) = 5 (0x5)
68.9111 call 0x340(26,0,0,0) = 5 (0x5)
68.9450 call 0x340(27,0,0,0) = 25 (0x19)
68.9599 call 0x340(28,0,0,0) = 38 (0x26)
68.9761 call 0x340(29,0,0,0) = 0 (0x0)
68.9925 call 0x340(30,0,0,0) = 9 (0x9)
69.0084 call 0x340(31,0,0,0) = 3 (0x3)
69.0246 call 0x340(32,0,0,0) = 2 (0x2)
69.0406 call 0x340(33,0,0,0) = 30 (0x1e)
69.0566 call 0x340(34,0,0,0) = 0 (0x0)
69.0727 call 0x340(35,0,0,0) = 2 (0x2)
69.0887 call 0x340(36,0,0,0) = 0 (0x0)
69.1046 call 0x340(37,0,0,0) = 0 (0x0)
69.1209 call 0x340(38,0,0,0) = 5 (0x5)
69.1369 call 0x340(39,0,0,0) = 0 (0x0)
69.1529 call 0x340(40,0,0,0) = 0 (0x0)
69.1689 call 0x340(41,0,0,0) = 0 (0x0)
69.1849 call 0x340(42,0,0,0) = 0 (0x0)
69.2011 call 0x340(43,0,0,0) = 1 (0x1)
69.2174 call 0x340(44,0,0,0) = 0 (0x0)
69.2336 call 0x340(45,0,0,0) = 0 (0x0)
69.2499 call 0x340(46,0,0,0) = 1 (0x1)
69.2661 call 0x340(47,0,0,0) = 0 (0x0)
69.2824 call 0x340(48,0,0,0) = 1 (0x1)
69.2986 call 0x340(49,0,0,0) = 75000000 (0x47868c0)
69.3149 call 0x340(50,0,0,0) = 55000000 (0x3473bc0)
69.3311 call 0x340(51,0,0,0) = 40000000 (0x2625a00)
69.3474 call 0x340(52,0,0,0) = 30000000 (0x1c9c380)
69.3634 call 0x340(53,0,0,0) = 25000000 (0x17d7840)
69.3796 call 0x340(54,0,0,0) = 0 (0x0)
69.3956 call 0x340(55,0,0,0) = 1 (0x1)
69.4116 call 0x340(56,0,0,0) = 1 (0x1)
69.4276 call 0x340(57,0,0,0) = 0 (0x0)
69.4437 call 0x340(58,0,0,0) = 0 (0x0)
69.4597 call 0x340(59,0,0,0) = 0 (0x0)
69.4756 call 0x340(60,0,0,0) = 0 (0x0)
69.4919 call 0x340(61,0,0,0) = 2000 (0x7d0)
69.5081 call 0x340(62,0,0,0) = 30 (0x1e)
69.5244 call 0x340(63,0,0,0) = 1 (0x1)
69.5406 call 0x340(64,0,0,0) = 0 (0x0)
69.5569 call 0x340(65,0,0,0) = 0 (0x0)
69.5731 call 0x340(66,0,0,0) = 3 (0x3)
69.5894 call 0x340(67,0,0,0) = 1 (0x1)
69.6056 call 0x340(68,0,0,0) = 0 (0x0)
69.6219 call 0x340(69,0,0,0) = 0 (0x0)
69.6381 call 0x340(70,0,0,0) = 0 (0x0)
69.6544 call 0x340(71,0,0,0) = 2 (0x2)
69.6706 call 0x340(72,0,0,0) = 45 (0x2d)
69.6867 call 0x340(73,0,0,0) = 45 (0x2d)
69.7027 call 0x340(74,0,0,0) = 45 (0x2d)
69.7187 call 0x340(75,0,0,0) = 20 (0x14)
69.7346 call 0x340(76,0,0,0) = 15 (0xf)
69.7509 call 0x340(77,0,0,0) = 25 (0x19)
69.7669 call 0x340(78,0,0,0) = 15 (0xf)
69.7829 call 0x340(79,0,0,0) = 45 (0x2d)
69.7989 call 0x340(80,0,0,0) = 40 (0x28)
69.8149 call 0x340(81,0,0,0) = 25 (0x19)
69.8309 call 0x340(82,0,0,0) = 1 (0x1)
69.8471 call 0x340(83,0,0,0) = 5 (0x5)
69.8634 call 0x340(84,0,0,0) = 0 (0x0)
69.8796 call 0x340(85,0,0,0) = 0 (0x0)
69.8959 call 0x340(86,0,0,0) = 0 (0x0)
69.9121 call 0x340(87,0,0,0) = 1 (0x1)
69.9284 call 0x340(88,0,0,0) = 1 (0x1)
69.9446 call 0x340(89,0,0,0) = 1 (0x1)
69.9609 call 0x340(90,0,0,0) = 20 (0x14)
69.9771 call 0x340(91,0,0,0) = 0 (0x0)
69.9935 call 0x340(92,0,0,0) = 0 (0x0)
70.0094 call 0x340(93,0,0,0) = 327681 (0x50001)
70.0254 call 0x340(94,0,0,0) = 0 (0x0)
70.0414 call 0x340(95,0,0,0) = 0 (0x0)
70.0574 call 0x340(96,0,0,0) = 3 (0x3)
70.0734 call 0x340(97,0,0,0) = 0 (0x0)
70.0894 call 0x340(98,0,0,0) = 0 (0x0)
70.1376 country 0 -> 0x5350 returns 0
70.1536 call 0x340(28,0,0,0) = 66 (0x42)
70.1699 call 0x340(10,0,0,0) = 1 (0x1)
70.3804 end
